match_id,map_name,date,team1,team2,diff_win_rate,team1_rounds,team2_rounds
220296,Fracture,2023-06-11 01:45:00,DRX,Attacking Soul Esports,0.0,13,10
220296,Pearl,2023-06-11 01:45:00,DRX,Attacking Soul Esports,0.0,13,7
220298,Fracture,2023-06-12 02:30:00,DRX,Evil Geniuses,0.5,9,13
220298,Lotus,2023-06-12 02:30:00,DRX,Evil Geniuses,0.5,4,13
220298,Fracture,2023-06-12 02:30:00,DRX,Evil Geniuses,0.5,5,13
220298,Ascent,2023-06-12 02:30:00,DRX,Evil Geniuses,0.5,9,13
220299,Haven,2023-06-13 02:45:00,Attacking Soul Esports,FUT Esports,-0.5,13,8
220299,Ascent,2023-06-13 02:45:00,Attacking Soul Esports,FUT Esports,-0.5,5,13
220299,Lotus,2023-06-13 02:45:00,Attacking Soul Esports,FUT Esports,-0.5,6,13
220294,Pearl,2023-06-13 05:45:00,Natus Vincere,EDward Gaming,-0.5,15,17
220294,Bind,2023-06-13 05:45:00,Natus Vincere,EDward Gaming,-0.5,12,14
220300,Bind,2023-06-13 23:00:00,DRX,FUT Esports,-0.5,9,13
220300,Fracture,2023-06-13 23:00:00,DRX,FUT Esports,-0.5,13,8
220300,Haven,2023-06-13 23:00:00,DRX,FUT Esports,-0.5,13,4
220295,Fracture,2023-06-14 02:15:00,T1,EDward Gaming,-1.0,4,13
220295,Haven,2023-06-14 02:15:00,T1,EDward Gaming,-1.0,6,13
220444,Fracture,2023-06-15 23:00:00,LOUD,Evil Geniuses,-0.5,7,13
220444,Ascent,2023-06-15 23:00:00,LOUD,Evil Geniuses,-0.5,5,13
220444,Fracture,2023-06-15 23:00:00,LOUD,Evil Geniuses,-0.5,13,9
220444,Ascent,2023-06-15 23:00:00,LOUD,Evil Geniuses,-0.5,11,13
220444,Bind,2023-06-15 23:00:00,LOUD,Evil Geniuses,-0.5,13,3
220443,Haven,2023-06-16 01:30:00,Team Liquid,EDward Gaming,-0.5,13,9
220443,Split,2023-06-16 01:30:00,Team Liquid,EDward Gaming,-0.5,8,13
220443,Lotus,2023-06-16 01:30:00,Team Liquid,EDward Gaming,-0.5,13,11
220441,Split,2023-06-17 01:30:00,Paper Rex,DRX,-0.16666666666666663,13,10
220441,Bind,2023-06-17 01:30:00,Paper Rex,DRX,-0.16666666666666663,13,10
220441,Ascent,2023-06-17 01:30:00,Paper Rex,DRX,-0.16666666666666663,5,13
220441,Split,2023-06-17 01:30:00,Paper Rex,DRX,-0.16666666666666663,10,13
220441,Fracture,2023-06-17 01:30:00,Paper Rex,DRX,-0.16666666666666663,6,13
220441,Ascent,2023-06-17 01:30:00,Paper Rex,DRX,-0.16666666666666663,14,16
220441,Pearl,2023-06-17 01:30:00,Paper Rex,DRX,-0.16666666666666663,13,8
220441,Bind,2023-06-17 01:30:00,Paper Rex,DRX,-0.16666666666666663,13,6
220441,Lotus,2023-06-17 01:30:00,Paper Rex,DRX,-0.16666666666666663,13,3
220450,Lotus,2023-06-17 23:00:00,EDward Gaming,LOUD,0.6666666666666666,13,6
220450,Fracture,2023-06-17 23:00:00,EDward Gaming,LOUD,0.6666666666666666,13,10
220446,Fracture,2023-06-18 23:00:00,Team Liquid,Evil Geniuses,0.0,2,13
220446,Haven,2023-06-18 23:00:00,Team Liquid,Evil Geniuses,0.0,9,13
220452,Fracture,2023-06-20 02:45:00,Paper Rex,EDward Gaming,-0.25,13,7
220452,Pearl,2023-06-20 02:45:00,Paper Rex,EDward Gaming,-0.25,16,14
220452,Fracture,2023-06-20 02:45:00,Paper Rex,EDward Gaming,-0.25,14,12
220452,Split,2023-06-20 02:45:00,Paper Rex,EDward Gaming,-0.25,9,13
220452,Lotus,2023-06-20 02:45:00,Paper Rex,EDward Gaming,-0.25,13,8
220454,Fracture,2023-06-23 23:00:00,Evil Geniuses,Paper Rex,0.0,13,7
220454,Lotus,2023-06-23 23:00:00,Evil Geniuses,Paper Rex,0.0,12,14
220454,Split,2023-06-23 23:00:00,Evil Geniuses,Paper Rex,0.0,10,13
220454,Pearl,2023-06-23 23:00:00,Evil Geniuses,Paper Rex,0.0,13,6
220454,Ascent,2023-06-23 23:00:00,Evil Geniuses,Paper Rex,0.0,13,8
248271,Ascent,2023-08-16 17:25:00,Paper Rex,FUT Esports,0.09999999999999998,13,10
248271,Pearl,2023-08-16 17:25:00,Paper Rex,FUT Esports,0.09999999999999998,13,4
248272,Lotus,2023-08-17 15:00:00,DRX,Bilibili Gaming,-0.09999999999999998,13,10
248272,Haven,2023-08-17 15:00:00,DRX,Bilibili Gaming,-0.09999999999999998,13,9
295606,Icebox,2024-02-16 20:00:00,Cloud9,MIBR,0.0,14,12
295606,Sunset,2024-02-16 20:00:00,Cloud9,MIBR,0.0,13,9
295606,Bind,2024-02-16 20:00:00,Cloud9,MIBR,0.0,13,11
295606,Split,2024-02-16 20:00:00,Cloud9,MIBR,0.0,8,13
295606,Lotus,2024-02-16 20:00:00,Cloud9,MIBR,0.0,13,10
295606,Bind,2024-02-16 20:00:00,Cloud9,MIBR,0.0,12,14
295606,Ascent,2024-02-16 20:00:00,Cloud9,MIBR,0.0,9,13
296735,Bind,2024-02-17 01:00:00,T1,BLEED,-0.5,13,11
296735,Lotus,2024-02-17 01:00:00,T1,BLEED,-0.5,9,13
296735,Ascent,2024-02-17 01:00:00,T1,BLEED,-0.5,13,8
296735,Breeze,2024-02-17 01:00:00,T1,BLEED,-0.5,18,16
296735,Lotus,2024-02-17 01:00:00,T1,BLEED,-0.5,13,6
296745,Haven,2024-02-17 08:45:00,Gen.G,Rex Regum Qeon,0.0,13,8
296745,Bind,2024-02-17 08:45:00,Gen.G,Rex Regum Qeon,0.0,13,11
296745,Breeze,2024-02-17 08:45:00,Gen.G,Rex Regum Qeon,0.0,13,3
296745,Ascent,2024-02-17 08:45:00,Gen.G,Rex Regum Qeon,0.0,11,13
296745,Split,2024-02-17 08:45:00,Gen.G,Rex Regum Qeon,0.0,10,13
296745,Icebox,2024-02-17 08:45:00,Gen.G,Rex Regum Qeon,0.0,13,11
296745,Split,2024-02-17 08:45:00,Gen.G,Rex Regum Qeon,0.0,11,13
296745,Sunset,2024-02-17 08:45:00,Gen.G,Rex Regum Qeon,0.0,13,8
296745,Lotus,2024-02-17 08:45:00,Gen.G,Rex Regum Qeon,0.0,13,7
296745,Breeze,2024-02-17 08:45:00,Gen.G,Rex Regum Qeon,0.0,10,13
296745,Icebox,2024-02-17 08:45:00,Gen.G,Rex Regum Qeon,0.0,13,11
295610,Split,2024-02-17 17:00:00,LOUD,Sentinels,-0.16666666666666669,13,11
295610,Ascent,2024-02-17 17:00:00,LOUD,Sentinels,-0.16666666666666669,13,9
295610,Sunset,2024-02-17 17:00:00,LOUD,Sentinels,-0.16666666666666669,9,13
295610,Split,2024-02-17 17:00:00,LOUD,Sentinels,-0.16666666666666669,3,13
295610,Icebox,2024-02-17 17:00:00,LOUD,Sentinels,-0.16666666666666669,13,11
295610,Bind,2024-02-17 17:00:00,LOUD,Sentinels,-0.16666666666666669,13,8
295610,Lotus,2024-02-17 17:00:00,LOUD,Sentinels,-0.16666666666666669,4,13
295611,Bind,2024-02-17 19:35:00,LEVIATÁN,100 Thieves,0.0,13,10
295611,Haven,2024-02-17 19:35:00,LEVIATÁN,100 Thieves,0.0,13,4
295611,Bind,2024-02-17 19:35:00,LEVIATÁN,100 Thieves,0.0,3,13
295611,Sunset,2024-02-17 19:35:00,LEVIATÁN,100 Thieves,0.0,14,12
295611,Icebox,2024-02-17 19:35:00,LEVIATÁN,100 Thieves,0.0,10,13
295611,Bind,2024-02-17 19:35:00,LEVIATÁN,100 Thieves,0.0,13,9
295611,Split,2024-02-17 19:35:00,LEVIATÁN,100 Thieves,0.0,3,13
295611,Icebox,2024-02-17 19:35:00,LEVIATÁN,100 Thieves,0.0,13,11
296730,Bind,2024-02-18 01:00:00,ZETA DIVISION,Global Esports,0.0,13,10
296730,Icebox,2024-02-18 01:00:00,ZETA DIVISION,Global Esports,0.0,13,7
296730,Bind,2024-02-18 01:00:00,ZETA DIVISION,Global Esports,0.0,13,8
296730,Lotus,2024-02-18 01:00:00,ZETA DIVISION,Global Esports,0.0,13,3
296731,Lotus,2024-02-18 03:30:00,Team Secret,Talon Esports,0.0,11,13
296731,Abyss,2024-02-18 03:30:00,Team Secret,Talon Esports,0.0,11,13
296731,Sunset,2024-02-18 03:30:00,Team Secret,Talon Esports,0.0,13,11
296731,Lotus,2024-02-18 03:30:00,Team Secret,Talon Esports,0.0,11,13
296731,Breeze,2024-02-18 03:30:00,Team Secret,Talon Esports,0.0,10,13
296731,Breeze,2024-02-18 03:30:00,Team Secret,Talon Esports,0.0,8,13
296731,Ascent,2024-02-18 03:30:00,Team Secret,Talon Esports,0.0,3,13
296736,Icebox,2024-02-18 05:30:00,DRX,DetonatioN FocusMe,0.0,13,7
296736,Ascent,2024-02-18 05:30:00,DRX,DetonatioN FocusMe,0.0,6,13
296736,Haven,2024-02-18 05:30:00,DRX,DetonatioN FocusMe,0.0,13,2
296736,Lotus,2024-02-18 05:30:00,DRX,DetonatioN FocusMe,0.0,13,8
296736,Breeze,2024-02-18 05:30:00,DRX,DetonatioN FocusMe,0.0,13,8
296747,Lotus,2024-02-19 01:00:00,Gen.G,Paper Rex,0.33333333333333337,13,11
296747,Icebox,2024-02-19 01:00:00,Gen.G,Paper Rex,0.33333333333333337,11,13
296747,Bind,2024-02-19 01:00:00,Gen.G,Paper Rex,0.33333333333333337,6,13
296747,Split,2024-02-19 01:00:00,Gen.G,Paper Rex,0.33333333333333337,13,8
296747,Lotus,2024-02-19 01:00:00,Gen.G,Paper Rex,0.33333333333333337,13,9
296747,Breeze,2024-02-19 01:00:00,Gen.G,Paper Rex,0.33333333333333337,13,10
296747,Lotus,2024-02-19 01:00:00,Gen.G,Paper Rex,0.33333333333333337,10,13
296747,Sunset,2024-02-19 01:00:00,Gen.G,Paper Rex,0.33333333333333337,7,13
296738,Sunset,2024-02-19 04:15:00,BLEED,Global Esports,0.0,9,13
296738,Icebox,2024-02-19 04:15:00,BLEED,Global Esports,0.0,13,10
296738,Split,2024-02-19 04:15:00,BLEED,Global Esports,0.0,11,13
296737,Bind,2024-02-19 08:00:00,T1,ZETA DIVISION,-0.6666666666666667,11,13
296737,Lotus,2024-02-19 08:00:00,T1,ZETA DIVISION,-0.6666666666666667,13,9
296737,Sunset,2024-02-19 08:00:00,T1,ZETA DIVISION,-0.6666666666666667,13,10
296737,Ascent,2024-02-19 08:00:00,T1,ZETA DIVISION,-0.6666666666666667,11,13
296737,Lotus,2024-02-19 08:00:00,T1,ZETA DIVISION,-0.6666666666666667,13,4
296737,Sunset,2024-02-19 08:00:00,T1,ZETA DIVISION,-0.6666666666666667,13,7
295608,Split,2024-02-19 17:00:00,FURIA,MIBR,0.0,9,13
295608,Breeze,2024-02-19 17:00:00,FURIA,MIBR,0.0,11,13
295613,Haven,2024-02-19 19:45:00,Sentinels,100 Thieves,0.0,7,13
295613,Ascent,2024-02-19 19:45:00,Sentinels,100 Thieves,0.0,10,13
295613,Icebox,2024-02-19 19:45:00,Sentinels,100 Thieves,0.0,13,10
295613,Split,2024-02-19 19:45:00,Sentinels,100 Thieves,0.0,13,6
295613,Lotus,2024-02-19 19:45:00,Sentinels,100 Thieves,0.0,13,5
295613,Bind,2024-02-19 19:45:00,Sentinels,100 Thieves,0.0,6,13
295613,Split,2024-02-19 19:45:00,Sentinels,100 Thieves,0.0,13,8
296733,Lotus,2024-02-20 03:00:00,DetonatioN FocusMe,Team Secret,0.0,7,13
296733,Breeze,2024-02-20 03:00:00,DetonatioN FocusMe,Team Secret,0.0,11,13
296732,Ascent,2024-02-20 05:20:00,DRX,Talon Esports,-0.4285714285714286,11,13
296732,Haven,2024-02-20 05:20:00,DRX,Talon Esports,-0.4285714285714286,13,10
296732,Icebox,2024-02-20 05:20:00,DRX,Talon Esports,-0.4285714285714286,13,5
296732,Ascent,2024-02-20 05:20:00,DRX,Talon Esports,-0.4285714285714286,13,8
296732,Abyss,2024-02-20 05:20:00,DRX,Talon Esports,-0.4285714285714286,13,4
296732,Split,2024-02-20 05:20:00,DRX,Talon Esports,-0.4285714285714286,13,10
296732,Ascent,2024-02-20 05:20:00,DRX,Talon Esports,-0.4285714285714286,13,8
297401,Lotus,2024-02-20 11:00:00,FUT Esports,Team Heretics,-0.16666666666666669,10,13
297401,Split,2024-02-20 11:00:00,FUT Esports,Team Heretics,-0.16666666666666669,13,15
297401,Lotus,2024-02-20 11:00:00,FUT Esports,Team Heretics,-0.16666666666666669,11,13
297401,Bind,2024-02-20 11:00:00,FUT Esports,Team Heretics,-0.16666666666666669,10,13
297402,Split,2024-02-20 13:35:00,GIANTX,Karmine Corp,0.0,11,13
297402,Sunset,2024-02-20 13:35:00,GIANTX,Karmine Corp,0.0,13,10
297402,Lotus,2024-02-20 13:35:00,GIANTX,Karmine Corp,0.0,4,13
296749,Haven,2024-02-21 01:00:00,Gen.G,Rex Regum Qeon,0.5,13,8
296749,Bind,2024-02-21 01:00:00,Gen.G,Rex Regum Qeon,0.5,13,11
296749,Breeze,2024-02-21 01:00:00,Gen.G,Rex Regum Qeon,0.5,13,3
296749,Ascent,2024-02-21 01:00:00,Gen.G,Rex Regum Qeon,0.5,11,13
296749,Split,2024-02-21 01:00:00,Gen.G,Rex Regum Qeon,0.5,10,13
296749,Icebox,2024-02-21 01:00:00,Gen.G,Rex Regum Qeon,0.5,13,11
296749,Split,2024-02-21 01:00:00,Gen.G,Rex Regum Qeon,0.5,11,13
296749,Sunset,2024-02-21 01:00:00,Gen.G,Rex Regum Qeon,0.5,13,8
296749,Lotus,2024-02-21 01:00:00,Gen.G,Rex Regum Qeon,0.5,13,7
296749,Breeze,2024-02-21 01:00:00,Gen.G,Rex Regum Qeon,0.5,10,13
296749,Icebox,2024-02-21 01:00:00,Gen.G,Rex Regum Qeon,0.5,13,11
296734,Breeze,2024-02-21 04:30:00,Talon Esports,Team Secret,0.0,8,13
296734,Ascent,2024-02-21 04:30:00,Talon Esports,Team Secret,0.0,7,13
296739,Bind,2024-02-21 07:15:00,ZETA DIVISION,Global Esports,0.0,13,10
296739,Icebox,2024-02-21 07:15:00,ZETA DIVISION,Global Esports,0.0,13,7
296739,Bind,2024-02-21 07:15:00,ZETA DIVISION,Global Esports,0.0,13,8
296739,Lotus,2024-02-21 07:15:00,ZETA DIVISION,Global Esports,0.0,13,3
297406,Bind,2024-02-21 08:00:00,Natus Vincere,BBL Esports,-0.5,8,13
297406,Ascent,2024-02-21 08:00:00,Natus Vincere,BBL Esports,-0.5,13,6
297406,Breeze,2024-02-21 08:00:00,Natus Vincere,BBL Esports,-0.5,13,6
297407,Icebox,2024-02-21 11:00:00,Team Liquid,KOI,-0.16666666666666669,13,10
297407,Bind,2024-02-21 11:00:00,Team Liquid,KOI,-0.16666666666666669,13,11
297407,Sunset,2024-02-21 11:00:00,Team Liquid,KOI,-0.16666666666666669,11,13
297407,Icebox,2024-02-21 11:00:00,Team Liquid,KOI,-0.16666666666666669,14,12
297407,Split,2024-02-21 11:00:00,Team Liquid,KOI,-0.16666666666666669,10,13
297412,Icebox,2024-02-21 13:45:00,Team Vitality,Gentle Mates,0.0,5,13
297412,Sunset,2024-02-21 13:45:00,Team Vitality,Gentle Mates,0.0,5,13
297412,Sunset,2024-02-21 13:45:00,Team Vitality,Gentle Mates,0.0,13,10
297412,Lotus,2024-02-21 13:45:00,Team Vitality,Gentle Mates,0.0,13,7
297412,Breeze,2024-02-21 13:45:00,Team Vitality,Gentle Mates,0.0,4,13
297412,Lotus,2024-02-21 13:45:00,Team Vitality,Gentle Mates,0.0,15,13
297412,Sunset,2024-02-21 13:45:00,Team Vitality,Gentle Mates,0.0,13,3
297254,Breeze,2024-02-22 01:00:00,Team Secret,Gen.G,0.0,13,5
297254,Lotus,2024-02-22 01:00:00,Team Secret,Gen.G,0.0,9,13
297254,Icebox,2024-02-22 01:00:00,Team Secret,Gen.G,0.0,13,15
298687,Ascent,2024-02-22 04:00:00,Trace Esports,TYLOO,0.0,13,4
298687,Sunset,2024-02-22 04:00:00,Trace Esports,TYLOO,0.0,13,3
297253,Icebox,2024-02-22 04:20:00,ZETA DIVISION,Team Secret,0.16666666666666663,1,13
297253,Ascent,2024-02-22 04:20:00,ZETA DIVISION,Team Secret,0.16666666666666663,8,13
298688,Lotus,2024-02-22 06:05:00,FunPlus Phoenix,Nova Esports,0.0,13,5
298688,Sunset,2024-02-22 06:05:00,FunPlus Phoenix,Nova Esports,0.0,13,10
297255,Split,2024-02-22 06:30:00,Gen.G,ZETA DIVISION,0.25,13,8
297255,Ascent,2024-02-22 06:30:00,Gen.G,ZETA DIVISION,0.25,14,12
297255,Icebox,2024-02-22 06:30:00,Gen.G,ZETA DIVISION,0.25,13,6
297255,Ascent,2024-02-22 06:30:00,Gen.G,ZETA DIVISION,0.25,13,4
297403,Split,2024-02-22 11:00:00,Team Heretics,Karmine Corp,0.0,13,4
297403,Lotus,2024-02-22 11:00:00,Team Heretics,Karmine Corp,0.0,13,4
297403,Sunset,2024-02-22 11:00:00,Team Heretics,Karmine Corp,0.0,13,9
297403,Lotus,2024-02-22 11:00:00,Team Heretics,Karmine Corp,0.0,7,13
297403,Icebox,2024-02-22 11:00:00,Team Heretics,Karmine Corp,0.0,7,13
297403,Split,2024-02-22 11:00:00,Team Heretics,Karmine Corp,0.0,5,13
297404,Split,2024-02-22 13:10:00,FUT Esports,GIANTX,0.25,13,4
297404,Lotus,2024-02-22 13:10:00,FUT Esports,GIANTX,0.25,13,6
297404,Split,2024-02-22 13:10:00,FUT Esports,GIANTX,0.25,13,6
297404,Icebox,2024-02-22 13:10:00,FUT Esports,GIANTX,0.25,8,13
297404,Sunset,2024-02-22 13:10:00,FUT Esports,GIANTX,0.25,13,7
298692,Lotus,2024-02-23 02:00:00,JDG Esports,Titan Esports Club,0.0,8,13
298692,Bind,2024-02-23 02:00:00,JDG Esports,Titan Esports Club,0.0,14,16
298693,Icebox,2024-02-23 04:55:00,Dragon Ranger Gaming,All Gamers,0.0,13,11
298693,Sunset,2024-02-23 04:55:00,Dragon Ranger Gaming,All Gamers,0.0,11,13
298693,Breeze,2024-02-23 04:55:00,Dragon Ranger Gaming,All Gamers,0.0,8,13
298693,Sunset,2024-02-23 04:55:00,Dragon Ranger Gaming,All Gamers,0.0,13,11
298693,Ascent,2024-02-23 04:55:00,Dragon Ranger Gaming,All Gamers,0.0,13,4
298697,Sunset,2024-02-23 07:05:00,Bilibili Gaming,Wolves Esports,-0.5,13,5
298697,Bind,2024-02-23 07:05:00,Bilibili Gaming,Wolves Esports,-0.5,13,7
298697,Ascent,2024-02-23 07:05:00,Bilibili Gaming,Wolves Esports,-0.5,9,13
298697,Icebox,2024-02-23 07:05:00,Bilibili Gaming,Wolves Esports,-0.5,7,13
297408,Split,2024-02-23 08:00:00,Natus Vincere,Team Liquid,-0.16666666666666669,13,7
297408,Breeze,2024-02-23 08:00:00,Natus Vincere,Team Liquid,-0.16666666666666669,13,7
297409,Breeze,2024-02-23 10:10:00,BBL Esports,KOI,0.0,13,4
297409,Icebox,2024-02-23 10:10:00,BBL Esports,KOI,0.0,13,3
297409,Bind,2024-02-23 10:10:00,BBL Esports,KOI,0.0,5,13
297409,Split,2024-02-23 10:10:00,BBL Esports,KOI,0.0,10,13
295612,Lotus,2024-02-23 19:25:00,LOUD,LEVIATÁN,-0.5,11,13
295612,Icebox,2024-02-23 19:25:00,LOUD,LEVIATÁN,-0.5,6,13
295612,Bind,2024-02-23 19:25:00,LOUD,LEVIATÁN,-0.5,11,13
295612,Split,2024-02-23 19:25:00,LOUD,LEVIATÁN,-0.5,13,10
295612,Ascent,2024-02-23 19:25:00,LOUD,LEVIATÁN,-0.5,13,7
297256,Lotus,2024-02-24 03:00:00,T1,Paper Rex,-0.2142857142857143,10,13
297256,Bind,2024-02-24 03:00:00,T1,Paper Rex,-0.2142857142857143,12,14
297256,Lotus,2024-02-24 03:00:00,T1,Paper Rex,-0.2142857142857143,3,13
297256,Sunset,2024-02-24 03:00:00,T1,Paper Rex,-0.2142857142857143,5,13
297256,Split,2024-02-24 03:00:00,T1,Paper Rex,-0.2142857142857143,14,16
297256,Ascent,2024-02-24 03:00:00,T1,Paper Rex,-0.2142857142857143,6,13
298690,Icebox,2024-02-24 04:00:00,TYLOO,Nova Esports,0.0,10,13
298690,Ascent,2024-02-24 04:00:00,TYLOO,Nova Esports,0.0,14,12
298690,Split,2024-02-24 04:00:00,TYLOO,Nova Esports,0.0,13,9
298690,Ascent,2024-02-24 04:00:00,TYLOO,Nova Esports,0.0,11,13
298690,Split,2024-02-24 04:00:00,TYLOO,Nova Esports,0.0,11,13
297257,Bind,2024-02-24 05:25:00,DRX,Gen.G,-0.17500000000000004,12,14
297257,Lotus,2024-02-24 05:25:00,DRX,Gen.G,-0.17500000000000004,8,13
298695,Haven,2024-02-24 06:25:00,JDG Esports,All Gamers,-1.0,13,8
298695,Icebox,2024-02-24 06:25:00,JDG Esports,All Gamers,-1.0,13,3
298695,Icebox,2024-02-24 06:25:00,JDG Esports,All Gamers,-1.0,13,11
298695,Sunset,2024-02-24 06:25:00,JDG Esports,All Gamers,-1.0,13,8
295617,Lotus,2024-02-24 17:00:00,G2 Esports,Evil Geniuses,0.33333333333333337,13,8
295617,Icebox,2024-02-24 17:00:00,G2 Esports,Evil Geniuses,0.33333333333333337,13,3
295617,Sunset,2024-02-24 17:00:00,G2 Esports,Evil Geniuses,0.33333333333333337,13,15
295617,Icebox,2024-02-24 17:00:00,G2 Esports,Evil Geniuses,0.33333333333333337,11,13
298689,Lotus,2024-02-25 02:00:00,Trace Esports,FunPlus Phoenix,0.0,13,11
298689,Ascent,2024-02-25 02:00:00,Trace Esports,FunPlus Phoenix,0.0,13,8
298689,Abyss,2024-02-25 02:00:00,Trace Esports,FunPlus Phoenix,0.0,8,13
298689,Bind,2024-02-25 02:00:00,Trace Esports,FunPlus Phoenix,0.0,9,13
298689,Haven,2024-02-25 02:00:00,Trace Esports,FunPlus Phoenix,0.0,8,13
298689,Sunset,2024-02-25 02:00:00,Trace Esports,FunPlus Phoenix,0.0,11,13
298689,Bind,2024-02-25 02:00:00,Trace Esports,FunPlus Phoenix,0.0,13,11
298689,Lotus,2024-02-25 02:00:00,Trace Esports,FunPlus Phoenix,0.0,10,13
297258,Ascent,2024-02-25 03:00:00,Paper Rex,Gen.G,-0.08333333333333337,10,13
297258,Icebox,2024-02-25 03:00:00,Paper Rex,Gen.G,-0.08333333333333337,5,13
297258,Lotus,2024-02-25 03:00:00,Paper Rex,Gen.G,-0.08333333333333337,9,13
297258,Sunset,2024-02-25 03:00:00,Paper Rex,Gen.G,-0.08333333333333337,13,9
297258,Icebox,2024-02-25 03:00:00,Paper Rex,Gen.G,-0.08333333333333337,13,11
297258,Bind,2024-02-25 03:00:00,Paper Rex,Gen.G,-0.08333333333333337,9,13
297258,Split,2024-02-25 03:00:00,Paper Rex,Gen.G,-0.08333333333333337,13,8
297258,Ascent,2024-02-25 03:00:00,Paper Rex,Gen.G,-0.08333333333333337,5,13
297258,Split,2024-02-25 03:00:00,Paper Rex,Gen.G,-0.08333333333333337,13,4
297258,Lotus,2024-02-25 03:00:00,Paper Rex,Gen.G,-0.08333333333333337,11,13
297258,Bind,2024-02-25 03:00:00,Paper Rex,Gen.G,-0.08333333333333337,4,13
298694,Icebox,2024-02-25 05:30:00,Titan Esports Club,Dragon Ranger Gaming,1.0,11,13
298694,Split,2024-02-25 05:30:00,Titan Esports Club,Dragon Ranger Gaming,1.0,13,8
298694,Bind,2024-02-25 05:30:00,Titan Esports Club,Dragon Ranger Gaming,1.0,10,13
297416,Icebox,2024-02-25 08:05:00,Team Vitality,Gentle Mates,-1.0,5,13
297416,Sunset,2024-02-25 08:05:00,Team Vitality,Gentle Mates,-1.0,5,13
297416,Sunset,2024-02-25 08:05:00,Team Vitality,Gentle Mates,-1.0,13,10
297416,Lotus,2024-02-25 08:05:00,Team Vitality,Gentle Mates,-1.0,13,7
297416,Breeze,2024-02-25 08:05:00,Team Vitality,Gentle Mates,-1.0,4,13
297416,Lotus,2024-02-25 08:05:00,Team Vitality,Gentle Mates,-1.0,15,13
297416,Sunset,2024-02-25 08:05:00,Team Vitality,Gentle Mates,-1.0,13,3
298698,Bind,2024-02-25 09:00:00,Wolves Esports,EDward Gaming,-0.6,10,13
298698,Ascent,2024-02-25 09:00:00,Wolves Esports,EDward Gaming,-0.6,13,10
298698,Breeze,2024-02-25 09:00:00,Wolves Esports,EDward Gaming,-0.6,11,13
297405,Bind,2024-02-25 11:15:00,Karmine Corp,FUT Esports,0.09999999999999998,13,11
297405,Lotus,2024-02-25 11:15:00,Karmine Corp,FUT Esports,0.09999999999999998,8,13
297405,Breeze,2024-02-25 11:15:00,Karmine Corp,FUT Esports,0.09999999999999998,7,13
297405,Icebox,2024-02-25 11:15:00,Karmine Corp,FUT Esports,0.09999999999999998,3,13
297405,Sunset,2024-02-25 11:15:00,Karmine Corp,FUT Esports,0.09999999999999998,10,13
297405,Lotus,2024-02-25 11:15:00,Karmine Corp,FUT Esports,0.09999999999999998,20,18
297405,Bind,2024-02-25 11:15:00,Karmine Corp,FUT Esports,0.09999999999999998,4,13
297405,Sunset,2024-02-25 11:15:00,Karmine Corp,FUT Esports,0.09999999999999998,13,7
297410,Icebox,2024-02-25 14:45:00,Team Liquid,KOI,0.4,13,10
297410,Bind,2024-02-25 14:45:00,Team Liquid,KOI,0.4,13,11
297410,Sunset,2024-02-25 14:45:00,Team Liquid,KOI,0.4,11,13
297410,Icebox,2024-02-25 14:45:00,Team Liquid,KOI,0.4,14,12
297410,Split,2024-02-25 14:45:00,Team Liquid,KOI,0.4,10,13
295609,Icebox,2024-02-25 15:00:00,Cloud9,MIBR,0.5,14,12
295609,Sunset,2024-02-25 15:00:00,Cloud9,MIBR,0.5,13,9
295609,Bind,2024-02-25 15:00:00,Cloud9,MIBR,0.5,13,11
295609,Split,2024-02-25 15:00:00,Cloud9,MIBR,0.5,8,13
295609,Lotus,2024-02-25 15:00:00,Cloud9,MIBR,0.5,13,10
295609,Bind,2024-02-25 15:00:00,Cloud9,MIBR,0.5,12,14
295609,Ascent,2024-02-25 15:00:00,Cloud9,MIBR,0.5,9,13
295614,Split,2024-02-25 17:40:00,LEVIATÁN,Sentinels,1.0,3,13
295614,Breeze,2024-02-25 17:40:00,LEVIATÁN,Sentinels,1.0,13,6
295614,Bind,2024-02-25 17:40:00,LEVIATÁN,Sentinels,1.0,9,13
298691,Split,2024-02-26 02:00:00,Trace Esports,Nova Esports,0.5,13,5
298691,Lotus,2024-02-26 02:00:00,Trace Esports,Nova Esports,0.5,13,4
298696,Icebox,2024-02-26 04:05:00,Titan Esports Club,JDG Esports,0.0,12,14
298696,Lotus,2024-02-26 04:05:00,Titan Esports Club,JDG Esports,0.0,11,13
298696,Bind,2024-02-26 04:05:00,Titan Esports Club,JDG Esports,0.0,5,13
298696,Icebox,2024-02-26 04:05:00,Titan Esports Club,JDG Esports,0.0,14,12
298696,Lotus,2024-02-26 04:05:00,Titan Esports Club,JDG Esports,0.0,13,10
298699,Sunset,2024-02-26 07:40:00,Wolves Esports,Bilibili Gaming,-0.5,9,13
298699,Icebox,2024-02-26 07:40:00,Wolves Esports,Bilibili Gaming,-0.5,10,13
307567,Sunset,2024-02-26 08:00:00,Karmine Corp,Team Vitality,0.3333333333333333,13,8
307567,Ascent,2024-02-26 08:00:00,Karmine Corp,Team Vitality,0.3333333333333333,15,13
307565,Sunset,2024-02-26 10:45:00,KOI,Team Vitality,0.0,9,13
307565,Breeze,2024-02-26 10:45:00,KOI,Team Vitality,0.0,6,13
307564,Sunset,2024-02-26 12:45:00,Karmine Corp,KOI,0.5,13,7
307564,Icebox,2024-02-26 12:45:00,Karmine Corp,KOI,0.5,7,13
307564,Bind,2024-02-26 12:45:00,Karmine Corp,KOI,0.5,15,13
307564,Sunset,2024-02-26 12:45:00,Karmine Corp,KOI,0.5,13,4
307564,Bind,2024-02-26 12:45:00,Karmine Corp,KOI,0.5,13,7
307572,Split,2024-02-26 15:00:00,MIBR,Sentinels,0.0,7,13
307572,Ascent,2024-02-26 15:00:00,MIBR,Sentinels,0.0,6,13
307573,Icebox,2024-02-26 17:10:00,G2 Esports,MIBR,0.75,13,9
307573,Bind,2024-02-26 17:10:00,G2 Esports,MIBR,0.75,13,3
307573,Sunset,2024-02-26 17:10:00,G2 Esports,MIBR,0.75,9,13
307573,Split,2024-02-26 17:10:00,G2 Esports,MIBR,0.75,15,13
307573,Breeze,2024-02-26 17:10:00,G2 Esports,MIBR,0.75,10,13
307574,Bind,2024-02-26 20:55:00,Sentinels,G2 Esports,-0.5,6,13
307574,Lotus,2024-02-26 20:55:00,Sentinels,G2 Esports,-0.5,9,13
307574,Sunset,2024-02-26 20:55:00,Sentinels,G2 Esports,-0.5,13,8
307574,Breeze,2024-02-26 20:55:00,Sentinels,G2 Esports,-0.5,9,13
307574,Split,2024-02-26 20:55:00,Sentinels,G2 Esports,-0.5,9,13
298830,Lotus,2024-02-27 02:00:00,Trace Esports,Titan Esports Club,0.3333333333333333,13,11
298830,Bind,2024-02-27 02:00:00,Trace Esports,Titan Esports Club,0.3333333333333333,8,13
298830,Haven,2024-02-27 02:00:00,Trace Esports,Titan Esports Club,0.3333333333333333,13,10
298830,Breeze,2024-02-27 02:00:00,Trace Esports,Titan Esports Club,0.3333333333333333,16,18
298830,Lotus,2024-02-27 02:00:00,Trace Esports,Titan Esports Club,0.3333333333333333,13,6
298830,Split,2024-02-27 02:00:00,Trace Esports,Titan Esports Club,0.3333333333333333,13,8
298831,Lotus,2024-02-27 05:35:00,Bilibili Gaming,Titan Esports Club,0.41666666666666663,13,3
298831,Ascent,2024-02-27 05:35:00,Bilibili Gaming,Titan Esports Club,0.41666666666666663,13,8
298832,Lotus,2024-02-27 07:35:00,Bilibili Gaming,Trace Esports,0.0,13,11
298832,Sunset,2024-02-27 07:35:00,Bilibili Gaming,Trace Esports,0.0,13,15
298832,Bind,2024-02-27 07:35:00,Bilibili Gaming,Trace Esports,0.0,12,14
303093,Sunset,2024-02-29 11:00:00,Team Heretics,Natus Vincere,0.5,13,3
303093,Bind,2024-02-29 11:00:00,Team Heretics,Natus Vincere,0.5,13,5
303093,Sunset,2024-02-29 11:00:00,Team Heretics,Natus Vincere,0.5,16,14
303093,Breeze,2024-02-29 11:00:00,Team Heretics,Natus Vincere,0.5,13,4
298833,Breeze,2024-03-01 04:00:00,FunPlus Phoenix,Dragon Ranger Gaming,0.5,13,11
298833,Icebox,2024-03-01 04:00:00,FunPlus Phoenix,Dragon Ranger Gaming,0.5,9,13
298833,Sunset,2024-03-01 04:00:00,FunPlus Phoenix,Dragon Ranger Gaming,0.5,13,3
298833,Ascent,2024-03-01 04:00:00,FunPlus Phoenix,Dragon Ranger Gaming,0.5,13,10
298833,Breeze,2024-03-01 04:00:00,FunPlus Phoenix,Dragon Ranger Gaming,0.5,13,6
298834,Sunset,2024-03-01 06:15:00,EDward Gaming,Trace Esports,-0.13333333333333341,14,12
298834,Bind,2024-03-01 06:15:00,EDward Gaming,Trace Esports,-0.13333333333333341,13,6
303095,Split,2024-03-01 11:00:00,Team Heretics,Karmine Corp,0.5,13,4
303095,Lotus,2024-03-01 11:00:00,Team Heretics,Karmine Corp,0.5,13,4
303095,Sunset,2024-03-01 11:00:00,Team Heretics,Karmine Corp,0.5,13,9
303095,Lotus,2024-03-01 11:00:00,Team Heretics,Karmine Corp,0.5,7,13
303095,Icebox,2024-03-01 11:00:00,Team Heretics,Karmine Corp,0.5,7,13
303095,Split,2024-03-01 11:00:00,Team Heretics,Karmine Corp,0.5,5,13
298835,Breeze,2024-03-02 04:00:00,FunPlus Phoenix,EDward Gaming,0.2857142857142857,4,13
298835,Bind,2024-03-02 04:00:00,FunPlus Phoenix,EDward Gaming,0.2857142857142857,13,11
298835,Ascent,2024-03-02 04:00:00,FunPlus Phoenix,EDward Gaming,0.2857142857142857,13,4
298835,Icebox,2024-03-02 04:00:00,FunPlus Phoenix,EDward Gaming,0.2857142857142857,13,10
298835,Breeze,2024-03-02 04:00:00,FunPlus Phoenix,EDward Gaming,0.2857142857142857,14,12
298835,Lotus,2024-03-02 04:00:00,FunPlus Phoenix,EDward Gaming,0.2857142857142857,13,6
298835,Bind,2024-03-02 04:00:00,FunPlus Phoenix,EDward Gaming,0.2857142857142857,9,13
298835,Icebox,2024-03-02 04:00:00,FunPlus Phoenix,EDward Gaming,0.2857142857142857,12,14
298835,Breeze,2024-03-02 04:00:00,FunPlus Phoenix,EDward Gaming,0.2857142857142857,8,13
298835,Breeze,2024-03-02 04:00:00,FunPlus Phoenix,EDward Gaming,0.2857142857142857,12,14
298835,Split,2024-03-02 04:00:00,FunPlus Phoenix,EDward Gaming,0.2857142857142857,6,13
298835,Icebox,2024-03-02 04:00:00,FunPlus Phoenix,EDward Gaming,0.2857142857142857,13,8
298835,Ascent,2024-03-02 04:00:00,FunPlus Phoenix,EDward Gaming,0.2857142857142857,14,16
303087,Ascent,2024-03-02 17:00:00,Evil Geniuses,LOUD,0.17142857142857137,13,7
303087,Icebox,2024-03-02 17:00:00,Evil Geniuses,LOUD,0.17142857142857137,7,13
303087,Sunset,2024-03-02 17:00:00,Evil Geniuses,LOUD,0.17142857142857137,5,13
303086,Split,2024-03-03 17:00:00,LOUD,Sentinels,0.0,13,11
303086,Ascent,2024-03-03 17:00:00,LOUD,Sentinels,0.0,13,9
303086,Sunset,2024-03-03 17:00:00,LOUD,Sentinels,0.0,9,13
303086,Split,2024-03-03 17:00:00,LOUD,Sentinels,0.0,3,13
303086,Icebox,2024-03-03 17:00:00,LOUD,Sentinels,0.0,13,11
303086,Bind,2024-03-03 17:00:00,LOUD,Sentinels,0.0,13,8
303086,Lotus,2024-03-03 17:00:00,LOUD,Sentinels,0.0,4,13
312765,Icebox,2024-03-14 11:00:00,Karmine Corp,FunPlus Phoenix,-0.5714285714285714,13,8
312765,Lotus,2024-03-14 11:00:00,Karmine Corp,FunPlus Phoenix,-0.5714285714285714,13,10
312766,Icebox,2024-03-14 13:25:00,Gen.G,LOUD,0.2857142857142857,13,11
312766,Breeze,2024-03-14 13:25:00,Gen.G,LOUD,0.2857142857142857,8,13
312766,Ascent,2024-03-14 13:25:00,Gen.G,LOUD,0.2857142857142857,13,5
312767,Icebox,2024-03-15 11:00:00,EDward Gaming,Paper Rex,-0.04166666666666663,3,13
312767,Sunset,2024-03-15 11:00:00,EDward Gaming,Paper Rex,-0.04166666666666663,13,8
312767,Lotus,2024-03-15 11:00:00,EDward Gaming,Paper Rex,-0.04166666666666663,13,4
312767,Sunset,2024-03-15 11:00:00,EDward Gaming,Paper Rex,-0.04166666666666663,8,13
312767,Bind,2024-03-15 11:00:00,EDward Gaming,Paper Rex,-0.04166666666666663,13,9
312767,Split,2024-03-15 11:00:00,EDward Gaming,Paper Rex,-0.04166666666666663,13,9
312768,Lotus,2024-03-15 14:15:00,Sentinels,Team Heretics,-0.5714285714285714,13,9
312768,Sunset,2024-03-15 14:15:00,Sentinels,Team Heretics,-0.5714285714285714,5,13
312768,Bind,2024-03-15 14:15:00,Sentinels,Team Heretics,-0.5714285714285714,13,11
312798,Split,2024-03-16 11:00:00,Sentinels,Karmine Corp,0.0,13,8
312798,Lotus,2024-03-16 11:00:00,Sentinels,Karmine Corp,0.0,13,11
312797,Icebox,2024-03-16 13:25:00,EDward Gaming,Gen.G,-0.20833333333333337,13,8
312797,Split,2024-03-16 13:25:00,EDward Gaming,Gen.G,-0.20833333333333337,5,13
312797,Breeze,2024-03-16 13:25:00,EDward Gaming,Gen.G,-0.20833333333333337,6,13
312800,Sunset,2024-03-17 11:00:00,FunPlus Phoenix,LOUD,0.30000000000000004,5,13
312800,Breeze,2024-03-17 11:00:00,FunPlus Phoenix,LOUD,0.30000000000000004,11,13
312799,Sunset,2024-03-17 13:20:00,Team Heretics,Paper Rex,0.20000000000000007,10,13
312799,Lotus,2024-03-17 13:20:00,Team Heretics,Paper Rex,0.20000000000000007,13,10
312799,Split,2024-03-17 13:20:00,Team Heretics,Paper Rex,0.20000000000000007,7,13
312803,Icebox,2024-03-18 11:00:00,LOUD,EDward Gaming,-0.0444444444444444,13,2
312803,Sunset,2024-03-18 11:00:00,LOUD,EDward Gaming,-0.0444444444444444,13,3
312802,Bind,2024-03-18 12:55:00,Karmine Corp,Paper Rex,-0.19191919191919193,10,13
312802,Lotus,2024-03-18 12:55:00,Karmine Corp,Paper Rex,-0.19191919191919193,13,6
312802,Ascent,2024-03-18 12:55:00,Karmine Corp,Paper Rex,-0.19191919191919193,12,14
312777,Lotus,2024-03-21 11:00:00,Gen.G,Paper Rex,0.2222222222222222,13,11
312777,Icebox,2024-03-21 11:00:00,Gen.G,Paper Rex,0.2222222222222222,11,13
312777,Bind,2024-03-21 11:00:00,Gen.G,Paper Rex,0.2222222222222222,6,13
312777,Split,2024-03-21 11:00:00,Gen.G,Paper Rex,0.2222222222222222,13,8
312777,Lotus,2024-03-21 11:00:00,Gen.G,Paper Rex,0.2222222222222222,13,9
312777,Breeze,2024-03-21 11:00:00,Gen.G,Paper Rex,0.2222222222222222,13,10
312777,Lotus,2024-03-21 11:00:00,Gen.G,Paper Rex,0.2222222222222222,10,13
312777,Sunset,2024-03-21 11:00:00,Gen.G,Paper Rex,0.2222222222222222,7,13
312776,Lotus,2024-03-21 13:10:00,Sentinels,LOUD,-0.0444444444444444,7,13
312776,Icebox,2024-03-21 13:10:00,Sentinels,LOUD,-0.0444444444444444,8,13
312776,Split,2024-03-21 13:10:00,Sentinels,LOUD,-0.0444444444444444,13,4
312776,Icebox,2024-03-21 13:10:00,Sentinels,LOUD,-0.0444444444444444,12,14
312776,Sunset,2024-03-21 13:10:00,Sentinels,LOUD,-0.0444444444444444,14,12
312778,Haven,2024-03-22 11:00:00,Gen.G,Sentinels,0.30000000000000004,13,8
312778,Ascent,2024-03-22 11:00:00,Gen.G,Sentinels,0.30000000000000004,13,7
312778,Lotus,2024-03-22 11:00:00,Gen.G,Sentinels,0.30000000000000004,9,13
312778,Icebox,2024-03-22 11:00:00,Gen.G,Sentinels,0.30000000000000004,6,13
312778,Split,2024-03-22 11:00:00,Gen.G,Sentinels,0.30000000000000004,13,5
312778,Lotus,2024-03-22 11:00:00,Gen.G,Sentinels,0.30000000000000004,7,13
312778,Breeze,2024-03-22 11:00:00,Gen.G,Sentinels,0.30000000000000004,13,3
312778,Breeze,2024-03-22 11:00:00,Gen.G,Sentinels,0.30000000000000004,13,8
312778,Bind,2024-03-22 11:00:00,Gen.G,Sentinels,0.30000000000000004,12,14
312778,Ascent,2024-03-22 11:00:00,Gen.G,Sentinels,0.30000000000000004,13,8
312778,Split,2024-03-22 11:00:00,Gen.G,Sentinels,0.30000000000000004,10,13
312778,Icebox,2024-03-22 11:00:00,Gen.G,Sentinels,0.30000000000000004,6,13
312780,Ascent,2024-03-22 13:55:00,Paper Rex,LOUD,0.05594405594405594,13,11
312780,Sunset,2024-03-22 13:55:00,Paper Rex,LOUD,0.05594405594405594,13,8
312781,Lotus,2024-03-23 11:00:00,Sentinels,Paper Rex,-0.25974025974025977,14,12
312781,Ascent,2024-03-23 11:00:00,Sentinels,Paper Rex,-0.25974025974025977,13,6
312781,Split,2024-03-23 11:00:00,Sentinels,Paper Rex,-0.25974025974025977,5,13
312781,Sunset,2024-03-23 11:00:00,Sentinels,Paper Rex,-0.25974025974025977,13,3
312779,Haven,2024-03-24 12:15:00,Gen.G,Sentinels,0.31818181818181823,13,8
312779,Ascent,2024-03-24 12:15:00,Gen.G,Sentinels,0.31818181818181823,13,7
312779,Lotus,2024-03-24 12:15:00,Gen.G,Sentinels,0.31818181818181823,9,13
312779,Icebox,2024-03-24 12:15:00,Gen.G,Sentinels,0.31818181818181823,6,13
312779,Split,2024-03-24 12:15:00,Gen.G,Sentinels,0.31818181818181823,13,5
312779,Lotus,2024-03-24 12:15:00,Gen.G,Sentinels,0.31818181818181823,7,13
312779,Breeze,2024-03-24 12:15:00,Gen.G,Sentinels,0.31818181818181823,13,3
312779,Breeze,2024-03-24 12:15:00,Gen.G,Sentinels,0.31818181818181823,13,8
312779,Bind,2024-03-24 12:15:00,Gen.G,Sentinels,0.31818181818181823,12,14
312779,Ascent,2024-03-24 12:15:00,Gen.G,Sentinels,0.31818181818181823,13,8
312779,Split,2024-03-24 12:15:00,Gen.G,Sentinels,0.31818181818181823,10,13
312779,Icebox,2024-03-24 12:15:00,Gen.G,Sentinels,0.31818181818181823,6,13
318911,Breeze,2024-04-03 11:00:00,Karmine Corp,GIANTX,0.4,13,4
318911,Sunset,2024-04-03 11:00:00,Karmine Corp,GIANTX,0.4,13,9
318913,Split,2024-04-03 13:05:00,KOI,Team Liquid,-0.5,9,13
318913,Ascent,2024-04-03 13:05:00,KOI,Team Liquid,-0.5,7,13
318914,Haven,2024-04-04 11:00:00,Team Vitality,Natus Vincere,-0.2,8,13
318914,Sunset,2024-04-04 11:00:00,Team Vitality,Natus Vincere,-0.2,13,5
318914,Ascent,2024-04-04 11:00:00,Team Vitality,Natus Vincere,-0.2,13,7
318914,Bind,2024-04-04 11:00:00,Team Vitality,Natus Vincere,-0.2,9,13
318914,Lotus,2024-04-04 11:00:00,Team Vitality,Natus Vincere,-0.2,4,13
319765,Bind,2024-04-05 05:00:00,Bilibili Gaming,TYLOO,0.09999999999999998,3,13
319765,Icebox,2024-04-05 05:00:00,Bilibili Gaming,TYLOO,0.09999999999999998,13,6
319765,Lotus,2024-04-05 05:00:00,Bilibili Gaming,TYLOO,0.09999999999999998,13,6
319766,Split,2024-04-05 08:10:00,Wolves Esports,Titan Esports Club,-0.2,13,5
319766,Bind,2024-04-05 08:10:00,Wolves Esports,Titan Esports Club,-0.2,12,14
319766,Lotus,2024-04-05 08:10:00,Wolves Esports,Titan Esports Club,-0.2,10,13
318916,Split,2024-04-05 11:00:00,Team Liquid,FUT Esports,0.0714285714285714,5,13
318916,Icebox,2024-04-05 11:00:00,Team Liquid,FUT Esports,0.0714285714285714,8,13
318917,Ascent,2024-04-05 13:00:00,BBL Esports,Gentle Mates,-0.5,7,13
318917,Sunset,2024-04-05 13:00:00,BBL Esports,Gentle Mates,-0.5,11,13
314301,Sunset,2024-04-06 04:00:00,Global Esports,ZETA DIVISION,-0.06666666666666671,1,13
314301,Icebox,2024-04-06 04:00:00,Global Esports,ZETA DIVISION,-0.06666666666666671,13,10
314301,Ascent,2024-04-06 04:00:00,Global Esports,ZETA DIVISION,-0.06666666666666671,8,13
319767,Icebox,2024-04-06 05:00:00,Dragon Ranger Gaming,All Gamers,-0.16666666666666669,13,11
319767,Sunset,2024-04-06 05:00:00,Dragon Ranger Gaming,All Gamers,-0.16666666666666669,11,13
319767,Breeze,2024-04-06 05:00:00,Dragon Ranger Gaming,All Gamers,-0.16666666666666669,8,13
319767,Sunset,2024-04-06 05:00:00,Dragon Ranger Gaming,All Gamers,-0.16666666666666669,13,11
319767,Ascent,2024-04-06 05:00:00,Dragon Ranger Gaming,All Gamers,-0.16666666666666669,13,4
314302,Sunset,2024-04-06 07:00:00,Team Secret,DRX,0.0444444444444444,8,13
314302,Lotus,2024-04-06 07:00:00,Team Secret,DRX,0.0444444444444444,8,13
319768,Ascent,2024-04-06 08:45:00,EDward Gaming,JDG Esports,-0.12121212121212122,13,5
319768,Bind,2024-04-06 08:45:00,EDward Gaming,JDG Esports,-0.12121212121212122,9,13
319768,Split,2024-04-06 08:45:00,EDward Gaming,JDG Esports,-0.12121212121212122,13,11
314622,Icebox,2024-04-06 17:00:00,Cloud9,LEVIATÁN,0.33333333333333337,7,13
314622,Sunset,2024-04-06 17:00:00,Cloud9,LEVIATÁN,0.33333333333333337,13,7
314622,Ascent,2024-04-06 17:00:00,Cloud9,LEVIATÁN,0.33333333333333337,18,16
314303,Lotus,2024-04-07 04:00:00,BLEED,Talon Esports,-0.3333333333333333,13,9
314303,Bind,2024-04-07 04:00:00,BLEED,Talon Esports,-0.3333333333333333,7,13
314303,Icebox,2024-04-07 04:00:00,BLEED,Talon Esports,-0.3333333333333333,6,13
319769,Lotus,2024-04-07 05:00:00,Nova Esports,Trace Esports,-0.6666666666666666,5,13
319769,Ascent,2024-04-07 05:00:00,Nova Esports,Trace Esports,-0.6666666666666666,9,13
314304,Lotus,2024-04-07 07:15:00,T1,Paper Rex,-0.2666666666666666,10,13
314304,Bind,2024-04-07 07:15:00,T1,Paper Rex,-0.2666666666666666,12,14
314304,Lotus,2024-04-07 07:15:00,T1,Paper Rex,-0.2666666666666666,3,13
314304,Sunset,2024-04-07 07:15:00,T1,Paper Rex,-0.2666666666666666,5,13
314304,Split,2024-04-07 07:15:00,T1,Paper Rex,-0.2666666666666666,14,16
314304,Ascent,2024-04-07 07:15:00,T1,Paper Rex,-0.2666666666666666,6,13
319770,Ascent,2024-04-07 07:15:00,FunPlus Phoenix,Wolves Esports,0.6666666666666666,13,8
319770,Lotus,2024-04-07 07:15:00,FunPlus Phoenix,Wolves Esports,0.6666666666666666,13,7
314624,Lotus,2024-04-07 17:00:00,G2 Esports,Evil Geniuses,0.5,13,8
314624,Icebox,2024-04-07 17:00:00,G2 Esports,Evil Geniuses,0.5,13,3
314624,Sunset,2024-04-07 17:00:00,G2 Esports,Evil Geniuses,0.5,13,15
314624,Icebox,2024-04-07 17:00:00,G2 Esports,Evil Geniuses,0.5,11,13
314625,Haven,2024-04-07 19:10:00,Sentinels,100 Thieves,-0.038461538461538436,7,13
314625,Ascent,2024-04-07 19:10:00,Sentinels,100 Thieves,-0.038461538461538436,10,13
314625,Icebox,2024-04-07 19:10:00,Sentinels,100 Thieves,-0.038461538461538436,13,10
314625,Split,2024-04-07 19:10:00,Sentinels,100 Thieves,-0.038461538461538436,13,6
314625,Lotus,2024-04-07 19:10:00,Sentinels,100 Thieves,-0.038461538461538436,13,5
314625,Bind,2024-04-07 19:10:00,Sentinels,100 Thieves,-0.038461538461538436,6,13
314625,Split,2024-04-07 19:10:00,Sentinels,100 Thieves,-0.038461538461538436,13,8
314305,Breeze,2024-04-08 04:00:00,Team Secret,Rex Regum Qeon,0.5,10,13
314305,Split,2024-04-08 04:00:00,Team Secret,Rex Regum Qeon,0.5,13,6
314305,Icebox,2024-04-08 04:00:00,Team Secret,Rex Regum Qeon,0.5,12,14
314306,Ascent,2024-04-08 07:20:00,Global Esports,DRX,-0.35,8,13
314306,Lotus,2024-04-08 07:20:00,Global Esports,DRX,-0.35,6,13
314307,Lotus,2024-04-09 04:00:00,Gen.G,Talon Esports,0.33333333333333337,13,9
314307,Ascent,2024-04-09 04:00:00,Gen.G,Talon Esports,0.33333333333333337,13,8
314308,Ascent,2024-04-09 06:10:00,T1,DetonatioN FocusMe,0.3333333333333333,10,13
314308,Lotus,2024-04-09 06:10:00,T1,DetonatioN FocusMe,0.3333333333333333,13,5
314308,Sunset,2024-04-09 06:10:00,T1,DetonatioN FocusMe,0.3333333333333333,11,13
318918,Bind,2024-04-10 11:00:00,Karmine Corp,FUT Esports,-0.11688311688311687,13,11
318918,Lotus,2024-04-10 11:00:00,Karmine Corp,FUT Esports,-0.11688311688311687,8,13
318918,Breeze,2024-04-10 11:00:00,Karmine Corp,FUT Esports,-0.11688311688311687,7,13
318918,Icebox,2024-04-10 11:00:00,Karmine Corp,FUT Esports,-0.11688311688311687,3,13
318918,Sunset,2024-04-10 11:00:00,Karmine Corp,FUT Esports,-0.11688311688311687,10,13
318918,Lotus,2024-04-10 11:00:00,Karmine Corp,FUT Esports,-0.11688311688311687,20,18
318918,Bind,2024-04-10 11:00:00,Karmine Corp,FUT Esports,-0.11688311688311687,4,13
318918,Sunset,2024-04-10 11:00:00,Karmine Corp,FUT Esports,-0.11688311688311687,13,7
318919,Icebox,2024-04-10 14:10:00,Team Vitality,Team Heretics,-0.380952380952381,6,13
318919,Sunset,2024-04-10 14:10:00,Team Vitality,Team Heretics,-0.380952380952381,13,4
318919,Lotus,2024-04-10 14:10:00,Team Vitality,Team Heretics,-0.380952380952381,13,3
318919,Haven,2024-04-10 14:10:00,Team Vitality,Team Heretics,-0.380952380952381,13,9
318919,Breeze,2024-04-10 14:10:00,Team Vitality,Team Heretics,-0.380952380952381,13,9
318919,Sunset,2024-04-10 14:10:00,Team Vitality,Team Heretics,-0.380952380952381,11,13
318919,Icebox,2024-04-10 14:10:00,Team Vitality,Team Heretics,-0.380952380952381,13,9
318920,Lotus,2024-04-11 11:00:00,Team Liquid,Natus Vincere,0.16666666666666669,13,10
318920,Split,2024-04-11 11:00:00,Team Liquid,Natus Vincere,0.16666666666666669,11,13
318920,Ascent,2024-04-11 11:00:00,Team Liquid,Natus Vincere,0.16666666666666669,5,13
318921,Breeze,2024-04-11 14:20:00,BBL Esports,KOI,0.3333333333333333,13,4
318921,Icebox,2024-04-11 14:20:00,BBL Esports,KOI,0.3333333333333333,13,3
318921,Bind,2024-04-11 14:20:00,BBL Esports,KOI,0.3333333333333333,5,13
318921,Split,2024-04-11 14:20:00,BBL Esports,KOI,0.3333333333333333,10,13
319771,Sunset,2024-04-12 05:00:00,JDG Esports,Nova Esports,0.5,13,8
319771,Bind,2024-04-12 05:00:00,JDG Esports,Nova Esports,0.5,9,13
319771,Ascent,2024-04-12 05:00:00,JDG Esports,Nova Esports,0.5,4,13
319772,Breeze,2024-04-12 08:15:00,FunPlus Phoenix,Dragon Ranger Gaming,0.4642857142857143,13,11
319772,Icebox,2024-04-12 08:15:00,FunPlus Phoenix,Dragon Ranger Gaming,0.4642857142857143,9,13
319772,Sunset,2024-04-12 08:15:00,FunPlus Phoenix,Dragon Ranger Gaming,0.4642857142857143,13,3
319772,Ascent,2024-04-12 08:15:00,FunPlus Phoenix,Dragon Ranger Gaming,0.4642857142857143,13,10
319772,Breeze,2024-04-12 08:15:00,FunPlus Phoenix,Dragon Ranger Gaming,0.4642857142857143,13,6
318923,Split,2024-04-12 13:45:00,Karmine Corp,Gentle Mates,-0.5833333333333333,13,6
318923,Icebox,2024-04-12 13:45:00,Karmine Corp,Gentle Mates,-0.5833333333333333,13,6
314309,Lotus,2024-04-13 04:00:00,Gen.G,Paper Rex,0.15865384615384615,13,11
314309,Icebox,2024-04-13 04:00:00,Gen.G,Paper Rex,0.15865384615384615,11,13
314309,Bind,2024-04-13 04:00:00,Gen.G,Paper Rex,0.15865384615384615,6,13
314309,Split,2024-04-13 04:00:00,Gen.G,Paper Rex,0.15865384615384615,13,8
314309,Lotus,2024-04-13 04:00:00,Gen.G,Paper Rex,0.15865384615384615,13,9
314309,Breeze,2024-04-13 04:00:00,Gen.G,Paper Rex,0.15865384615384615,13,10
314309,Lotus,2024-04-13 04:00:00,Gen.G,Paper Rex,0.15865384615384615,10,13
314309,Sunset,2024-04-13 04:00:00,Gen.G,Paper Rex,0.15865384615384615,7,13
319773,Breeze,2024-04-13 05:00:00,All Gamers,Wolves Esports,0.6666666666666666,9,13
319773,Icebox,2024-04-13 05:00:00,All Gamers,Wolves Esports,0.6666666666666666,12,14
314310,Breeze,2024-04-13 07:10:00,T1,DRX,-0.35064935064935066,13,9
314310,Split,2024-04-13 07:10:00,T1,DRX,-0.35064935064935066,5,13
314310,Bind,2024-04-13 07:10:00,T1,DRX,-0.35064935064935066,6,13
319774,Split,2024-04-13 07:45:00,Trace Esports,Bilibili Gaming,0.04761904761904767,11,13
319774,Breeze,2024-04-13 07:45:00,Trace Esports,Bilibili Gaming,0.04761904761904767,13,7
319774,Bind,2024-04-13 07:45:00,Trace Esports,Bilibili Gaming,0.04761904761904767,13,7
314628,Lotus,2024-04-13 17:00:00,G2 Esports,100 Thieves,0.33333333333333337,13,5
314628,Abyss,2024-04-13 17:00:00,G2 Esports,100 Thieves,0.33333333333333337,13,10
314628,Bind,2024-04-13 17:00:00,G2 Esports,100 Thieves,0.33333333333333337,9,13
314628,Split,2024-04-13 17:00:00,G2 Esports,100 Thieves,0.33333333333333337,8,13
314628,Ascent,2024-04-13 17:00:00,G2 Esports,100 Thieves,0.33333333333333337,5,13
314628,Bind,2024-04-13 17:00:00,G2 Esports,100 Thieves,0.33333333333333337,13,8
314628,Split,2024-04-13 17:00:00,G2 Esports,100 Thieves,0.33333333333333337,11,13
314629,Lotus,2024-04-13 19:25:00,Sentinels,LEVIATÁN,-0.07142857142857145,17,19
314629,Icebox,2024-04-13 19:25:00,Sentinels,LEVIATÁN,-0.07142857142857145,11,13
314311,Icebox,2024-04-14 04:00:00,Team Secret,ZETA DIVISION,-0.07142857142857145,13,8
314311,Lotus,2024-04-14 04:00:00,Team Secret,ZETA DIVISION,-0.07142857142857145,6,13
314311,Sunset,2024-04-14 04:00:00,Team Secret,ZETA DIVISION,-0.07142857142857145,13,7
319775,Breeze,2024-04-14 05:00:00,Dragon Ranger Gaming,Titan Esports Club,-0.1333333333333333,4,13
319775,Split,2024-04-14 05:00:00,Dragon Ranger Gaming,Titan Esports Club,-0.1333333333333333,13,7
319775,Icebox,2024-04-14 05:00:00,Dragon Ranger Gaming,Titan Esports Club,-0.1333333333333333,13,5
314312,Lotus,2024-04-14 07:00:00,BLEED,Rex Regum Qeon,-0.3333333333333333,2,13
314312,Icebox,2024-04-14 07:00:00,BLEED,Rex Regum Qeon,-0.3333333333333333,5,13
319776,Sunset,2024-04-14 07:50:00,TYLOO,EDward Gaming,-0.25000000000000006,5,13
319776,Bind,2024-04-14 07:50:00,TYLOO,EDward Gaming,-0.25000000000000006,10,13
314313,Split,2024-04-15 04:00:00,Gen.G,DetonatioN FocusMe,0.4523809523809524,13,8
314313,Lotus,2024-04-15 04:00:00,Gen.G,DetonatioN FocusMe,0.4523809523809524,13,7
314314,Icebox,2024-04-15 06:10:00,Global Esports,Talon Esports,-0.2,13,4
314314,Breeze,2024-04-15 06:10:00,Global Esports,Talon Esports,-0.2,12,14
314314,Lotus,2024-04-15 06:10:00,Global Esports,Talon Esports,-0.2,6,13
314632,Lotus,2024-04-15 17:00:00,Cloud9,Evil Geniuses,0.5555555555555556,9,13
314632,Sunset,2024-04-15 17:00:00,Cloud9,Evil Geniuses,0.5555555555555556,13,8
314632,Split,2024-04-15 17:00:00,Cloud9,Evil Geniuses,0.5555555555555556,13,4
314315,Ascent,2024-04-16 04:00:00,T1,Rex Regum Qeon,-0.25,13,6
314315,Lotus,2024-04-16 04:00:00,T1,Rex Regum Qeon,-0.25,13,8
314316,Sunset,2024-04-16 06:00:00,BLEED,ZETA DIVISION,-0.42857142857142855,9,13
314316,Ascent,2024-04-16 06:00:00,BLEED,ZETA DIVISION,-0.42857142857142855,13,9
314316,Lotus,2024-04-16 06:00:00,BLEED,ZETA DIVISION,-0.42857142857142855,8,13
318925,Bind,2024-04-17 13:00:00,Karmine Corp,Natus Vincere,0.032967032967033016,13,7
318925,Sunset,2024-04-17 13:00:00,Karmine Corp,Natus Vincere,0.032967032967033016,7,13
318925,Split,2024-04-17 13:00:00,Karmine Corp,Natus Vincere,0.032967032967033016,6,13
318926,Split,2024-04-18 11:00:00,BBL Esports,Team Heretics,-0.125,13,7
318926,Sunset,2024-04-18 11:00:00,BBL Esports,Team Heretics,-0.125,13,10
318927,Ascent,2024-04-18 13:15:00,Team Vitality,FUT Esports,-0.19642857142857145,7,13
318927,Icebox,2024-04-18 13:15:00,Team Vitality,FUT Esports,-0.19642857142857145,13,9
318927,Sunset,2024-04-18 13:15:00,Team Vitality,FUT Esports,-0.19642857142857145,13,9
319777,Ascent,2024-04-19 05:00:00,Wolves Esports,Trace Esports,-0.5833333333333334,9,13
319777,Lotus,2024-04-19 05:00:00,Wolves Esports,Trace Esports,-0.5833333333333334,9,13
319778,Ascent,2024-04-19 07:25:00,Nova Esports,FunPlus Phoenix,-0.55,6,13
319778,Lotus,2024-04-19 07:25:00,Nova Esports,FunPlus Phoenix,-0.55,4,13
318928,Lotus,2024-04-19 11:00:00,Team Liquid,GIANTX,0.4444444444444444,14,16
318928,Icebox,2024-04-19 11:00:00,Team Liquid,GIANTX,0.4444444444444444,13,7
318928,Ascent,2024-04-19 11:00:00,Team Liquid,GIANTX,0.4444444444444444,13,11
314317,Haven,2024-04-20 04:00:00,Gen.G,DRX,0.13333333333333341,13,9
314317,Sunset,2024-04-20 04:00:00,Gen.G,DRX,0.13333333333333341,10,13
314317,Bind,2024-04-20 04:00:00,Gen.G,DRX,0.13333333333333341,13,6
314317,Haven,2024-04-20 04:00:00,Gen.G,DRX,0.13333333333333341,6,13
314317,Bind,2024-04-20 04:00:00,Gen.G,DRX,0.13333333333333341,18,16
314317,Lotus,2024-04-20 04:00:00,Gen.G,DRX,0.13333333333333341,14,12
314317,Icebox,2024-04-20 04:00:00,Gen.G,DRX,0.13333333333333341,13,6
314317,Bind,2024-04-20 04:00:00,Gen.G,DRX,0.13333333333333341,10,13
314317,Ascent,2024-04-20 04:00:00,Gen.G,DRX,0.13333333333333341,13,9
314317,Split,2024-04-20 04:00:00,Gen.G,DRX,0.13333333333333341,7,13
314317,Bind,2024-04-20 04:00:00,Gen.G,DRX,0.13333333333333341,8,13
314317,Sunset,2024-04-20 04:00:00,Gen.G,DRX,0.13333333333333341,13,11
314317,Ascent,2024-04-20 04:00:00,Gen.G,DRX,0.13333333333333341,13,8
319779,Lotus,2024-04-20 05:00:00,Bilibili Gaming,All Gamers,0.0714285714285714,11,13
319779,Bind,2024-04-20 05:00:00,Bilibili Gaming,All Gamers,0.0714285714285714,7,13
314318,Lotus,2024-04-20 07:15:00,BLEED,DetonatioN FocusMe,-0.25,9,13
314318,Split,2024-04-20 07:15:00,BLEED,DetonatioN FocusMe,-0.25,13,7
314318,Ascent,2024-04-20 07:15:00,BLEED,DetonatioN FocusMe,-0.25,13,4
319780,Breeze,2024-04-20 07:40:00,Dragon Ranger Gaming,JDG Esports,-0.06666666666666671,13,7
319780,Icebox,2024-04-20 07:40:00,Dragon Ranger Gaming,JDG Esports,-0.06666666666666671,5,13
319780,Bind,2024-04-20 07:40:00,Dragon Ranger Gaming,JDG Esports,-0.06666666666666671,14,12
314634,Lotus,2024-04-20 17:00:00,Sentinels,MIBR,0.23333333333333336,13,3
314634,Bind,2024-04-20 17:00:00,Sentinels,MIBR,0.23333333333333336,13,7
314635,Bind,2024-04-20 19:30:00,Cloud9,LOUD,0.46153846153846156,11,13
314635,Icebox,2024-04-20 19:30:00,Cloud9,LOUD,0.46153846153846156,13,4
314635,Lotus,2024-04-20 19:30:00,Cloud9,LOUD,0.46153846153846156,13,9
314319,Lotus,2024-04-21 04:00:00,Global Esports,Rex Regum Qeon,-0.23333333333333336,13,10
314319,Icebox,2024-04-21 04:00:00,Global Esports,Rex Regum Qeon,-0.23333333333333336,13,4
319781,Icebox,2024-04-21 05:00:00,TYLOO,Nova Esports,0.08333333333333334,10,13
319781,Ascent,2024-04-21 05:00:00,TYLOO,Nova Esports,0.08333333333333334,14,12
319781,Split,2024-04-21 05:00:00,TYLOO,Nova Esports,0.08333333333333334,13,9
319781,Ascent,2024-04-21 05:00:00,TYLOO,Nova Esports,0.08333333333333334,11,13
319781,Split,2024-04-21 05:00:00,TYLOO,Nova Esports,0.08333333333333334,11,13
314320,Icebox,2024-04-21 07:00:00,Team Secret,Paper Rex,-0.20588235294117652,13,9
314320,Sunset,2024-04-21 07:00:00,Team Secret,Paper Rex,-0.20588235294117652,13,8
319782,Ascent,2024-04-21 09:00:00,EDward Gaming,Titan Esports Club,0.3296703296703297,13,5
319782,Sunset,2024-04-21 09:00:00,EDward Gaming,Titan Esports Club,0.3296703296703297,13,5
314321,Lotus,2024-04-22 04:00:00,T1,Talon Esports,-0.16666666666666669,11,13
314321,Bind,2024-04-22 04:00:00,T1,Talon Esports,-0.16666666666666669,10,13
314322,Split,2024-04-22 06:15:00,Gen.G,ZETA DIVISION,0.3125,13,8
314322,Ascent,2024-04-22 06:15:00,Gen.G,ZETA DIVISION,0.3125,14,12
314322,Icebox,2024-04-22 06:15:00,Gen.G,ZETA DIVISION,0.3125,13,6
314322,Ascent,2024-04-22 06:15:00,Gen.G,ZETA DIVISION,0.3125,13,4
314638,Lotus,2024-04-22 17:00:00,G2 Esports,FURIA,1.0,13,3
314638,Icebox,2024-04-22 17:00:00,G2 Esports,FURIA,1.0,13,3
314639,Bind,2024-04-22 19:00:00,Cloud9,100 Thieves,0.5,7,13
314639,Ascent,2024-04-22 19:00:00,Cloud9,100 Thieves,0.5,6,13
314323,Lotus,2024-04-23 04:00:00,Team Secret,DetonatioN FocusMe,0.35555555555555557,13,4
314323,Breeze,2024-04-23 04:00:00,Team Secret,DetonatioN FocusMe,0.35555555555555557,9,13
314323,Sunset,2024-04-23 04:00:00,Team Secret,DetonatioN FocusMe,0.35555555555555557,13,2
314324,Sunset,2024-04-23 06:50:00,Global Esports,Paper Rex,-0.38095238095238093,4,13
314324,Icebox,2024-04-23 06:50:00,Global Esports,Paper Rex,-0.38095238095238093,7,13
314640,Lotus,2024-04-23 17:00:00,Sentinels,Evil Geniuses,0.07386363636363635,13,10
314640,Bind,2024-04-23 17:00:00,Sentinels,Evil Geniuses,0.07386363636363635,11,13
314640,Sunset,2024-04-23 17:00:00,Sentinels,Evil Geniuses,0.07386363636363635,10,13
318930,Sunset,2024-04-24 11:00:00,Team Liquid,Team Heretics,-0.05555555555555558,2,13
318930,Bind,2024-04-24 11:00:00,Team Liquid,Team Heretics,-0.05555555555555558,7,13
318931,Icebox,2024-04-24 13:00:00,Team Vitality,Gentle Mates,-0.09999999999999998,5,13
318931,Sunset,2024-04-24 13:00:00,Team Vitality,Gentle Mates,-0.09999999999999998,5,13
318931,Sunset,2024-04-24 13:00:00,Team Vitality,Gentle Mates,-0.09999999999999998,13,10
318931,Lotus,2024-04-24 13:00:00,Team Vitality,Gentle Mates,-0.09999999999999998,13,7
318931,Breeze,2024-04-24 13:00:00,Team Vitality,Gentle Mates,-0.09999999999999998,4,13
318931,Lotus,2024-04-24 13:00:00,Team Vitality,Gentle Mates,-0.09999999999999998,15,13
318931,Sunset,2024-04-24 13:00:00,Team Vitality,Gentle Mates,-0.09999999999999998,13,3
314642,Icebox,2024-04-24 17:00:00,G2 Esports,LEVIATÁN,0.33333333333333337,14,16
314642,Abyss,2024-04-24 17:00:00,G2 Esports,LEVIATÁN,0.33333333333333337,5,13
314642,Lotus,2024-04-24 17:00:00,G2 Esports,LEVIATÁN,0.33333333333333337,13,15
314642,Haven,2024-04-24 17:00:00,G2 Esports,LEVIATÁN,0.33333333333333337,14,16
314642,Bind,2024-04-24 17:00:00,G2 Esports,LEVIATÁN,0.33333333333333337,13,9
314642,Ascent,2024-04-24 17:00:00,G2 Esports,LEVIATÁN,0.33333333333333337,4,13
314642,Breeze,2024-04-24 17:00:00,G2 Esports,LEVIATÁN,0.33333333333333337,6,13
314642,Icebox,2024-04-24 17:00:00,G2 Esports,LEVIATÁN,0.33333333333333337,13,8
314642,Lotus,2024-04-24 17:00:00,G2 Esports,LEVIATÁN,0.33333333333333337,9,13
314642,Bind,2024-04-24 17:00:00,G2 Esports,LEVIATÁN,0.33333333333333337,12,14
314642,Breeze,2024-04-24 17:00:00,G2 Esports,LEVIATÁN,0.33333333333333337,13,7
314642,Icebox,2024-04-24 17:00:00,G2 Esports,LEVIATÁN,0.33333333333333337,12,14
314642,Lotus,2024-04-24 17:00:00,G2 Esports,LEVIATÁN,0.33333333333333337,13,10
314642,Ascent,2024-04-24 17:00:00,G2 Esports,LEVIATÁN,0.33333333333333337,13,11
318933,Ascent,2024-04-25 13:30:00,BBL Esports,Natus Vincere,0.09999999999999998,8,13
318933,Sunset,2024-04-25 13:30:00,BBL Esports,Natus Vincere,0.09999999999999998,13,8
318933,Split,2024-04-25 13:30:00,BBL Esports,Natus Vincere,0.09999999999999998,13,9
319783,Sunset,2024-04-26 05:00:00,Titan Esports Club,Bilibili Gaming,-0.25,13,11
319783,Bind,2024-04-26 05:00:00,Titan Esports Club,Bilibili Gaming,-0.25,8,13
319783,Icebox,2024-04-26 05:00:00,Titan Esports Club,Bilibili Gaming,-0.25,13,6
319784,Breeze,2024-04-26 08:05:00,Trace Esports,Dragon Ranger Gaming,0.34920634920634924,7,13
319784,Sunset,2024-04-26 08:05:00,Trace Esports,Dragon Ranger Gaming,0.34920634920634924,10,13
319784,Sunset,2024-04-26 08:05:00,Trace Esports,Dragon Ranger Gaming,0.34920634920634924,13,6
319784,Split,2024-04-26 08:05:00,Trace Esports,Dragon Ranger Gaming,0.34920634920634924,8,13
319784,Bind,2024-04-26 08:05:00,Trace Esports,Dragon Ranger Gaming,0.34920634920634924,7,13
318934,Lotus,2024-04-26 11:00:00,Team Vitality,GIANTX,0.4444444444444444,14,16
318934,Breeze,2024-04-26 11:00:00,Team Vitality,GIANTX,0.4444444444444444,13,7
318934,Sunset,2024-04-26 11:00:00,Team Vitality,GIANTX,0.4444444444444444,13,6
318935,Sunset,2024-04-26 14:10:00,Karmine Corp,KOI,0.42857142857142855,13,7
318935,Icebox,2024-04-26 14:10:00,Karmine Corp,KOI,0.42857142857142855,7,13
318935,Bind,2024-04-26 14:10:00,Karmine Corp,KOI,0.42857142857142855,15,13
318935,Sunset,2024-04-26 14:10:00,Karmine Corp,KOI,0.42857142857142855,13,4
318935,Bind,2024-04-26 14:10:00,Karmine Corp,KOI,0.42857142857142855,13,7
314325,Ascent,2024-04-27 04:00:00,BLEED,Paper Rex,-0.5175438596491229,5,13
314325,Bind,2024-04-27 04:00:00,BLEED,Paper Rex,-0.5175438596491229,6,13
319785,Sunset,2024-04-27 05:00:00,TYLOO,Wolves Esports,0.2571428571428572,11,13
319785,Split,2024-04-27 05:00:00,TYLOO,Wolves Esports,0.2571428571428572,13,7
319785,Ascent,2024-04-27 05:00:00,TYLOO,Wolves Esports,0.2571428571428572,10,13
314326,Split,2024-04-27 06:00:00,Global Esports,DetonatioN FocusMe,0.08333333333333334,10,13
314326,Lotus,2024-04-27 06:00:00,Global Esports,DetonatioN FocusMe,0.08333333333333334,13,5
314326,Ascent,2024-04-27 06:00:00,Global Esports,DetonatioN FocusMe,0.08333333333333334,13,11
319786,Breeze,2024-04-27 08:30:00,FunPlus Phoenix,EDward Gaming,0.13492063492063489,4,13
319786,Bind,2024-04-27 08:30:00,FunPlus Phoenix,EDward Gaming,0.13492063492063489,13,11
319786,Ascent,2024-04-27 08:30:00,FunPlus Phoenix,EDward Gaming,0.13492063492063489,13,4
319786,Icebox,2024-04-27 08:30:00,FunPlus Phoenix,EDward Gaming,0.13492063492063489,13,10
319786,Breeze,2024-04-27 08:30:00,FunPlus Phoenix,EDward Gaming,0.13492063492063489,14,12
319786,Lotus,2024-04-27 08:30:00,FunPlus Phoenix,EDward Gaming,0.13492063492063489,13,6
319786,Bind,2024-04-27 08:30:00,FunPlus Phoenix,EDward Gaming,0.13492063492063489,9,13
319786,Icebox,2024-04-27 08:30:00,FunPlus Phoenix,EDward Gaming,0.13492063492063489,12,14
319786,Breeze,2024-04-27 08:30:00,FunPlus Phoenix,EDward Gaming,0.13492063492063489,8,13
319786,Breeze,2024-04-27 08:30:00,FunPlus Phoenix,EDward Gaming,0.13492063492063489,12,14
319786,Split,2024-04-27 08:30:00,FunPlus Phoenix,EDward Gaming,0.13492063492063489,6,13
319786,Icebox,2024-04-27 08:30:00,FunPlus Phoenix,EDward Gaming,0.13492063492063489,13,8
319786,Ascent,2024-04-27 08:30:00,FunPlus Phoenix,EDward Gaming,0.13492063492063489,14,16
314644,Icebox,2024-04-27 17:00:00,G2 Esports,MIBR,0.7638888888888888,13,9
314644,Bind,2024-04-27 17:00:00,G2 Esports,MIBR,0.7638888888888888,13,3
314644,Sunset,2024-04-27 17:00:00,G2 Esports,MIBR,0.7638888888888888,9,13
314644,Split,2024-04-27 17:00:00,G2 Esports,MIBR,0.7638888888888888,15,13
314644,Breeze,2024-04-27 17:00:00,G2 Esports,MIBR,0.7638888888888888,10,13
314645,Lotus,2024-04-27 19:05:00,Sentinels,LOUD,-0.05490196078431375,7,13
314645,Icebox,2024-04-27 19:05:00,Sentinels,LOUD,-0.05490196078431375,8,13
314645,Split,2024-04-27 19:05:00,Sentinels,LOUD,-0.05490196078431375,13,4
314645,Icebox,2024-04-27 19:05:00,Sentinels,LOUD,-0.05490196078431375,12,14
314645,Sunset,2024-04-27 19:05:00,Sentinels,LOUD,-0.05490196078431375,14,12
314327,Bind,2024-04-28 04:00:00,T1,ZETA DIVISION,-0.14444444444444443,11,13
314327,Lotus,2024-04-28 04:00:00,T1,ZETA DIVISION,-0.14444444444444443,13,9
314327,Sunset,2024-04-28 04:00:00,T1,ZETA DIVISION,-0.14444444444444443,13,10
314327,Ascent,2024-04-28 04:00:00,T1,ZETA DIVISION,-0.14444444444444443,11,13
314327,Lotus,2024-04-28 04:00:00,T1,ZETA DIVISION,-0.14444444444444443,13,4
314327,Sunset,2024-04-28 04:00:00,T1,ZETA DIVISION,-0.14444444444444443,13,7
319787,Lotus,2024-04-28 05:00:00,All Gamers,Nova Esports,0.45714285714285713,16,14
319787,Bind,2024-04-28 05:00:00,All Gamers,Nova Esports,0.45714285714285713,10,13
319787,Split,2024-04-28 05:00:00,All Gamers,Nova Esports,0.45714285714285713,13,7
314328,Lotus,2024-04-28 07:10:00,Team Secret,Talon Esports,0.02857142857142858,11,13
314328,Abyss,2024-04-28 07:10:00,Team Secret,Talon Esports,0.02857142857142858,11,13
314328,Sunset,2024-04-28 07:10:00,Team Secret,Talon Esports,0.02857142857142858,13,11
314328,Lotus,2024-04-28 07:10:00,Team Secret,Talon Esports,0.02857142857142858,11,13
314328,Breeze,2024-04-28 07:10:00,Team Secret,Talon Esports,0.02857142857142858,10,13
314328,Breeze,2024-04-28 07:10:00,Team Secret,Talon Esports,0.02857142857142858,8,13
314328,Ascent,2024-04-28 07:10:00,Team Secret,Talon Esports,0.02857142857142858,3,13
319788,Icebox,2024-04-28 08:40:00,Bilibili Gaming,JDG Esports,0.1111111111111111,13,8
319788,Lotus,2024-04-28 08:40:00,Bilibili Gaming,JDG Esports,0.1111111111111111,13,10
314646,Ascent,2024-04-28 17:00:00,Cloud9,FURIA,0.8571428571428571,2,13
314646,Lotus,2024-04-28 17:00:00,Cloud9,FURIA,0.8571428571428571,13,3
314646,Bind,2024-04-28 17:00:00,Cloud9,FURIA,0.8571428571428571,13,8
314329,Bind,2024-04-29 04:00:00,BLEED,DRX,-0.47252747252747257,9,13
314329,Breeze,2024-04-29 04:00:00,BLEED,DRX,-0.47252747252747257,4,13
314330,Haven,2024-04-29 06:05:00,Gen.G,Rex Regum Qeon,0.49019607843137253,13,8
314330,Bind,2024-04-29 06:05:00,Gen.G,Rex Regum Qeon,0.49019607843137253,13,11
314330,Breeze,2024-04-29 06:05:00,Gen.G,Rex Regum Qeon,0.49019607843137253,13,3
314330,Ascent,2024-04-29 06:05:00,Gen.G,Rex Regum Qeon,0.49019607843137253,11,13
314330,Split,2024-04-29 06:05:00,Gen.G,Rex Regum Qeon,0.49019607843137253,10,13
314330,Icebox,2024-04-29 06:05:00,Gen.G,Rex Regum Qeon,0.49019607843137253,13,11
314330,Split,2024-04-29 06:05:00,Gen.G,Rex Regum Qeon,0.49019607843137253,11,13
314330,Sunset,2024-04-29 06:05:00,Gen.G,Rex Regum Qeon,0.49019607843137253,13,8
314330,Lotus,2024-04-29 06:05:00,Gen.G,Rex Regum Qeon,0.49019607843137253,13,7
314330,Breeze,2024-04-29 06:05:00,Gen.G,Rex Regum Qeon,0.49019607843137253,10,13
314330,Icebox,2024-04-29 06:05:00,Gen.G,Rex Regum Qeon,0.49019607843137253,13,11
318936,Bind,2024-05-01 11:00:00,BBL Esports,GIANTX,0.6666666666666666,6,13
318936,Sunset,2024-05-01 11:00:00,BBL Esports,GIANTX,0.6666666666666666,11,13
318937,Icebox,2024-05-01 13:00:00,Karmine Corp,Team Heretics,-0.1333333333333333,12,14
318937,Lotus,2024-05-01 13:00:00,Karmine Corp,Team Heretics,-0.1333333333333333,13,5
318937,Bind,2024-05-01 13:00:00,Karmine Corp,Team Heretics,-0.1333333333333333,9,13
319789,Sunset,2024-05-02 07:00:00,EDward Gaming,All Gamers,-0.06666666666666665,13,6
319789,Icebox,2024-05-02 07:00:00,EDward Gaming,All Gamers,-0.06666666666666665,13,5
318938,Split,2024-05-02 11:00:00,Team Vitality,KOI,0.5,5,13
318938,Breeze,2024-05-02 11:00:00,Team Vitality,KOI,0.5,13,7
318938,Icebox,2024-05-02 11:00:00,Team Vitality,KOI,0.5,4,13
329907,Haven,2024-05-03 04:00:00,Team Secret,T1,0.18181818181818177,10,13
329907,Split,2024-05-03 04:00:00,Team Secret,T1,0.18181818181818177,13,6
329907,Icebox,2024-05-03 04:00:00,Team Secret,T1,0.18181818181818177,14,12
329907,Lotus,2024-05-03 04:00:00,Team Secret,T1,0.18181818181818177,7,13
329907,Sunset,2024-05-03 04:00:00,Team Secret,T1,0.18181818181818177,11,13
329908,Icebox,2024-05-03 06:10:00,Paper Rex,Talon Esports,0.07499999999999996,13,4
329908,Sunset,2024-05-03 06:10:00,Paper Rex,Talon Esports,0.07499999999999996,13,7
329908,Ascent,2024-05-03 06:10:00,Paper Rex,Talon Esports,0.07499999999999996,13,3
329908,Sunset,2024-05-03 06:10:00,Paper Rex,Talon Esports,0.07499999999999996,13,3
329908,Lotus,2024-05-03 06:10:00,Paper Rex,Talon Esports,0.07499999999999996,13,0
329908,Sunset,2024-05-03 06:10:00,Paper Rex,Talon Esports,0.07499999999999996,13,9
329908,Bind,2024-05-03 06:10:00,Paper Rex,Talon Esports,0.07499999999999996,7,13
319790,Lotus,2024-05-03 07:00:00,Wolves Esports,JDG Esports,-0.0357142857142857,8,13
319790,Ascent,2024-05-03 07:00:00,Wolves Esports,JDG Esports,-0.0357142857142857,1,13
318940,Lotus,2024-05-03 11:00:00,Team Liquid,Gentle Mates,-0.2121212121212121,13,4
318940,Icebox,2024-05-03 11:00:00,Team Liquid,Gentle Mates,-0.2121212121212121,13,2
318941,Bind,2024-05-03 12:50:00,BBL Esports,FUT Esports,-0.02857142857142858,9,13
318941,Icebox,2024-05-03 12:50:00,BBL Esports,FUT Esports,-0.02857142857142858,6,13
314650,Split,2024-05-03 20:00:00,Sentinels,FURIA,0.3888888888888889,13,5
314650,Icebox,2024-05-03 20:00:00,Sentinels,FURIA,0.3888888888888889,13,9
329909,Ascent,2024-05-04 04:00:00,Gen.G,T1,0.5,9,13
329909,Sunset,2024-05-04 04:00:00,Gen.G,T1,0.5,13,8
329909,Breeze,2024-05-04 04:00:00,Gen.G,T1,0.5,7,13
319791,Bind,2024-05-04 05:00:00,Dragon Ranger Gaming,TYLOO,0.16666666666666669,10,13
319791,Breeze,2024-05-04 05:00:00,Dragon Ranger Gaming,TYLOO,0.16666666666666669,8,13
329910,Abyss,2024-05-04 07:10:00,DRX,Paper Rex,-0.0714285714285714,7,13
329910,Lotus,2024-05-04 07:10:00,DRX,Paper Rex,-0.0714285714285714,10,13
329910,Bind,2024-05-04 07:10:00,DRX,Paper Rex,-0.0714285714285714,13,10
329910,Icebox,2024-05-04 07:10:00,DRX,Paper Rex,-0.0714285714285714,13,10
329910,Ascent,2024-05-04 07:10:00,DRX,Paper Rex,-0.0714285714285714,13,7
329910,Lotus,2024-05-04 07:10:00,DRX,Paper Rex,-0.0714285714285714,6,13
329910,Ascent,2024-05-04 07:10:00,DRX,Paper Rex,-0.0714285714285714,13,10
329910,Bind,2024-05-04 07:10:00,DRX,Paper Rex,-0.0714285714285714,6,13
319792,Icebox,2024-05-04 07:30:00,Bilibili Gaming,FunPlus Phoenix,-0.30000000000000004,2,13
319792,Lotus,2024-05-04 07:30:00,Bilibili Gaming,FunPlus Phoenix,-0.30000000000000004,6,13
329912,Lotus,2024-05-05 04:00:00,T1,Paper Rex,-0.29720279720279713,10,13
329912,Bind,2024-05-05 04:00:00,T1,Paper Rex,-0.29720279720279713,12,14
329912,Lotus,2024-05-05 04:00:00,T1,Paper Rex,-0.29720279720279713,3,13
329912,Sunset,2024-05-05 04:00:00,T1,Paper Rex,-0.29720279720279713,5,13
329912,Split,2024-05-05 04:00:00,T1,Paper Rex,-0.29720279720279713,14,16
329912,Ascent,2024-05-05 04:00:00,T1,Paper Rex,-0.29720279720279713,6,13
319793,Split,2024-05-05 05:00:00,Nova Esports,Titan Esports Club,-0.20833333333333331,13,6
319793,Lotus,2024-05-05 05:00:00,Nova Esports,Titan Esports Club,-0.20833333333333331,13,6
329911,Haven,2024-05-05 06:00:00,Gen.G,DRX,0.1228070175438597,13,9
329911,Sunset,2024-05-05 06:00:00,Gen.G,DRX,0.1228070175438597,10,13
329911,Bind,2024-05-05 06:00:00,Gen.G,DRX,0.1228070175438597,13,6
329911,Haven,2024-05-05 06:00:00,Gen.G,DRX,0.1228070175438597,6,13
329911,Bind,2024-05-05 06:00:00,Gen.G,DRX,0.1228070175438597,18,16
329911,Lotus,2024-05-05 06:00:00,Gen.G,DRX,0.1228070175438597,14,12
329911,Icebox,2024-05-05 06:00:00,Gen.G,DRX,0.1228070175438597,13,6
329911,Bind,2024-05-05 06:00:00,Gen.G,DRX,0.1228070175438597,10,13
329911,Ascent,2024-05-05 06:00:00,Gen.G,DRX,0.1228070175438597,13,9
329911,Split,2024-05-05 06:00:00,Gen.G,DRX,0.1228070175438597,7,13
329911,Bind,2024-05-05 06:00:00,Gen.G,DRX,0.1228070175438597,8,13
329911,Sunset,2024-05-05 06:00:00,Gen.G,DRX,0.1228070175438597,13,11
329911,Ascent,2024-05-05 06:00:00,Gen.G,DRX,0.1228070175438597,13,8
319794,Bind,2024-05-05 07:05:00,Trace Esports,EDward Gaming,0.07499999999999996,7,13
319794,Sunset,2024-05-05 07:05:00,Trace Esports,EDward Gaming,0.07499999999999996,10,13
319794,Sunset,2024-05-05 07:05:00,Trace Esports,EDward Gaming,0.07499999999999996,2,13
319794,Abyss,2024-05-05 07:05:00,Trace Esports,EDward Gaming,0.07499999999999996,5,13
319794,Sunset,2024-05-05 07:05:00,Trace Esports,EDward Gaming,0.07499999999999996,13,15
319794,Breeze,2024-05-05 07:05:00,Trace Esports,EDward Gaming,0.07499999999999996,12,14
314653,Icebox,2024-05-05 17:00:00,Cloud9,MIBR,0.7638888888888888,14,12
314653,Sunset,2024-05-05 17:00:00,Cloud9,MIBR,0.7638888888888888,13,9
314653,Bind,2024-05-05 17:00:00,Cloud9,MIBR,0.7638888888888888,13,11
314653,Split,2024-05-05 17:00:00,Cloud9,MIBR,0.7638888888888888,8,13
314653,Lotus,2024-05-05 17:00:00,Cloud9,MIBR,0.7638888888888888,13,10
314653,Bind,2024-05-05 17:00:00,Cloud9,MIBR,0.7638888888888888,12,14
314653,Ascent,2024-05-05 17:00:00,Cloud9,MIBR,0.7638888888888888,9,13
314654,Bind,2024-05-05 19:35:00,G2 Esports,LOUD,0.4,11,13
314654,Icebox,2024-05-05 19:35:00,G2 Esports,LOUD,0.4,4,13
342356,Lotus,2024-05-08 05:00:00,Trace Esports,All Gamers,0.06493506493506496,13,7
342356,Sunset,2024-05-08 05:00:00,Trace Esports,All Gamers,0.06493506493506496,13,10
342356,Sunset,2024-05-08 05:00:00,Trace Esports,All Gamers,0.06493506493506496,13,9
342356,Breeze,2024-05-08 05:00:00,Trace Esports,All Gamers,0.06493506493506496,13,7
342357,Ascent,2024-05-08 07:15:00,Dragon Ranger Gaming,Nova Esports,0.2222222222222222,13,7
342357,Lotus,2024-05-08 07:15:00,Dragon Ranger Gaming,Nova Esports,0.2222222222222222,12,14
342357,Sunset,2024-05-08 07:15:00,Dragon Ranger Gaming,Nova Esports,0.2222222222222222,5,13
342357,Bind,2024-05-08 07:15:00,Dragon Ranger Gaming,Nova Esports,0.2222222222222222,13,8
342357,Ascent,2024-05-08 07:15:00,Dragon Ranger Gaming,Nova Esports,0.2222222222222222,13,7
341817,Lotus,2024-05-08 14:20:00,Natus Vincere,Team Heretics,-0.13636363636363635,11,13
341817,Split,2024-05-08 14:20:00,Natus Vincere,Team Heretics,-0.13636363636363635,9,13
337407,Lotus,2024-05-08 17:00:00,Cloud9,G2 Esports,0.07070707070707061,6,13
337407,Ascent,2024-05-08 17:00:00,Cloud9,G2 Esports,0.07070707070707061,13,15
337408,Bind,2024-05-08 19:25:00,100 Thieves,LOUD,0.04201680672268904,13,6
337408,Icebox,2024-05-08 19:25:00,100 Thieves,LOUD,0.04201680672268904,13,4
342358,Haven,2024-05-09 05:00:00,FunPlus Phoenix,Trace Esports,0.1515151515151516,13,5
342358,Lotus,2024-05-09 05:00:00,FunPlus Phoenix,Trace Esports,0.1515151515151516,13,15
342358,Sunset,2024-05-09 05:00:00,FunPlus Phoenix,Trace Esports,0.1515151515151516,6,13
342358,Ascent,2024-05-09 05:00:00,FunPlus Phoenix,Trace Esports,0.1515151515151516,3,13
342358,Haven,2024-05-09 05:00:00,FunPlus Phoenix,Trace Esports,0.1515151515151516,11,13
342358,Bind,2024-05-09 05:00:00,FunPlus Phoenix,Trace Esports,0.1515151515151516,13,10
342358,Lotus,2024-05-09 05:00:00,FunPlus Phoenix,Trace Esports,0.1515151515151516,13,8
342359,Lotus,2024-05-09 07:30:00,EDward Gaming,Dragon Ranger Gaming,0.24705882352941178,11,13
342359,Haven,2024-05-09 07:30:00,EDward Gaming,Dragon Ranger Gaming,0.24705882352941178,5,13
342359,Ascent,2024-05-09 07:30:00,EDward Gaming,Dragon Ranger Gaming,0.24705882352941178,13,3
342359,Split,2024-05-09 07:30:00,EDward Gaming,Dragon Ranger Gaming,0.24705882352941178,13,9
342359,Breeze,2024-05-09 07:30:00,EDward Gaming,Dragon Ranger Gaming,0.24705882352941178,13,10
342359,Split,2024-05-09 07:30:00,EDward Gaming,Dragon Ranger Gaming,0.24705882352941178,13,3
342359,Ascent,2024-05-09 07:30:00,EDward Gaming,Dragon Ranger Gaming,0.24705882352941178,2,13
342359,Bind,2024-05-09 07:30:00,EDward Gaming,Dragon Ranger Gaming,0.24705882352941178,13,6
341819,Lotus,2024-05-09 13:30:00,FUT Esports,Team Heretics,-0.030303030303030276,10,13
341819,Split,2024-05-09 13:30:00,FUT Esports,Team Heretics,-0.030303030303030276,13,15
341819,Lotus,2024-05-09 13:30:00,FUT Esports,Team Heretics,-0.030303030303030276,11,13
341819,Bind,2024-05-09 13:30:00,FUT Esports,Team Heretics,-0.030303030303030276,10,13
337410,Bind,2024-05-09 19:05:00,LEVIATÁN,100 Thieves,0.125,13,10
337410,Haven,2024-05-09 19:05:00,LEVIATÁN,100 Thieves,0.125,13,4
337410,Bind,2024-05-09 19:05:00,LEVIATÁN,100 Thieves,0.125,3,13
337410,Sunset,2024-05-09 19:05:00,LEVIATÁN,100 Thieves,0.125,14,12
337410,Icebox,2024-05-09 19:05:00,LEVIATÁN,100 Thieves,0.125,10,13
337410,Bind,2024-05-09 19:05:00,LEVIATÁN,100 Thieves,0.125,13,9
337410,Split,2024-05-09 19:05:00,LEVIATÁN,100 Thieves,0.125,3,13
337410,Icebox,2024-05-09 19:05:00,LEVIATÁN,100 Thieves,0.125,13,11
342360,Breeze,2024-05-10 05:00:00,FunPlus Phoenix,EDward Gaming,0.13888888888888884,4,13
342360,Bind,2024-05-10 05:00:00,FunPlus Phoenix,EDward Gaming,0.13888888888888884,13,11
342360,Ascent,2024-05-10 05:00:00,FunPlus Phoenix,EDward Gaming,0.13888888888888884,13,4
342360,Icebox,2024-05-10 05:00:00,FunPlus Phoenix,EDward Gaming,0.13888888888888884,13,10
342360,Breeze,2024-05-10 05:00:00,FunPlus Phoenix,EDward Gaming,0.13888888888888884,14,12
342360,Lotus,2024-05-10 05:00:00,FunPlus Phoenix,EDward Gaming,0.13888888888888884,13,6
342360,Bind,2024-05-10 05:00:00,FunPlus Phoenix,EDward Gaming,0.13888888888888884,9,13
342360,Icebox,2024-05-10 05:00:00,FunPlus Phoenix,EDward Gaming,0.13888888888888884,12,14
342360,Breeze,2024-05-10 05:00:00,FunPlus Phoenix,EDward Gaming,0.13888888888888884,8,13
342360,Breeze,2024-05-10 05:00:00,FunPlus Phoenix,EDward Gaming,0.13888888888888884,12,14
342360,Split,2024-05-10 05:00:00,FunPlus Phoenix,EDward Gaming,0.13888888888888884,6,13
342360,Icebox,2024-05-10 05:00:00,FunPlus Phoenix,EDward Gaming,0.13888888888888884,13,8
342360,Ascent,2024-05-10 05:00:00,FunPlus Phoenix,EDward Gaming,0.13888888888888884,14,16
342361,Breeze,2024-05-10 07:45:00,Trace Esports,Dragon Ranger Gaming,0.23776223776223776,7,13
342361,Sunset,2024-05-10 07:45:00,Trace Esports,Dragon Ranger Gaming,0.23776223776223776,10,13
342361,Sunset,2024-05-10 07:45:00,Trace Esports,Dragon Ranger Gaming,0.23776223776223776,13,6
342361,Split,2024-05-10 07:45:00,Trace Esports,Dragon Ranger Gaming,0.23776223776223776,8,13
342361,Bind,2024-05-10 07:45:00,Trace Esports,Dragon Ranger Gaming,0.23776223776223776,7,13
341822,Bind,2024-05-10 13:30:00,Karmine Corp,FUT Esports,-0.17156862745098045,13,11
341822,Lotus,2024-05-10 13:30:00,Karmine Corp,FUT Esports,-0.17156862745098045,8,13
341822,Breeze,2024-05-10 13:30:00,Karmine Corp,FUT Esports,-0.17156862745098045,7,13
341822,Icebox,2024-05-10 13:30:00,Karmine Corp,FUT Esports,-0.17156862745098045,3,13
341822,Sunset,2024-05-10 13:30:00,Karmine Corp,FUT Esports,-0.17156862745098045,10,13
341822,Lotus,2024-05-10 13:30:00,Karmine Corp,FUT Esports,-0.17156862745098045,20,18
341822,Bind,2024-05-10 13:30:00,Karmine Corp,FUT Esports,-0.17156862745098045,4,13
341822,Sunset,2024-05-10 13:30:00,Karmine Corp,FUT Esports,-0.17156862745098045,13,7
337411,Lotus,2024-05-10 17:00:00,G2 Esports,100 Thieves,0.29059829059829057,13,5
337411,Abyss,2024-05-10 17:00:00,G2 Esports,100 Thieves,0.29059829059829057,13,10
337411,Bind,2024-05-10 17:00:00,G2 Esports,100 Thieves,0.29059829059829057,9,13
337411,Split,2024-05-10 17:00:00,G2 Esports,100 Thieves,0.29059829059829057,8,13
337411,Ascent,2024-05-10 17:00:00,G2 Esports,100 Thieves,0.29059829059829057,5,13
337411,Bind,2024-05-10 17:00:00,G2 Esports,100 Thieves,0.29059829059829057,13,8
337411,Split,2024-05-10 17:00:00,G2 Esports,100 Thieves,0.29059829059829057,11,13
329913,Split,2024-05-11 04:00:00,T1,Gen.G,-0.4428571428571429,13,15
329913,Lotus,2024-05-11 04:00:00,T1,Gen.G,-0.4428571428571429,13,5
329913,Sunset,2024-05-11 04:00:00,T1,Gen.G,-0.4428571428571429,9,13
329913,Lotus,2024-05-11 04:00:00,T1,Gen.G,-0.4428571428571429,2,13
329913,Icebox,2024-05-11 04:00:00,T1,Gen.G,-0.4428571428571429,11,13
329913,Bind,2024-05-11 04:00:00,T1,Gen.G,-0.4428571428571429,9,13
342362,Lotus,2024-05-11 05:00:00,EDward Gaming,Dragon Ranger Gaming,0.07894736842105265,11,13
342362,Haven,2024-05-11 05:00:00,EDward Gaming,Dragon Ranger Gaming,0.07894736842105265,5,13
342362,Ascent,2024-05-11 05:00:00,EDward Gaming,Dragon Ranger Gaming,0.07894736842105265,13,3
342362,Split,2024-05-11 05:00:00,EDward Gaming,Dragon Ranger Gaming,0.07894736842105265,13,9
342362,Breeze,2024-05-11 05:00:00,EDward Gaming,Dragon Ranger Gaming,0.07894736842105265,13,10
342362,Split,2024-05-11 05:00:00,EDward Gaming,Dragon Ranger Gaming,0.07894736842105265,13,3
342362,Ascent,2024-05-11 05:00:00,EDward Gaming,Dragon Ranger Gaming,0.07894736842105265,2,13
342362,Bind,2024-05-11 05:00:00,EDward Gaming,Dragon Ranger Gaming,0.07894736842105265,13,6
337414,Icebox,2024-05-11 17:00:00,G2 Esports,LEVIATÁN,0.05714285714285705,14,16
337414,Abyss,2024-05-11 17:00:00,G2 Esports,LEVIATÁN,0.05714285714285705,5,13
337414,Lotus,2024-05-11 17:00:00,G2 Esports,LEVIATÁN,0.05714285714285705,13,15
337414,Haven,2024-05-11 17:00:00,G2 Esports,LEVIATÁN,0.05714285714285705,14,16
337414,Bind,2024-05-11 17:00:00,G2 Esports,LEVIATÁN,0.05714285714285705,13,9
337414,Ascent,2024-05-11 17:00:00,G2 Esports,LEVIATÁN,0.05714285714285705,4,13
337414,Breeze,2024-05-11 17:00:00,G2 Esports,LEVIATÁN,0.05714285714285705,6,13
337414,Icebox,2024-05-11 17:00:00,G2 Esports,LEVIATÁN,0.05714285714285705,13,8
337414,Lotus,2024-05-11 17:00:00,G2 Esports,LEVIATÁN,0.05714285714285705,9,13
337414,Bind,2024-05-11 17:00:00,G2 Esports,LEVIATÁN,0.05714285714285705,12,14
337414,Breeze,2024-05-11 17:00:00,G2 Esports,LEVIATÁN,0.05714285714285705,13,7
337414,Icebox,2024-05-11 17:00:00,G2 Esports,LEVIATÁN,0.05714285714285705,12,14
337414,Lotus,2024-05-11 17:00:00,G2 Esports,LEVIATÁN,0.05714285714285705,13,10
337414,Ascent,2024-05-11 17:00:00,G2 Esports,LEVIATÁN,0.05714285714285705,13,11
329914,Ascent,2024-05-12 04:00:00,Paper Rex,Gen.G,-0.11387163561076608,10,13
329914,Icebox,2024-05-12 04:00:00,Paper Rex,Gen.G,-0.11387163561076608,5,13
329914,Lotus,2024-05-12 04:00:00,Paper Rex,Gen.G,-0.11387163561076608,9,13
329914,Sunset,2024-05-12 04:00:00,Paper Rex,Gen.G,-0.11387163561076608,13,9
329914,Icebox,2024-05-12 04:00:00,Paper Rex,Gen.G,-0.11387163561076608,13,11
329914,Bind,2024-05-12 04:00:00,Paper Rex,Gen.G,-0.11387163561076608,9,13
329914,Split,2024-05-12 04:00:00,Paper Rex,Gen.G,-0.11387163561076608,13,8
329914,Ascent,2024-05-12 04:00:00,Paper Rex,Gen.G,-0.11387163561076608,5,13
329914,Split,2024-05-12 04:00:00,Paper Rex,Gen.G,-0.11387163561076608,13,4
329914,Lotus,2024-05-12 04:00:00,Paper Rex,Gen.G,-0.11387163561076608,11,13
329914,Bind,2024-05-12 04:00:00,Paper Rex,Gen.G,-0.11387163561076608,4,13
342363,Breeze,2024-05-12 05:00:00,FunPlus Phoenix,EDward Gaming,0.21923076923076923,4,13
342363,Bind,2024-05-12 05:00:00,FunPlus Phoenix,EDward Gaming,0.21923076923076923,13,11
342363,Ascent,2024-05-12 05:00:00,FunPlus Phoenix,EDward Gaming,0.21923076923076923,13,4
342363,Icebox,2024-05-12 05:00:00,FunPlus Phoenix,EDward Gaming,0.21923076923076923,13,10
342363,Breeze,2024-05-12 05:00:00,FunPlus Phoenix,EDward Gaming,0.21923076923076923,14,12
342363,Lotus,2024-05-12 05:00:00,FunPlus Phoenix,EDward Gaming,0.21923076923076923,13,6
342363,Bind,2024-05-12 05:00:00,FunPlus Phoenix,EDward Gaming,0.21923076923076923,9,13
342363,Icebox,2024-05-12 05:00:00,FunPlus Phoenix,EDward Gaming,0.21923076923076923,12,14
342363,Breeze,2024-05-12 05:00:00,FunPlus Phoenix,EDward Gaming,0.21923076923076923,8,13
342363,Breeze,2024-05-12 05:00:00,FunPlus Phoenix,EDward Gaming,0.21923076923076923,12,14
342363,Split,2024-05-12 05:00:00,FunPlus Phoenix,EDward Gaming,0.21923076923076923,6,13
342363,Icebox,2024-05-12 05:00:00,FunPlus Phoenix,EDward Gaming,0.21923076923076923,13,8
342363,Ascent,2024-05-12 05:00:00,FunPlus Phoenix,EDward Gaming,0.21923076923076923,14,16
337412,Bind,2024-05-12 17:00:00,100 Thieves,G2 Esports,-0.30000000000000004,13,9
337412,Breeze,2024-05-12 17:00:00,100 Thieves,G2 Esports,-0.30000000000000004,13,7
337412,Sunset,2024-05-12 17:00:00,100 Thieves,G2 Esports,-0.30000000000000004,13,8
348063,Breeze,2024-05-23 04:00:00,G2 Esports,T1,0.4166666666666667,13,8
348063,Icebox,2024-05-23 04:00:00,G2 Esports,T1,0.4166666666666667,1,13
348063,Lotus,2024-05-23 04:00:00,G2 Esports,T1,0.4166666666666667,14,12
348061,Sunset,2024-05-23 07:10:00,FunPlus Phoenix,FUT Esports,0.1428571428571428,13,7
348061,Lotus,2024-05-23 07:10:00,FunPlus Phoenix,FUT Esports,0.1428571428571428,12,14
348061,Icebox,2024-05-23 07:10:00,FunPlus Phoenix,FUT Esports,0.1428571428571428,13,10
348064,Icebox,2024-05-24 04:00:00,Gen.G,LEVIATÁN,0.0,7,13
348064,Lotus,2024-05-24 04:00:00,Gen.G,LEVIATÁN,0.0,13,5
348064,Breeze,2024-05-24 04:00:00,Gen.G,LEVIATÁN,0.0,13,7
348059,Icebox,2024-05-24 07:00:00,Team Heretics,Dragon Ranger Gaming,0.19487179487179485,13,5
348059,Sunset,2024-05-24 07:00:00,Team Heretics,Dragon Ranger Gaming,0.19487179487179485,13,5
348458,Lotus,2024-05-25 04:00:00,FunPlus Phoenix,Gen.G,-0.02608695652173909,16,14
348458,Sunset,2024-05-25 04:00:00,FunPlus Phoenix,Gen.G,-0.02608695652173909,7,13
348458,Ascent,2024-05-25 04:00:00,FunPlus Phoenix,Gen.G,-0.02608695652173909,11,13
348457,Lotus,2024-05-25 07:40:00,G2 Esports,Team Heretics,0.014705882352941124,9,13
348457,Bind,2024-05-25 07:40:00,G2 Esports,Team Heretics,0.014705882352941124,13,6
348457,Split,2024-05-25 07:40:00,G2 Esports,Team Heretics,0.014705882352941124,13,8
348457,Icebox,2024-05-25 07:40:00,G2 Esports,Team Heretics,0.014705882352941124,7,13
348457,Ascent,2024-05-25 07:40:00,G2 Esports,Team Heretics,0.014705882352941124,13,11
348457,Lotus,2024-05-25 07:40:00,G2 Esports,Team Heretics,0.014705882352941124,13,4
348457,Bind,2024-05-25 07:40:00,G2 Esports,Team Heretics,0.014705882352941124,2,13
348457,Icebox,2024-05-25 07:40:00,G2 Esports,Team Heretics,0.014705882352941124,6,13
348457,Lotus,2024-05-25 07:40:00,G2 Esports,Team Heretics,0.014705882352941124,8,13
348459,Breeze,2024-05-26 04:00:00,LEVIATÁN,T1,0.4375,13,9
348459,Sunset,2024-05-26 04:00:00,LEVIATÁN,T1,0.4375,13,7
348460,Bind,2024-05-26 06:10:00,Dragon Ranger Gaming,FUT Esports,-0.09999999999999998,10,13
348460,Ascent,2024-05-26 06:10:00,Dragon Ranger Gaming,FUT Esports,-0.09999999999999998,12,14
348462,Abyss,2024-05-27 04:00:00,FunPlus Phoenix,Team Heretics,0.044117647058823484,12,14
348462,Bind,2024-05-27 04:00:00,FunPlus Phoenix,Team Heretics,0.044117647058823484,13,9
348462,Lotus,2024-05-27 04:00:00,FunPlus Phoenix,Team Heretics,0.044117647058823484,13,15
348462,Sunset,2024-05-27 04:00:00,FunPlus Phoenix,Team Heretics,0.044117647058823484,4,13
348462,Lotus,2024-05-27 04:00:00,FunPlus Phoenix,Team Heretics,0.044117647058823484,13,6
348462,Icebox,2024-05-27 04:00:00,FunPlus Phoenix,Team Heretics,0.044117647058823484,15,17
348461,Sunset,2024-05-27 07:35:00,FUT Esports,LEVIATÁN,-0.14423076923076927,13,1
348461,Lotus,2024-05-27 07:35:00,FUT Esports,LEVIATÁN,-0.14423076923076927,11,13
348461,Bind,2024-05-27 07:35:00,FUT Esports,LEVIATÁN,-0.14423076923076927,13,11
348465,Icebox,2024-05-30 04:00:00,100 Thieves,FUT Esports,-0.10160427807486638,13,2
348465,Bind,2024-05-30 04:00:00,100 Thieves,FUT Esports,-0.10160427807486638,13,5
348463,Split,2024-05-31 04:00:00,Paper Rex,G2 Esports,-0.11111111111111116,13,7
348463,Lotus,2024-05-31 04:00:00,Paper Rex,G2 Esports,-0.11111111111111116,10,13
348463,Bind,2024-05-31 04:00:00,Paper Rex,G2 Esports,-0.11111111111111116,5,13
348464,Haven,2024-05-31 07:00:00,EDward Gaming,Team Heretics,-0.19841269841269837,6,13
348464,Sunset,2024-05-31 07:00:00,EDward Gaming,Team Heretics,-0.19841269841269837,13,4
348464,Lotus,2024-05-31 07:00:00,EDward Gaming,Team Heretics,-0.19841269841269837,13,9
348464,Bind,2024-05-31 07:00:00,EDward Gaming,Team Heretics,-0.19841269841269837,11,13
348464,Abyss,2024-05-31 07:00:00,EDward Gaming,Team Heretics,-0.19841269841269837,13,9
348464,Sunset,2024-05-31 07:00:00,EDward Gaming,Team Heretics,-0.19841269841269837,6,13
348464,Split,2024-05-31 07:00:00,EDward Gaming,Team Heretics,-0.19841269841269837,3,13
348467,Bind,2024-06-01 07:00:00,Paper Rex,EDward Gaming,0.0945454545454546,13,11
348467,Sunset,2024-06-01 07:00:00,Paper Rex,EDward Gaming,0.0945454545454546,13,6
348470,Icebox,2024-06-02 04:00:00,100 Thieves,Gen.G,-0.2566666666666666,10,13
348470,Ascent,2024-06-02 04:00:00,100 Thieves,Gen.G,-0.2566666666666666,10,13
348469,Lotus,2024-06-02 06:15:00,G2 Esports,Team Heretics,0.10526315789473684,9,13
348469,Bind,2024-06-02 06:15:00,G2 Esports,Team Heretics,0.10526315789473684,13,6
348469,Split,2024-06-02 06:15:00,G2 Esports,Team Heretics,0.10526315789473684,13,8
348469,Icebox,2024-06-02 06:15:00,G2 Esports,Team Heretics,0.10526315789473684,7,13
348469,Ascent,2024-06-02 06:15:00,G2 Esports,Team Heretics,0.10526315789473684,13,11
348469,Lotus,2024-06-02 06:15:00,G2 Esports,Team Heretics,0.10526315789473684,13,4
348469,Bind,2024-06-02 06:15:00,G2 Esports,Team Heretics,0.10526315789473684,2,13
348469,Icebox,2024-06-02 06:15:00,G2 Esports,Team Heretics,0.10526315789473684,6,13
348469,Lotus,2024-06-02 06:15:00,G2 Esports,Team Heretics,0.10526315789473684,8,13
348471,Breeze,2024-06-03 04:00:00,100 Thieves,Paper Rex,-0.11538461538461542,13,5
348471,Sunset,2024-06-03 04:00:00,100 Thieves,Paper Rex,-0.11538461538461542,10,13
348471,Icebox,2024-06-03 04:00:00,100 Thieves,Paper Rex,-0.11538461538461542,14,12
348472,Sunset,2024-06-03 07:10:00,Team Heretics,FUT Esports,0.07105263157894737,13,10
348472,Split,2024-06-03 07:10:00,Team Heretics,FUT Esports,0.07105263157894737,13,6
348472,Abyss,2024-06-03 07:10:00,Team Heretics,FUT Esports,0.07105263157894737,13,10
348472,Sunset,2024-06-03 07:10:00,Team Heretics,FUT Esports,0.07105263157894737,13,11
348472,Bind,2024-06-03 07:10:00,Team Heretics,FUT Esports,0.07105263157894737,13,7
348472,Sunset,2024-06-03 07:10:00,Team Heretics,FUT Esports,0.07105263157894737,13,4
348473,Lotus,2024-06-07 03:00:00,G2 Esports,Gen.G,-0.0461538461538461,8,13
348473,Ascent,2024-06-07 03:00:00,G2 Esports,Gen.G,-0.0461538461538461,10,13
348474,Bind,2024-06-07 05:25:00,100 Thieves,Team Heretics,-0.09523809523809523,13,15
348474,Sunset,2024-06-07 05:25:00,100 Thieves,Team Heretics,-0.09523809523809523,1,13
348475,Lotus,2024-06-08 03:00:00,G2 Esports,Team Heretics,0.0800865800865801,9,13
348475,Bind,2024-06-08 03:00:00,G2 Esports,Team Heretics,0.0800865800865801,13,6
348475,Split,2024-06-08 03:00:00,G2 Esports,Team Heretics,0.0800865800865801,13,8
348475,Icebox,2024-06-08 03:00:00,G2 Esports,Team Heretics,0.0800865800865801,7,13
348475,Ascent,2024-06-08 03:00:00,G2 Esports,Team Heretics,0.0800865800865801,13,11
348475,Lotus,2024-06-08 03:00:00,G2 Esports,Team Heretics,0.0800865800865801,13,4
348475,Bind,2024-06-08 03:00:00,G2 Esports,Team Heretics,0.0800865800865801,2,13
348475,Icebox,2024-06-08 03:00:00,G2 Esports,Team Heretics,0.0800865800865801,6,13
348475,Lotus,2024-06-08 03:00:00,G2 Esports,Team Heretics,0.0800865800865801,8,13
348476,Abyss,2024-06-09 04:15:00,Gen.G,Team Heretics,0.1996779388083736,13,11
348476,Lotus,2024-06-09 04:15:00,Gen.G,Team Heretics,0.1996779388083736,11,13
348476,Bind,2024-06-09 04:15:00,Gen.G,Team Heretics,0.1996779388083736,10,13
348476,Breeze,2024-06-09 04:15:00,Gen.G,Team Heretics,0.1996779388083736,13,6
348476,Icebox,2024-06-09 04:15:00,Gen.G,Team Heretics,0.1996779388083736,9,13
348476,Ascent,2024-06-09 04:15:00,Gen.G,Team Heretics,0.1996779388083736,9,13
348476,Lotus,2024-06-09 04:15:00,Gen.G,Team Heretics,0.1996779388083736,13,4
348476,Split,2024-06-09 04:15:00,Gen.G,Team Heretics,0.1996779388083736,13,3
314340,Icebox,2024-06-15 04:00:00,ZETA DIVISION,DRX,-0.22499999999999998,0,13
314340,Sunset,2024-06-15 04:00:00,ZETA DIVISION,DRX,-0.22499999999999998,13,11
314340,Breeze,2024-06-15 04:00:00,ZETA DIVISION,DRX,-0.22499999999999998,4,13
314341,Ascent,2024-06-15 06:40:00,Team Secret,BLEED,0.45833333333333337,10,13
314341,Sunset,2024-06-15 06:40:00,Team Secret,BLEED,0.45833333333333337,13,8
314341,Split,2024-06-15 06:40:00,Team Secret,BLEED,0.45833333333333337,13,8
359603,Icebox,2024-06-15 07:00:00,Titan Esports Club,JDG Esports,-0.07500000000000001,12,14
359603,Lotus,2024-06-15 07:00:00,Titan Esports Club,JDG Esports,-0.07500000000000001,11,13
359603,Bind,2024-06-15 07:00:00,Titan Esports Club,JDG Esports,-0.07500000000000001,5,13
359603,Icebox,2024-06-15 07:00:00,Titan Esports Club,JDG Esports,-0.07500000000000001,14,12
359603,Lotus,2024-06-15 07:00:00,Titan Esports Club,JDG Esports,-0.07500000000000001,13,10
314342,Split,2024-06-16 04:00:00,T1,Gen.G,-0.5273109243697478,13,15
314342,Lotus,2024-06-16 04:00:00,T1,Gen.G,-0.5273109243697478,13,5
314342,Sunset,2024-06-16 04:00:00,T1,Gen.G,-0.5273109243697478,9,13
314342,Lotus,2024-06-16 04:00:00,T1,Gen.G,-0.5273109243697478,2,13
314342,Icebox,2024-06-16 04:00:00,T1,Gen.G,-0.5273109243697478,11,13
314342,Bind,2024-06-16 04:00:00,T1,Gen.G,-0.5273109243697478,9,13
359604,Sunset,2024-06-16 05:00:00,All Gamers,TYLOO,0.07142857142857145,13,10
359604,Icebox,2024-06-16 05:00:00,All Gamers,TYLOO,0.07142857142857145,13,4
359605,Sunset,2024-06-16 07:05:00,Bilibili Gaming,Wolves Esports,0.23232323232323232,13,5
359605,Bind,2024-06-16 07:05:00,Bilibili Gaming,Wolves Esports,0.23232323232323232,13,7
359605,Ascent,2024-06-16 07:05:00,Bilibili Gaming,Wolves Esports,0.23232323232323232,9,13
359605,Icebox,2024-06-16 07:05:00,Bilibili Gaming,Wolves Esports,0.23232323232323232,7,13
314343,Icebox,2024-06-16 07:30:00,Paper Rex,Talon Esports,0.07407407407407407,13,4
314343,Sunset,2024-06-16 07:30:00,Paper Rex,Talon Esports,0.07407407407407407,13,7
314343,Ascent,2024-06-16 07:30:00,Paper Rex,Talon Esports,0.07407407407407407,13,3
314343,Sunset,2024-06-16 07:30:00,Paper Rex,Talon Esports,0.07407407407407407,13,3
314343,Lotus,2024-06-16 07:30:00,Paper Rex,Talon Esports,0.07407407407407407,13,0
314343,Sunset,2024-06-16 07:30:00,Paper Rex,Talon Esports,0.07407407407407407,13,9
314343,Bind,2024-06-16 07:30:00,Paper Rex,Talon Esports,0.07407407407407407,7,13
314344,Icebox,2024-06-17 04:00:00,Rex Regum Qeon,DetonatioN FocusMe,0.14285714285714285,15,13
314344,Ascent,2024-06-17 04:00:00,Rex Regum Qeon,DetonatioN FocusMe,0.14285714285714285,13,9
314345,Sunset,2024-06-17 06:35:00,Team Secret,Global Esports,0.2820512820512821,13,8
314345,Ascent,2024-06-17 06:35:00,Team Secret,Global Esports,0.2820512820512821,13,10
353153,Split,2024-06-18 14:00:00,FUT Esports,KOI,0.45000000000000007,13,7
353153,Lotus,2024-06-18 14:00:00,FUT Esports,KOI,0.45000000000000007,7,13
353153,Sunset,2024-06-18 14:00:00,FUT Esports,KOI,0.45000000000000007,13,6
353155,Sunset,2024-06-19 15:30:00,Team Heretics,Natus Vincere,0.2121212121212121,13,3
353155,Bind,2024-06-19 15:30:00,Team Heretics,Natus Vincere,0.2121212121212121,13,5
353155,Sunset,2024-06-19 15:30:00,Team Heretics,Natus Vincere,0.2121212121212121,16,14
353155,Breeze,2024-06-19 15:30:00,Team Heretics,Natus Vincere,0.2121212121212121,13,4
353157,Split,2024-06-20 12:00:00,GIANTX,Gentle Mates,-0.42857142857142855,1,13
353157,Sunset,2024-06-20 12:00:00,GIANTX,Gentle Mates,-0.42857142857142855,13,11
353157,Breeze,2024-06-20 12:00:00,GIANTX,Gentle Mates,-0.42857142857142855,13,11
353156,Lotus,2024-06-20 15:10:00,Team Vitality,Team Liquid,-0.006993006993007034,13,10
353156,Icebox,2024-06-20 15:10:00,Team Vitality,Team Liquid,-0.006993006993007034,17,15
359606,Ascent,2024-06-21 05:00:00,Dragon Ranger Gaming,Nova Esports,0.16666666666666669,13,7
359606,Lotus,2024-06-21 05:00:00,Dragon Ranger Gaming,Nova Esports,0.16666666666666669,12,14
359606,Sunset,2024-06-21 05:00:00,Dragon Ranger Gaming,Nova Esports,0.16666666666666669,5,13
359606,Bind,2024-06-21 05:00:00,Dragon Ranger Gaming,Nova Esports,0.16666666666666669,13,8
359606,Ascent,2024-06-21 05:00:00,Dragon Ranger Gaming,Nova Esports,0.16666666666666669,13,7
359607,Haven,2024-06-21 08:15:00,FunPlus Phoenix,Trace Esports,0.06302521008403361,13,5
359607,Lotus,2024-06-21 08:15:00,FunPlus Phoenix,Trace Esports,0.06302521008403361,13,15
359607,Sunset,2024-06-21 08:15:00,FunPlus Phoenix,Trace Esports,0.06302521008403361,6,13
359607,Ascent,2024-06-21 08:15:00,FunPlus Phoenix,Trace Esports,0.06302521008403361,3,13
359607,Haven,2024-06-21 08:15:00,FunPlus Phoenix,Trace Esports,0.06302521008403361,11,13
359607,Bind,2024-06-21 08:15:00,FunPlus Phoenix,Trace Esports,0.06302521008403361,13,10
359607,Lotus,2024-06-21 08:15:00,FunPlus Phoenix,Trace Esports,0.06302521008403361,13,8
353159,Lotus,2024-06-21 12:00:00,BBL Esports,Karmine Corp,0.055555555555555525,6,13
353159,Sunset,2024-06-21 12:00:00,BBL Esports,Karmine Corp,0.055555555555555525,5,13
353158,Ascent,2024-06-21 13:50:00,Natus Vincere,FUT Esports,-0.1547619047619047,11,13
353158,Lotus,2024-06-21 13:50:00,Natus Vincere,FUT Esports,-0.1547619047619047,5,13
314346,Lotus,2024-06-22 04:00:00,Talon Esports,Rex Regum Qeon,0.125,15,13
314346,Ascent,2024-06-22 04:00:00,Talon Esports,Rex Regum Qeon,0.125,10,13
314346,Icebox,2024-06-22 04:00:00,Talon Esports,Rex Regum Qeon,0.125,13,10
359608,Sunset,2024-06-22 05:00:00,Titan Esports Club,All Gamers,-0.2828282828282829,10,13
359608,Icebox,2024-06-22 05:00:00,Titan Esports Club,All Gamers,-0.2828282828282829,6,13
359609,Split,2024-06-22 07:00:00,EDward Gaming,Wolves Esports,0.3217391304347826,13,7
359609,Bind,2024-06-22 07:00:00,EDward Gaming,Wolves Esports,0.3217391304347826,12,14
359609,Icebox,2024-06-22 07:00:00,EDward Gaming,Wolves Esports,0.3217391304347826,7,13
314347,Split,2024-06-22 07:50:00,Paper Rex,DRX,-0.004201680672268893,13,4
314347,Haven,2024-06-22 07:50:00,Paper Rex,DRX,-0.004201680672268893,8,13
314347,Icebox,2024-06-22 07:50:00,Paper Rex,DRX,-0.004201680672268893,13,5
353177,Ascent,2024-06-22 17:00:00,MIBR,LEVIATÁN,-0.6142857142857143,9,13
353177,Icebox,2024-06-22 17:00:00,MIBR,LEVIATÁN,-0.6142857142857143,7,13
314348,Lotus,2024-06-23 04:00:00,Global Esports,BLEED,0.18888888888888888,13,6
314348,Sunset,2024-06-23 04:00:00,Global Esports,BLEED,0.18888888888888888,13,6
359610,Split,2024-06-23 05:00:00,TYLOO,Trace Esports,-0.29166666666666663,11,13
359610,Sunset,2024-06-23 05:00:00,TYLOO,Trace Esports,-0.29166666666666663,13,7
359610,Haven,2024-06-23 05:00:00,TYLOO,Trace Esports,-0.29166666666666663,4,13
314349,Haven,2024-06-23 06:05:00,DetonatioN FocusMe,ZETA DIVISION,-0.23863636363636365,7,13
314349,Sunset,2024-06-23 06:05:00,DetonatioN FocusMe,ZETA DIVISION,-0.23863636363636365,13,9
314349,Ascent,2024-06-23 06:05:00,DetonatioN FocusMe,ZETA DIVISION,-0.23863636363636365,13,10
359611,Split,2024-06-23 08:05:00,Nova Esports,Bilibili Gaming,-0.13636363636363635,16,14
359611,Bind,2024-06-23 08:05:00,Nova Esports,Bilibili Gaming,-0.13636363636363635,9,13
359611,Ascent,2024-06-23 08:05:00,Nova Esports,Bilibili Gaming,-0.13636363636363635,6,13
353179,Icebox,2024-06-23 17:00:00,FURIA,100 Thieves,-0.5333333333333333,14,12
353179,Haven,2024-06-23 17:00:00,FURIA,100 Thieves,-0.5333333333333333,16,14
353180,Lotus,2024-06-23 19:45:00,LOUD,Evil Geniuses,0.038461538461538436,13,7
353180,Sunset,2024-06-23 19:45:00,LOUD,Evil Geniuses,0.038461538461538436,6,13
353180,Icebox,2024-06-23 19:45:00,LOUD,Evil Geniuses,0.038461538461538436,11,13
314350,Split,2024-06-24 04:00:00,DRX,Rex Regum Qeon,0.27777777777777785,12,14
314350,Sunset,2024-06-24 04:00:00,DRX,Rex Regum Qeon,0.27777777777777785,12,14
314351,Haven,2024-06-24 06:20:00,Team Secret,T1,0.3650793650793651,10,13
314351,Split,2024-06-24 06:20:00,Team Secret,T1,0.3650793650793651,13,6
314351,Icebox,2024-06-24 06:20:00,Team Secret,T1,0.3650793650793651,14,12
314351,Lotus,2024-06-24 06:20:00,Team Secret,T1,0.3650793650793651,7,13
314351,Sunset,2024-06-24 06:20:00,Team Secret,T1,0.3650793650793651,11,13
353181,Ascent,2024-06-24 17:00:00,G2 Esports,Cloud9,-0.027272727272727337,13,11
353181,Icebox,2024-06-24 17:00:00,G2 Esports,Cloud9,-0.027272727272727337,5,13
353181,Lotus,2024-06-24 17:00:00,G2 Esports,Cloud9,-0.027272727272727337,13,8
353202,Sunset,2024-06-25 14:00:00,KOI,GIANTX,-0.1590909090909091,13,5
353202,Icebox,2024-06-25 14:00:00,KOI,GIANTX,-0.1590909090909091,14,12
359612,Sunset,2024-06-26 07:00:00,JDG Esports,FunPlus Phoenix,-0.2222222222222222,8,13
359612,Haven,2024-06-26 07:00:00,JDG Esports,FunPlus Phoenix,-0.2222222222222222,12,14
353161,Sunset,2024-06-26 12:00:00,Team Heretics,FUT Esports,0.08909090909090911,13,10
353161,Split,2024-06-26 12:00:00,Team Heretics,FUT Esports,0.08909090909090911,13,6
353161,Abyss,2024-06-26 12:00:00,Team Heretics,FUT Esports,0.08909090909090911,13,10
353161,Sunset,2024-06-26 12:00:00,Team Heretics,FUT Esports,0.08909090909090911,13,11
353161,Bind,2024-06-26 12:00:00,Team Heretics,FUT Esports,0.08909090909090911,13,7
353161,Sunset,2024-06-26 12:00:00,Team Heretics,FUT Esports,0.08909090909090911,13,4
359613,Lotus,2024-06-27 07:00:00,EDward Gaming,Dragon Ranger Gaming,0.0625,11,13
359613,Haven,2024-06-27 07:00:00,EDward Gaming,Dragon Ranger Gaming,0.0625,5,13
359613,Ascent,2024-06-27 07:00:00,EDward Gaming,Dragon Ranger Gaming,0.0625,13,3
359613,Split,2024-06-27 07:00:00,EDward Gaming,Dragon Ranger Gaming,0.0625,13,9
359613,Breeze,2024-06-27 07:00:00,EDward Gaming,Dragon Ranger Gaming,0.0625,13,10
359613,Split,2024-06-27 07:00:00,EDward Gaming,Dragon Ranger Gaming,0.0625,13,3
359613,Ascent,2024-06-27 07:00:00,EDward Gaming,Dragon Ranger Gaming,0.0625,2,13
359613,Bind,2024-06-27 07:00:00,EDward Gaming,Dragon Ranger Gaming,0.0625,13,6
353162,Lotus,2024-06-27 12:00:00,BBL Esports,Team Liquid,-0.028571428571428525,13,6
353162,Ascent,2024-06-27 12:00:00,BBL Esports,Team Liquid,-0.028571428571428525,13,5
353163,Lotus,2024-06-27 14:00:00,Natus Vincere,GIANTX,0.16239316239316243,9,13
353163,Ascent,2024-06-27 14:00:00,Natus Vincere,GIANTX,0.16239316239316243,8,13
359614,Icebox,2024-06-28 05:00:00,Nova Esports,Wolves Esports,0.06060606060606061,14,12
359614,Sunset,2024-06-28 05:00:00,Nova Esports,Wolves Esports,0.06060606060606061,15,13
359615,Bind,2024-06-28 07:35:00,JDG Esports,Trace Esports,-0.2875,13,2
359615,Sunset,2024-06-28 07:35:00,JDG Esports,Trace Esports,-0.2875,8,13
359615,Haven,2024-06-28 07:35:00,JDG Esports,Trace Esports,-0.2875,13,6
353164,Sunset,2024-06-28 12:00:00,KOI,Gentle Mates,-0.33333333333333337,11,13
353164,Split,2024-06-28 12:00:00,KOI,Gentle Mates,-0.33333333333333337,11,13
314352,Lotus,2024-06-29 04:00:00,Talon Esports,DetonatioN FocusMe,0.3232323232323232,13,7
314352,Sunset,2024-06-29 04:00:00,Talon Esports,DetonatioN FocusMe,0.3232323232323232,13,10
359616,Bind,2024-06-29 05:00:00,Titan Esports Club,TYLOO,-0.08333333333333331,11,13
359616,Ascent,2024-06-29 05:00:00,Titan Esports Club,TYLOO,-0.08333333333333331,13,9
359616,Icebox,2024-06-29 05:00:00,Titan Esports Club,TYLOO,-0.08333333333333331,9,13
314353,Split,2024-06-29 06:10:00,ZETA DIVISION,Rex Regum Qeon,-0.06666666666666671,8,13
314353,Sunset,2024-06-29 06:10:00,ZETA DIVISION,Rex Regum Qeon,-0.06666666666666671,10,13
359617,Sunset,2024-06-29 08:30:00,All Gamers,FunPlus Phoenix,-0.08421052631578951,11,13
359617,Haven,2024-06-29 08:30:00,All Gamers,FunPlus Phoenix,-0.08421052631578951,13,8
359617,Ascent,2024-06-29 08:30:00,All Gamers,FunPlus Phoenix,-0.08421052631578951,7,13
353182,Bind,2024-06-29 17:00:00,Evil Geniuses,FURIA,0.375,13,5
353182,Lotus,2024-06-29 17:00:00,Evil Geniuses,FURIA,0.375,13,4
314354,Icebox,2024-06-30 04:00:00,Global Esports,T1,0.10047846889952156,13,10
314354,Lotus,2024-06-30 04:00:00,Global Esports,T1,0.10047846889952156,8,13
314354,Ascent,2024-06-30 04:00:00,Global Esports,T1,0.10047846889952156,8,13
359618,Lotus,2024-06-30 05:00:00,Bilibili Gaming,Dragon Ranger Gaming,0.0678733031674208,13,11
359618,Ascent,2024-06-30 05:00:00,Bilibili Gaming,Dragon Ranger Gaming,0.0678733031674208,13,11
314355,Ascent,2024-06-30 07:15:00,BLEED,Gen.G,-0.7275862068965517,6,13
314355,Sunset,2024-06-30 07:15:00,BLEED,Gen.G,-0.7275862068965517,13,10
314355,Icebox,2024-06-30 07:15:00,BLEED,Gen.G,-0.7275862068965517,11,13
359619,Lotus,2024-06-30 07:20:00,EDward Gaming,Nova Esports,0.09538461538461535,13,9
359619,Bind,2024-06-30 07:20:00,EDward Gaming,Nova Esports,0.09538461538461535,13,6
353184,Ascent,2024-06-30 17:00:00,LOUD,MIBR,0.3827751196172249,13,7
353184,Lotus,2024-06-30 17:00:00,LOUD,MIBR,0.3827751196172249,11,13
353184,Sunset,2024-06-30 17:00:00,LOUD,MIBR,0.3827751196172249,13,9
353185,Bind,2024-06-30 20:20:00,LEVIATÁN,100 Thieves,0.23333333333333328,13,10
353185,Haven,2024-06-30 20:20:00,LEVIATÁN,100 Thieves,0.23333333333333328,13,4
353185,Bind,2024-06-30 20:20:00,LEVIATÁN,100 Thieves,0.23333333333333328,3,13
353185,Sunset,2024-06-30 20:20:00,LEVIATÁN,100 Thieves,0.23333333333333328,14,12
353185,Icebox,2024-06-30 20:20:00,LEVIATÁN,100 Thieves,0.23333333333333328,10,13
353185,Bind,2024-06-30 20:20:00,LEVIATÁN,100 Thieves,0.23333333333333328,13,9
353185,Split,2024-06-30 20:20:00,LEVIATÁN,100 Thieves,0.23333333333333328,3,13
353185,Icebox,2024-06-30 20:20:00,LEVIATÁN,100 Thieves,0.23333333333333328,13,11
314356,Icebox,2024-07-01 04:00:00,Paper Rex,DetonatioN FocusMe,0.4551724137931034,13,4
314356,Sunset,2024-07-01 04:00:00,Paper Rex,DetonatioN FocusMe,0.4551724137931034,13,8
314357,Ascent,2024-07-01 06:00:00,DRX,Talon Esports,-0.004385964912280715,11,13
314357,Haven,2024-07-01 06:00:00,DRX,Talon Esports,-0.004385964912280715,13,10
314357,Icebox,2024-07-01 06:00:00,DRX,Talon Esports,-0.004385964912280715,13,5
314357,Ascent,2024-07-01 06:00:00,DRX,Talon Esports,-0.004385964912280715,13,8
314357,Abyss,2024-07-01 06:00:00,DRX,Talon Esports,-0.004385964912280715,13,4
314357,Split,2024-07-01 06:00:00,DRX,Talon Esports,-0.004385964912280715,13,10
314357,Ascent,2024-07-01 06:00:00,DRX,Talon Esports,-0.004385964912280715,13,8
353187,Haven,2024-07-01 19:25:00,Sentinels,Cloud9,-0.25108225108225113,13,5
353187,Split,2024-07-01 19:25:00,Sentinels,Cloud9,-0.25108225108225113,13,8
353188,Icebox,2024-07-02 17:00:00,Evil Geniuses,LEVIATÁN,-0.21666666666666667,5,13
353188,Sunset,2024-07-02 17:00:00,Evil Geniuses,LEVIATÁN,-0.21666666666666667,10,13
353189,Haven,2024-07-02 19:15:00,LOUD,FURIA,0.3888888888888889,13,11
353189,Icebox,2024-07-02 19:15:00,LOUD,FURIA,0.3888888888888889,10,13
353189,Bind,2024-07-02 19:15:00,LOUD,FURIA,0.3888888888888889,9,13
359621,Haven,2024-07-03 07:00:00,All Gamers,Trace Esports,-0.10160427807486638,6,13
359621,Sunset,2024-07-03 07:00:00,All Gamers,Trace Esports,-0.10160427807486638,4,13
353166,Bind,2024-07-03 12:00:00,Team Heretics,GIANTX,0.3923076923076923,13,9
353166,Split,2024-07-03 12:00:00,Team Heretics,GIANTX,0.3923076923076923,13,15
353166,Haven,2024-07-03 12:00:00,Team Heretics,GIANTX,0.3923076923076923,13,9
353167,Sunset,2024-07-03 15:25:00,FUT Esports,Gentle Mates,0.009661835748792202,13,8
353167,Split,2024-07-03 15:25:00,FUT Esports,Gentle Mates,0.009661835748792202,13,4
353190,Icebox,2024-07-03 17:00:00,MIBR,100 Thieves,-0.3872549019607843,5,13
353190,Split,2024-07-03 17:00:00,MIBR,100 Thieves,-0.3872549019607843,6,13
359622,Lotus,2024-07-04 07:00:00,Titan Esports Club,FunPlus Phoenix,-0.4692307692307692,13,9
359622,Sunset,2024-07-04 07:00:00,Titan Esports Club,FunPlus Phoenix,-0.4692307692307692,13,6
353168,Split,2024-07-04 12:00:00,KOI,Natus Vincere,-0.2032967032967033,13,10
353168,Icebox,2024-07-04 12:00:00,KOI,Natus Vincere,-0.2032967032967033,13,6
353169,Bind,2024-07-04 14:05:00,Team Liquid,Karmine Corp,0.0,13,11
353169,Sunset,2024-07-04 14:05:00,Team Liquid,Karmine Corp,0.0,13,2
314358,Lotus,2024-07-05 04:00:00,Paper Rex,Rex Regum Qeon,0.2121212121212121,13,7
314358,Ascent,2024-07-05 04:00:00,Paper Rex,Rex Regum Qeon,0.2121212121212121,7,13
314358,Sunset,2024-07-05 04:00:00,Paper Rex,Rex Regum Qeon,0.2121212121212121,13,10
359623,Haven,2024-07-05 05:00:00,TYLOO,JDG Esports,-0.05454545454545451,1,13
359623,Icebox,2024-07-05 05:00:00,TYLOO,JDG Esports,-0.05454545454545451,9,13
314359,Lotus,2024-07-05 07:00:00,Gen.G,Global Esports,0.5,13,1
314359,Ascent,2024-07-05 07:00:00,Gen.G,Global Esports,0.5,13,6
359624,Icebox,2024-07-05 07:00:00,Dragon Ranger Gaming,Wolves Esports,0.19444444444444442,7,13
359624,Ascent,2024-07-05 07:00:00,Dragon Ranger Gaming,Wolves Esports,0.19444444444444442,6,13
353170,Ascent,2024-07-05 12:00:00,BBL Esports,Team Vitality,-0.006993006993007034,7,13
353170,Sunset,2024-07-05 12:00:00,BBL Esports,Team Vitality,-0.006993006993007034,13,6
353170,Lotus,2024-07-05 12:00:00,BBL Esports,Team Vitality,-0.006993006993007034,11,13
353171,Sunset,2024-07-05 15:00:00,Team Heretics,Gentle Mates,0.20370370370370372,13,7
353171,Icebox,2024-07-05 15:00:00,Team Heretics,Gentle Mates,0.20370370370370372,10,13
353171,Lotus,2024-07-05 15:00:00,Team Heretics,Gentle Mates,0.20370370370370372,13,5
314360,Icebox,2024-07-06 04:00:00,DRX,DetonatioN FocusMe,0.41818181818181815,13,7
314360,Ascent,2024-07-06 04:00:00,DRX,DetonatioN FocusMe,0.41818181818181815,6,13
314360,Haven,2024-07-06 04:00:00,DRX,DetonatioN FocusMe,0.41818181818181815,13,2
314360,Lotus,2024-07-06 04:00:00,DRX,DetonatioN FocusMe,0.41818181818181815,13,8
314360,Breeze,2024-07-06 04:00:00,DRX,DetonatioN FocusMe,0.41818181818181815,13,8
359625,Lotus,2024-07-06 05:00:00,Trace Esports,Titan Esports Club,0.38095238095238093,13,11
359625,Bind,2024-07-06 05:00:00,Trace Esports,Titan Esports Club,0.38095238095238093,8,13
359625,Haven,2024-07-06 05:00:00,Trace Esports,Titan Esports Club,0.38095238095238093,13,10
359625,Breeze,2024-07-06 05:00:00,Trace Esports,Titan Esports Club,0.38095238095238093,16,18
359625,Lotus,2024-07-06 05:00:00,Trace Esports,Titan Esports Club,0.38095238095238093,13,6
359625,Split,2024-07-06 05:00:00,Trace Esports,Titan Esports Club,0.38095238095238093,13,8
314361,Ascent,2024-07-06 06:45:00,ZETA DIVISION,Talon Esports,-0.23076923076923073,13,6
314361,Lotus,2024-07-06 06:45:00,ZETA DIVISION,Talon Esports,-0.23076923076923073,8,13
314361,Haven,2024-07-06 06:45:00,ZETA DIVISION,Talon Esports,-0.23076923076923073,13,8
359626,Icebox,2024-07-06 08:20:00,EDward Gaming,Bilibili Gaming,-0.0714285714285714,13,11
359626,Haven,2024-07-06 08:20:00,EDward Gaming,Bilibili Gaming,-0.0714285714285714,13,8
359626,Sunset,2024-07-06 08:20:00,EDward Gaming,Bilibili Gaming,-0.0714285714285714,13,5
359626,Bind,2024-07-06 08:20:00,EDward Gaming,Bilibili Gaming,-0.0714285714285714,7,13
359626,Lotus,2024-07-06 08:20:00,EDward Gaming,Bilibili Gaming,-0.0714285714285714,13,10
353193,Lotus,2024-07-06 20:35:00,LOUD,LEVIATÁN,-0.28851540616246496,11,13
353193,Icebox,2024-07-06 20:35:00,LOUD,LEVIATÁN,-0.28851540616246496,6,13
353193,Bind,2024-07-06 20:35:00,LOUD,LEVIATÁN,-0.28851540616246496,11,13
353193,Split,2024-07-06 20:35:00,LOUD,LEVIATÁN,-0.28851540616246496,13,10
353193,Ascent,2024-07-06 20:35:00,LOUD,LEVIATÁN,-0.28851540616246496,13,7
314362,Sunset,2024-07-07 04:00:00,Gen.G,Team Secret,0.17204301075268824,6,13
314362,Lotus,2024-07-07 04:00:00,Gen.G,Team Secret,0.17204301075268824,13,7
314362,Split,2024-07-07 04:00:00,Gen.G,Team Secret,0.17204301075268824,12,14
359627,Haven,2024-07-07 05:00:00,JDG Esports,All Gamers,0.0,13,8
359627,Icebox,2024-07-07 05:00:00,JDG Esports,All Gamers,0.0,13,3
359627,Icebox,2024-07-07 05:00:00,JDG Esports,All Gamers,0.0,13,11
359627,Sunset,2024-07-07 05:00:00,JDG Esports,All Gamers,0.0,13,8
314363,Ascent,2024-07-07 07:00:00,Paper Rex,ZETA DIVISION,0.3202764976958525,9,13
314363,Lotus,2024-07-07 07:00:00,Paper Rex,ZETA DIVISION,0.3202764976958525,13,8
314363,Sunset,2024-07-07 07:00:00,Paper Rex,ZETA DIVISION,0.3202764976958525,13,4
359628,Icebox,2024-07-07 07:00:00,TYLOO,FunPlus Phoenix,-0.303030303030303,5,13
359628,Haven,2024-07-07 07:00:00,TYLOO,FunPlus Phoenix,-0.303030303030303,14,12
359628,Ascent,2024-07-07 07:00:00,TYLOO,FunPlus Phoenix,-0.303030303030303,13,4
353194,Sunset,2024-07-07 17:00:00,MIBR,FURIA,-0.12307692307692308,10,13
353194,Icebox,2024-07-07 17:00:00,MIBR,FURIA,-0.12307692307692308,7,13
314364,Bind,2024-07-08 04:00:00,T1,BLEED,0.20909090909090908,13,11
314364,Lotus,2024-07-08 04:00:00,T1,BLEED,0.20909090909090908,9,13
314364,Ascent,2024-07-08 04:00:00,T1,BLEED,0.20909090909090908,13,8
314364,Breeze,2024-07-08 04:00:00,T1,BLEED,0.20909090909090908,18,16
314364,Lotus,2024-07-08 04:00:00,T1,BLEED,0.20909090909090908,13,6
353196,Lotus,2024-07-08 17:00:00,Evil Geniuses,100 Thieves,0.0,10,13
353196,Bind,2024-07-08 17:00:00,Evil Geniuses,100 Thieves,0.0,13,10
353196,Ascent,2024-07-08 17:00:00,Evil Geniuses,100 Thieves,0.0,7,13
353172,Split,2024-07-09 14:00:00,FUT Esports,GIANTX,0.31060606060606066,13,4
353172,Lotus,2024-07-09 14:00:00,FUT Esports,GIANTX,0.31060606060606066,13,6
353172,Split,2024-07-09 14:00:00,FUT Esports,GIANTX,0.31060606060606066,13,6
353172,Icebox,2024-07-09 14:00:00,FUT Esports,GIANTX,0.31060606060606066,8,13
353172,Sunset,2024-07-09 14:00:00,FUT Esports,GIANTX,0.31060606060606066,13,7
353173,Icebox,2024-07-10 12:00:00,Team Heretics,KOI,0.5,11,13
353173,Bind,2024-07-10 12:00:00,Team Heretics,KOI,0.5,13,9
353173,Haven,2024-07-10 12:00:00,Team Heretics,KOI,0.5,13,10
353175,Sunset,2024-07-11 12:00:00,Natus Vincere,Gentle Mates,-0.12121212121212122,13,7
353175,Ascent,2024-07-11 12:00:00,Natus Vincere,Gentle Mates,-0.12121212121212122,8,13
353175,Split,2024-07-11 12:00:00,Natus Vincere,Gentle Mates,-0.12121212121212122,13,11
353203,Icebox,2024-07-11 15:10:00,Team Vitality,Karmine Corp,0.11904761904761907,13,4
353203,Lotus,2024-07-11 15:10:00,Team Vitality,Karmine Corp,0.11904761904761907,9,13
353203,Sunset,2024-07-11 15:10:00,Team Vitality,Karmine Corp,0.11904761904761907,14,12
365316,Haven,2024-07-12 04:00:00,Gen.G,Rex Regum Qeon,0.3958333333333333,13,8
365316,Bind,2024-07-12 04:00:00,Gen.G,Rex Regum Qeon,0.3958333333333333,13,11
365316,Breeze,2024-07-12 04:00:00,Gen.G,Rex Regum Qeon,0.3958333333333333,13,3
365316,Ascent,2024-07-12 04:00:00,Gen.G,Rex Regum Qeon,0.3958333333333333,11,13
365316,Split,2024-07-12 04:00:00,Gen.G,Rex Regum Qeon,0.3958333333333333,10,13
365316,Icebox,2024-07-12 04:00:00,Gen.G,Rex Regum Qeon,0.3958333333333333,13,11
365316,Split,2024-07-12 04:00:00,Gen.G,Rex Regum Qeon,0.3958333333333333,11,13
365316,Sunset,2024-07-12 04:00:00,Gen.G,Rex Regum Qeon,0.3958333333333333,13,8
365316,Lotus,2024-07-12 04:00:00,Gen.G,Rex Regum Qeon,0.3958333333333333,13,7
365316,Breeze,2024-07-12 04:00:00,Gen.G,Rex Regum Qeon,0.3958333333333333,10,13
365316,Icebox,2024-07-12 04:00:00,Gen.G,Rex Regum Qeon,0.3958333333333333,13,11
365317,Lotus,2024-07-12 06:15:00,Team Secret,Talon Esports,0.1875,11,13
365317,Abyss,2024-07-12 06:15:00,Team Secret,Talon Esports,0.1875,11,13
365317,Sunset,2024-07-12 06:15:00,Team Secret,Talon Esports,0.1875,13,11
365317,Lotus,2024-07-12 06:15:00,Team Secret,Talon Esports,0.1875,11,13
365317,Breeze,2024-07-12 06:15:00,Team Secret,Talon Esports,0.1875,10,13
365317,Breeze,2024-07-12 06:15:00,Team Secret,Talon Esports,0.1875,8,13
365317,Ascent,2024-07-12 06:15:00,Team Secret,Talon Esports,0.1875,3,13
365318,Ascent,2024-07-13 04:00:00,Paper Rex,Gen.G,-0.13068181818181823,10,13
365318,Icebox,2024-07-13 04:00:00,Paper Rex,Gen.G,-0.13068181818181823,5,13
365318,Lotus,2024-07-13 04:00:00,Paper Rex,Gen.G,-0.13068181818181823,9,13
365318,Sunset,2024-07-13 04:00:00,Paper Rex,Gen.G,-0.13068181818181823,13,9
365318,Icebox,2024-07-13 04:00:00,Paper Rex,Gen.G,-0.13068181818181823,13,11
365318,Bind,2024-07-13 04:00:00,Paper Rex,Gen.G,-0.13068181818181823,9,13
365318,Split,2024-07-13 04:00:00,Paper Rex,Gen.G,-0.13068181818181823,13,8
365318,Ascent,2024-07-13 04:00:00,Paper Rex,Gen.G,-0.13068181818181823,5,13
365318,Split,2024-07-13 04:00:00,Paper Rex,Gen.G,-0.13068181818181823,13,4
365318,Lotus,2024-07-13 04:00:00,Paper Rex,Gen.G,-0.13068181818181823,11,13
365318,Bind,2024-07-13 04:00:00,Paper Rex,Gen.G,-0.13068181818181823,4,13
365319,Ascent,2024-07-13 06:05:00,DRX,Talon Esports,0.08571428571428574,11,13
365319,Haven,2024-07-13 06:05:00,DRX,Talon Esports,0.08571428571428574,13,10
365319,Icebox,2024-07-13 06:05:00,DRX,Talon Esports,0.08571428571428574,13,5
365319,Ascent,2024-07-13 06:05:00,DRX,Talon Esports,0.08571428571428574,13,8
365319,Abyss,2024-07-13 06:05:00,DRX,Talon Esports,0.08571428571428574,13,4
365319,Split,2024-07-13 06:05:00,DRX,Talon Esports,0.08571428571428574,13,10
365319,Ascent,2024-07-13 06:05:00,DRX,Talon Esports,0.08571428571428574,13,8
353198,Bind,2024-07-13 17:00:00,Evil Geniuses,MIBR,0.39915966386554624,9,13
353198,Lotus,2024-07-13 17:00:00,Evil Geniuses,MIBR,0.39915966386554624,2,13
353199,Sunset,2024-07-13 19:10:00,LEVIATÁN,FURIA,0.5050505050505051,13,6
353199,Icebox,2024-07-13 19:10:00,LEVIATÁN,FURIA,0.5050505050505051,13,6
365320,Haven,2024-07-14 04:00:00,Gen.G,DRX,0.1871657754010695,13,9
365320,Sunset,2024-07-14 04:00:00,Gen.G,DRX,0.1871657754010695,10,13
365320,Bind,2024-07-14 04:00:00,Gen.G,DRX,0.1871657754010695,13,6
365320,Haven,2024-07-14 04:00:00,Gen.G,DRX,0.1871657754010695,6,13
365320,Bind,2024-07-14 04:00:00,Gen.G,DRX,0.1871657754010695,18,16
365320,Lotus,2024-07-14 04:00:00,Gen.G,DRX,0.1871657754010695,14,12
365320,Icebox,2024-07-14 04:00:00,Gen.G,DRX,0.1871657754010695,13,6
365320,Bind,2024-07-14 04:00:00,Gen.G,DRX,0.1871657754010695,10,13
365320,Ascent,2024-07-14 04:00:00,Gen.G,DRX,0.1871657754010695,13,9
365320,Split,2024-07-14 04:00:00,Gen.G,DRX,0.1871657754010695,7,13
365320,Bind,2024-07-14 04:00:00,Gen.G,DRX,0.1871657754010695,8,13
365320,Sunset,2024-07-14 04:00:00,Gen.G,DRX,0.1871657754010695,13,11
365320,Ascent,2024-07-14 04:00:00,Gen.G,DRX,0.1871657754010695,13,8
365322,Icebox,2024-07-14 07:15:00,Paper Rex,Talon Esports,0.16666666666666663,13,4
365322,Sunset,2024-07-14 07:15:00,Paper Rex,Talon Esports,0.16666666666666663,13,7
365322,Ascent,2024-07-14 07:15:00,Paper Rex,Talon Esports,0.16666666666666663,13,3
365322,Sunset,2024-07-14 07:15:00,Paper Rex,Talon Esports,0.16666666666666663,13,3
365322,Lotus,2024-07-14 07:15:00,Paper Rex,Talon Esports,0.16666666666666663,13,0
365322,Sunset,2024-07-14 07:15:00,Paper Rex,Talon Esports,0.16666666666666663,13,9
365322,Bind,2024-07-14 07:15:00,Paper Rex,Talon Esports,0.16666666666666663,7,13
353200,Ascent,2024-07-14 17:00:00,LOUD,100 Thieves,-0.07177033492822965,1,13
353200,Bind,2024-07-14 17:00:00,LOUD,100 Thieves,-0.07177033492822965,13,8
353200,Lotus,2024-07-14 17:00:00,LOUD,100 Thieves,-0.07177033492822965,13,10
353201,Bind,2024-07-14 20:00:00,Sentinels,G2 Esports,-0.30000000000000004,6,13
353201,Lotus,2024-07-14 20:00:00,Sentinels,G2 Esports,-0.30000000000000004,9,13
353201,Sunset,2024-07-14 20:00:00,Sentinels,G2 Esports,-0.30000000000000004,13,8
353201,Breeze,2024-07-14 20:00:00,Sentinels,G2 Esports,-0.30000000000000004,9,13
353201,Split,2024-07-14 20:00:00,Sentinels,G2 Esports,-0.30000000000000004,9,13
371278,Haven,2024-07-15 12:00:00,Team Vitality,Natus Vincere,0.15833333333333333,8,13
371278,Sunset,2024-07-15 12:00:00,Team Vitality,Natus Vincere,0.15833333333333333,13,5
371278,Ascent,2024-07-15 12:00:00,Team Vitality,Natus Vincere,0.15833333333333333,13,7
371278,Bind,2024-07-15 12:00:00,Team Vitality,Natus Vincere,0.15833333333333333,9,13
371278,Lotus,2024-07-15 12:00:00,Team Vitality,Natus Vincere,0.15833333333333333,4,13
370723,Lotus,2024-07-16 04:00:00,Trace Esports,All Gamers,0.22267206477732793,13,7
370723,Sunset,2024-07-16 04:00:00,Trace Esports,All Gamers,0.22267206477732793,13,10
370723,Sunset,2024-07-16 04:00:00,Trace Esports,All Gamers,0.22267206477732793,13,9
370723,Breeze,2024-07-16 04:00:00,Trace Esports,All Gamers,0.22267206477732793,13,7
370722,Sunset,2024-07-16 06:25:00,JDG Esports,Bilibili Gaming,0.00512820512820511,9,13
370722,Icebox,2024-07-16 06:25:00,JDG Esports,Bilibili Gaming,0.00512820512820511,7,13
371280,Icebox,2024-07-16 12:00:00,Team Heretics,Team Vitality,0.16163793103448276,14,12
371280,Sunset,2024-07-16 12:00:00,Team Heretics,Team Vitality,0.16163793103448276,10,13
371280,Bind,2024-07-16 12:00:00,Team Heretics,Team Vitality,0.16163793103448276,12,14
370725,Haven,2024-07-17 04:00:00,FunPlus Phoenix,Trace Esports,-0.0636363636363636,13,5
370725,Lotus,2024-07-17 04:00:00,FunPlus Phoenix,Trace Esports,-0.0636363636363636,13,15
370725,Sunset,2024-07-17 04:00:00,FunPlus Phoenix,Trace Esports,-0.0636363636363636,6,13
370725,Ascent,2024-07-17 04:00:00,FunPlus Phoenix,Trace Esports,-0.0636363636363636,3,13
370725,Haven,2024-07-17 04:00:00,FunPlus Phoenix,Trace Esports,-0.0636363636363636,11,13
370725,Bind,2024-07-17 04:00:00,FunPlus Phoenix,Trace Esports,-0.0636363636363636,13,10
370725,Lotus,2024-07-17 04:00:00,FunPlus Phoenix,Trace Esports,-0.0636363636363636,13,8
370724,Icebox,2024-07-17 06:10:00,EDward Gaming,Bilibili Gaming,-0.04398148148148151,13,11
370724,Haven,2024-07-17 06:10:00,EDward Gaming,Bilibili Gaming,-0.04398148148148151,13,8
370724,Sunset,2024-07-17 06:10:00,EDward Gaming,Bilibili Gaming,-0.04398148148148151,13,5
370724,Bind,2024-07-17 06:10:00,EDward Gaming,Bilibili Gaming,-0.04398148148148151,7,13
370724,Lotus,2024-07-17 06:10:00,EDward Gaming,Bilibili Gaming,-0.04398148148148151,13,10
371284,Sunset,2024-07-17 14:15:00,Team Heretics,FUT Esports,0.12307692307692308,13,10
371284,Split,2024-07-17 14:15:00,Team Heretics,FUT Esports,0.12307692307692308,13,6
371284,Abyss,2024-07-17 14:15:00,Team Heretics,FUT Esports,0.12307692307692308,13,10
371284,Sunset,2024-07-17 14:15:00,Team Heretics,FUT Esports,0.12307692307692308,13,11
371284,Bind,2024-07-17 14:15:00,Team Heretics,FUT Esports,0.12307692307692308,13,7
371284,Sunset,2024-07-17 14:15:00,Team Heretics,FUT Esports,0.12307692307692308,13,4
371267,Haven,2024-07-17 20:30:00,Sentinels,100 Thieves,-0.021739130434782594,7,13
371267,Ascent,2024-07-17 20:30:00,Sentinels,100 Thieves,-0.021739130434782594,10,13
371267,Icebox,2024-07-17 20:30:00,Sentinels,100 Thieves,-0.021739130434782594,13,10
371267,Split,2024-07-17 20:30:00,Sentinels,100 Thieves,-0.021739130434782594,13,6
371267,Lotus,2024-07-17 20:30:00,Sentinels,100 Thieves,-0.021739130434782594,13,5
371267,Bind,2024-07-17 20:30:00,Sentinels,100 Thieves,-0.021739130434782594,6,13
371267,Split,2024-07-17 20:30:00,Sentinels,100 Thieves,-0.021739130434782594,13,8
370726,Bind,2024-07-18 04:00:00,Trace Esports,EDward Gaming,0.1785714285714286,7,13
370726,Sunset,2024-07-18 04:00:00,Trace Esports,EDward Gaming,0.1785714285714286,10,13
370726,Sunset,2024-07-18 04:00:00,Trace Esports,EDward Gaming,0.1785714285714286,2,13
370726,Abyss,2024-07-18 04:00:00,Trace Esports,EDward Gaming,0.1785714285714286,5,13
370726,Sunset,2024-07-18 04:00:00,Trace Esports,EDward Gaming,0.1785714285714286,13,15
370726,Breeze,2024-07-18 04:00:00,Trace Esports,EDward Gaming,0.1785714285714286,12,14
370728,Ascent,2024-07-18 05:50:00,FunPlus Phoenix,Bilibili Gaming,0.07928388746803072,13,3
370728,Icebox,2024-07-18 05:50:00,FunPlus Phoenix,Bilibili Gaming,0.07928388746803072,12,14
370728,Lotus,2024-07-18 05:50:00,FunPlus Phoenix,Bilibili Gaming,0.07928388746803072,13,10
371269,Lotus,2024-07-18 18:55:00,G2 Esports,100 Thieves,0.2838827838827839,13,5
371269,Abyss,2024-07-18 18:55:00,G2 Esports,100 Thieves,0.2838827838827839,13,10
371269,Bind,2024-07-18 18:55:00,G2 Esports,100 Thieves,0.2838827838827839,9,13
371269,Split,2024-07-18 18:55:00,G2 Esports,100 Thieves,0.2838827838827839,8,13
371269,Ascent,2024-07-18 18:55:00,G2 Esports,100 Thieves,0.2838827838827839,5,13
371269,Bind,2024-07-18 18:55:00,G2 Esports,100 Thieves,0.2838827838827839,13,8
371269,Split,2024-07-18 18:55:00,G2 Esports,100 Thieves,0.2838827838827839,11,13
370729,Lotus,2024-07-19 04:00:00,Trace Esports,FunPlus Phoenix,0.05681818181818177,13,11
370729,Ascent,2024-07-19 04:00:00,Trace Esports,FunPlus Phoenix,0.05681818181818177,13,8
370729,Abyss,2024-07-19 04:00:00,Trace Esports,FunPlus Phoenix,0.05681818181818177,8,13
370729,Bind,2024-07-19 04:00:00,Trace Esports,FunPlus Phoenix,0.05681818181818177,9,13
370729,Haven,2024-07-19 04:00:00,Trace Esports,FunPlus Phoenix,0.05681818181818177,8,13
370729,Sunset,2024-07-19 04:00:00,Trace Esports,FunPlus Phoenix,0.05681818181818177,11,13
370729,Bind,2024-07-19 04:00:00,Trace Esports,FunPlus Phoenix,0.05681818181818177,13,11
370729,Lotus,2024-07-19 04:00:00,Trace Esports,FunPlus Phoenix,0.05681818181818177,10,13
371285,Icebox,2024-07-19 12:00:00,Team Vitality,Team Heretics,-0.15412186379928317,6,13
371285,Sunset,2024-07-19 12:00:00,Team Vitality,Team Heretics,-0.15412186379928317,13,4
371285,Lotus,2024-07-19 12:00:00,Team Vitality,Team Heretics,-0.15412186379928317,13,3
371285,Haven,2024-07-19 12:00:00,Team Vitality,Team Heretics,-0.15412186379928317,13,9
371285,Breeze,2024-07-19 12:00:00,Team Vitality,Team Heretics,-0.15412186379928317,13,9
371285,Sunset,2024-07-19 12:00:00,Team Vitality,Team Heretics,-0.15412186379928317,11,13
371285,Icebox,2024-07-19 12:00:00,Team Vitality,Team Heretics,-0.15412186379928317,13,9
371270,Icebox,2024-07-19 17:00:00,LEVIATÁN,G2 Esports,-0.014814814814814725,8,13
371270,Bind,2024-07-19 17:00:00,LEVIATÁN,G2 Esports,-0.014814814814814725,6,13
365323,Abyss,2024-07-20 04:00:00,DRX,Paper Rex,-0.06777493606138107,7,13
365323,Lotus,2024-07-20 04:00:00,DRX,Paper Rex,-0.06777493606138107,10,13
365323,Bind,2024-07-20 04:00:00,DRX,Paper Rex,-0.06777493606138107,13,10
365323,Icebox,2024-07-20 04:00:00,DRX,Paper Rex,-0.06777493606138107,13,10
365323,Ascent,2024-07-20 04:00:00,DRX,Paper Rex,-0.06777493606138107,13,7
365323,Lotus,2024-07-20 04:00:00,DRX,Paper Rex,-0.06777493606138107,6,13
365323,Ascent,2024-07-20 04:00:00,DRX,Paper Rex,-0.06777493606138107,13,10
365323,Bind,2024-07-20 04:00:00,DRX,Paper Rex,-0.06777493606138107,6,13
370727,Sunset,2024-07-20 04:30:00,EDward Gaming,FunPlus Phoenix,-0.08827586206896554,13,9
370727,Abyss,2024-07-20 04:30:00,EDward Gaming,FunPlus Phoenix,-0.08827586206896554,8,13
370727,Haven,2024-07-20 04:30:00,EDward Gaming,FunPlus Phoenix,-0.08827586206896554,13,7
370727,Icebox,2024-07-20 04:30:00,EDward Gaming,FunPlus Phoenix,-0.08827586206896554,9,13
370727,Bind,2024-07-20 04:30:00,EDward Gaming,FunPlus Phoenix,-0.08827586206896554,13,8
365321,Haven,2024-07-21 04:00:00,Gen.G,DRX,0.20357142857142863,13,9
365321,Sunset,2024-07-21 04:00:00,Gen.G,DRX,0.20357142857142863,10,13
365321,Bind,2024-07-21 04:00:00,Gen.G,DRX,0.20357142857142863,13,6
365321,Haven,2024-07-21 04:00:00,Gen.G,DRX,0.20357142857142863,6,13
365321,Bind,2024-07-21 04:00:00,Gen.G,DRX,0.20357142857142863,18,16
365321,Lotus,2024-07-21 04:00:00,Gen.G,DRX,0.20357142857142863,14,12
365321,Icebox,2024-07-21 04:00:00,Gen.G,DRX,0.20357142857142863,13,6
365321,Bind,2024-07-21 04:00:00,Gen.G,DRX,0.20357142857142863,10,13
365321,Ascent,2024-07-21 04:00:00,Gen.G,DRX,0.20357142857142863,13,9
365321,Split,2024-07-21 04:00:00,Gen.G,DRX,0.20357142857142863,7,13
365321,Bind,2024-07-21 04:00:00,Gen.G,DRX,0.20357142857142863,8,13
365321,Sunset,2024-07-21 04:00:00,Gen.G,DRX,0.20357142857142863,13,11
365321,Ascent,2024-07-21 04:00:00,Gen.G,DRX,0.20357142857142863,13,8
371271,Icebox,2024-07-21 17:00:00,G2 Esports,LEVIATÁN,0.04870129870129869,14,16
371271,Abyss,2024-07-21 17:00:00,G2 Esports,LEVIATÁN,0.04870129870129869,5,13
371271,Lotus,2024-07-21 17:00:00,G2 Esports,LEVIATÁN,0.04870129870129869,13,15
371271,Haven,2024-07-21 17:00:00,G2 Esports,LEVIATÁN,0.04870129870129869,14,16
371271,Bind,2024-07-21 17:00:00,G2 Esports,LEVIATÁN,0.04870129870129869,13,9
371271,Ascent,2024-07-21 17:00:00,G2 Esports,LEVIATÁN,0.04870129870129869,4,13
371271,Breeze,2024-07-21 17:00:00,G2 Esports,LEVIATÁN,0.04870129870129869,6,13
371271,Icebox,2024-07-21 17:00:00,G2 Esports,LEVIATÁN,0.04870129870129869,13,8
371271,Lotus,2024-07-21 17:00:00,G2 Esports,LEVIATÁN,0.04870129870129869,9,13
371271,Bind,2024-07-21 17:00:00,G2 Esports,LEVIATÁN,0.04870129870129869,12,14
371271,Breeze,2024-07-21 17:00:00,G2 Esports,LEVIATÁN,0.04870129870129869,13,7
371271,Icebox,2024-07-21 17:00:00,G2 Esports,LEVIATÁN,0.04870129870129869,12,14
371271,Lotus,2024-07-21 17:00:00,G2 Esports,LEVIATÁN,0.04870129870129869,13,10
371271,Ascent,2024-07-21 17:00:00,G2 Esports,LEVIATÁN,0.04870129870129869,13,11
378662,Haven,2024-08-01 04:00:00,Gen.G,Sentinels,0.37500000000000006,13,8
378662,Ascent,2024-08-01 04:00:00,Gen.G,Sentinels,0.37500000000000006,13,7
378662,Lotus,2024-08-01 04:00:00,Gen.G,Sentinels,0.37500000000000006,9,13
378662,Icebox,2024-08-01 04:00:00,Gen.G,Sentinels,0.37500000000000006,6,13
378662,Split,2024-08-01 04:00:00,Gen.G,Sentinels,0.37500000000000006,13,5
378662,Lotus,2024-08-01 04:00:00,Gen.G,Sentinels,0.37500000000000006,7,13
378662,Breeze,2024-08-01 04:00:00,Gen.G,Sentinels,0.37500000000000006,13,3
378662,Breeze,2024-08-01 04:00:00,Gen.G,Sentinels,0.37500000000000006,13,8
378662,Bind,2024-08-01 04:00:00,Gen.G,Sentinels,0.37500000000000006,12,14
378662,Ascent,2024-08-01 04:00:00,Gen.G,Sentinels,0.37500000000000006,13,8
378662,Split,2024-08-01 04:00:00,Gen.G,Sentinels,0.37500000000000006,10,13
378662,Icebox,2024-08-01 04:00:00,Gen.G,Sentinels,0.37500000000000006,6,13
378663,Abyss,2024-08-01 06:25:00,FunPlus Phoenix,Team Heretics,-0.07211538461538458,12,14
378663,Bind,2024-08-01 06:25:00,FunPlus Phoenix,Team Heretics,-0.07211538461538458,13,9
378663,Lotus,2024-08-01 06:25:00,FunPlus Phoenix,Team Heretics,-0.07211538461538458,13,15
378663,Sunset,2024-08-01 06:25:00,FunPlus Phoenix,Team Heretics,-0.07211538461538458,4,13
378663,Lotus,2024-08-01 06:25:00,FunPlus Phoenix,Team Heretics,-0.07211538461538458,13,6
378663,Icebox,2024-08-01 06:25:00,FunPlus Phoenix,Team Heretics,-0.07211538461538458,15,17
378667,Bind,2024-08-03 04:00:00,LEVIATÁN,Talon Esports,0.3120204603580563,13,11
378667,Ascent,2024-08-03 04:00:00,LEVIATÁN,Talon Esports,0.3120204603580563,13,8
378669,Ascent,2024-08-03 06:30:00,Team Vitality,Trace Esports,-0.10217391304347823,13,15
378669,Sunset,2024-08-03 06:30:00,Team Vitality,Trace Esports,-0.10217391304347823,13,7
378669,Bind,2024-08-03 06:30:00,Team Vitality,Trace Esports,-0.10217391304347823,7,13
378674,Icebox,2024-08-04 04:00:00,G2 Esports,Paper Rex,0.13596059113300496,13,8
378674,Lotus,2024-08-04 04:00:00,G2 Esports,Paper Rex,0.13596059113300496,13,9
378673,Lotus,2024-08-04 06:15:00,EDward Gaming,FUT Esports,0.011111111111111072,13,9
378673,Bind,2024-08-04 06:15:00,EDward Gaming,FUT Esports,0.011111111111111072,13,10
378664,Abyss,2024-08-06 04:00:00,Gen.G,Team Heretics,0.1408681408681408,13,11
378664,Lotus,2024-08-06 04:00:00,Gen.G,Team Heretics,0.1408681408681408,11,13
378664,Bind,2024-08-06 04:00:00,Gen.G,Team Heretics,0.1408681408681408,10,13
378664,Breeze,2024-08-06 04:00:00,Gen.G,Team Heretics,0.1408681408681408,13,6
378664,Icebox,2024-08-06 04:00:00,Gen.G,Team Heretics,0.1408681408681408,9,13
378664,Ascent,2024-08-06 04:00:00,Gen.G,Team Heretics,0.1408681408681408,9,13
378664,Lotus,2024-08-06 04:00:00,Gen.G,Team Heretics,0.1408681408681408,13,4
378664,Split,2024-08-06 04:00:00,Gen.G,Team Heretics,0.1408681408681408,13,3
378670,Bind,2024-08-07 04:00:00,LEVIATÁN,Trace Esports,0.125,10,13
378670,Sunset,2024-08-07 04:00:00,LEVIATÁN,Trace Esports,0.125,13,9
378670,Ascent,2024-08-07 04:00:00,LEVIATÁN,Trace Esports,0.125,5,13
378675,Icebox,2024-08-07 07:15:00,EDward Gaming,G2 Esports,-0.21935483870967742,13,8
378675,Haven,2024-08-07 07:15:00,EDward Gaming,G2 Esports,-0.21935483870967742,11,13
378675,Bind,2024-08-07 07:15:00,EDward Gaming,G2 Esports,-0.21935483870967742,11,13
378665,Bind,2024-08-08 04:00:00,Sentinels,FunPlus Phoenix,-0.15259259259259256,13,8
378665,Lotus,2024-08-08 04:00:00,Sentinels,FunPlus Phoenix,-0.15259259259259256,13,5
378671,Lotus,2024-08-09 04:00:00,Talon Esports,Team Vitality,-0.07936507936507942,6,13
378671,Sunset,2024-08-09 04:00:00,Talon Esports,Team Vitality,-0.07936507936507942,8,13
378676,Sunset,2024-08-09 06:25:00,FUT Esports,Paper Rex,-0.10317460317460314,11,13
378676,Bind,2024-08-09 06:25:00,FUT Esports,Paper Rex,-0.10317460317460314,6,13
378666,Haven,2024-08-10 04:00:00,Gen.G,Sentinels,0.35425101214574894,13,8
378666,Ascent,2024-08-10 04:00:00,Gen.G,Sentinels,0.35425101214574894,13,7
378666,Lotus,2024-08-10 04:00:00,Gen.G,Sentinels,0.35425101214574894,9,13
378666,Icebox,2024-08-10 04:00:00,Gen.G,Sentinels,0.35425101214574894,6,13
378666,Split,2024-08-10 04:00:00,Gen.G,Sentinels,0.35425101214574894,13,5
378666,Lotus,2024-08-10 04:00:00,Gen.G,Sentinels,0.35425101214574894,7,13
378666,Breeze,2024-08-10 04:00:00,Gen.G,Sentinels,0.35425101214574894,13,3
378666,Breeze,2024-08-10 04:00:00,Gen.G,Sentinels,0.35425101214574894,13,8
378666,Bind,2024-08-10 04:00:00,Gen.G,Sentinels,0.35425101214574894,12,14
378666,Ascent,2024-08-10 04:00:00,Gen.G,Sentinels,0.35425101214574894,13,8
378666,Split,2024-08-10 04:00:00,Gen.G,Sentinels,0.35425101214574894,10,13
378666,Icebox,2024-08-10 04:00:00,Gen.G,Sentinels,0.35425101214574894,6,13
378672,Icebox,2024-08-11 04:00:00,LEVIATÁN,Team Vitality,0.2145454545454546,14,12
378672,Sunset,2024-08-11 04:00:00,LEVIATÁN,Team Vitality,0.2145454545454546,13,4
378677,Icebox,2024-08-11 06:15:00,EDward Gaming,Paper Rex,-0.08614864864864868,3,13
378677,Sunset,2024-08-11 06:15:00,EDward Gaming,Paper Rex,-0.08614864864864868,13,8
378677,Lotus,2024-08-11 06:15:00,EDward Gaming,Paper Rex,-0.08614864864864868,13,4
378677,Sunset,2024-08-11 06:15:00,EDward Gaming,Paper Rex,-0.08614864864864868,8,13
378677,Bind,2024-08-11 06:15:00,EDward Gaming,Paper Rex,-0.08614864864864868,13,9
378677,Split,2024-08-11 06:15:00,EDward Gaming,Paper Rex,-0.08614864864864868,13,9
378822,Sunset,2024-08-14 04:00:00,DRX,Sentinels,0.18518518518518523,13,15
378822,Haven,2024-08-14 04:00:00,DRX,Sentinels,0.18518518518518523,8,13
378823,Bind,2024-08-14 06:25:00,Trace Esports,EDward Gaming,0.10424242424242425,7,13
378823,Sunset,2024-08-14 06:25:00,Trace Esports,EDward Gaming,0.10424242424242425,10,13
378823,Sunset,2024-08-14 06:25:00,Trace Esports,EDward Gaming,0.10424242424242425,2,13
378823,Abyss,2024-08-14 06:25:00,Trace Esports,EDward Gaming,0.10424242424242425,5,13
378823,Sunset,2024-08-14 06:25:00,Trace Esports,EDward Gaming,0.10424242424242425,13,15
378823,Breeze,2024-08-14 06:25:00,Trace Esports,EDward Gaming,0.10424242424242425,12,14
378824,Icebox,2024-08-15 04:00:00,G2 Esports,LEVIATÁN,0.03722084367245648,14,16
378824,Abyss,2024-08-15 04:00:00,G2 Esports,LEVIATÁN,0.03722084367245648,5,13
378824,Lotus,2024-08-15 04:00:00,G2 Esports,LEVIATÁN,0.03722084367245648,13,15
378824,Haven,2024-08-15 04:00:00,G2 Esports,LEVIATÁN,0.03722084367245648,14,16
378824,Bind,2024-08-15 04:00:00,G2 Esports,LEVIATÁN,0.03722084367245648,13,9
378824,Ascent,2024-08-15 04:00:00,G2 Esports,LEVIATÁN,0.03722084367245648,4,13
378824,Breeze,2024-08-15 04:00:00,G2 Esports,LEVIATÁN,0.03722084367245648,6,13
378824,Icebox,2024-08-15 04:00:00,G2 Esports,LEVIATÁN,0.03722084367245648,13,8
378824,Lotus,2024-08-15 04:00:00,G2 Esports,LEVIATÁN,0.03722084367245648,9,13
378824,Bind,2024-08-15 04:00:00,G2 Esports,LEVIATÁN,0.03722084367245648,12,14
378824,Breeze,2024-08-15 04:00:00,G2 Esports,LEVIATÁN,0.03722084367245648,13,7
378824,Icebox,2024-08-15 04:00:00,G2 Esports,LEVIATÁN,0.03722084367245648,12,14
378824,Lotus,2024-08-15 04:00:00,G2 Esports,LEVIATÁN,0.03722084367245648,13,10
378824,Ascent,2024-08-15 04:00:00,G2 Esports,LEVIATÁN,0.03722084367245648,13,11
378831,Lotus,2024-08-16 04:00:00,DRX,Trace Esports,-0.04670329670329676,13,3
378831,Abyss,2024-08-16 04:00:00,DRX,Trace Esports,-0.04670329670329676,13,5
378826,Haven,2024-08-17 04:00:00,Sentinels,EDward Gaming,-0.12394957983193278,13,9
378826,Lotus,2024-08-17 04:00:00,Sentinels,EDward Gaming,-0.12394957983193278,9,13
378826,Sunset,2024-08-17 04:00:00,Sentinels,EDward Gaming,-0.12394957983193278,6,13
378827,Icebox,2024-08-17 07:15:00,LEVIATÁN,Team Heretics,0.06349206349206349,15,13
378827,Lotus,2024-08-17 07:15:00,LEVIATÁN,Team Heretics,0.06349206349206349,13,10
378827,Icebox,2024-08-17 07:15:00,LEVIATÁN,Team Heretics,0.06349206349206349,7,13
378827,Sunset,2024-08-17 07:15:00,LEVIATÁN,Team Heretics,0.06349206349206349,13,15
378827,Abyss,2024-08-17 07:15:00,LEVIATÁN,Team Heretics,0.06349206349206349,13,9
378827,Lotus,2024-08-17 07:15:00,LEVIATÁN,Team Heretics,0.06349206349206349,3,13
378833,Abyss,2024-08-18 07:25:00,Team Heretics,DRX,0.07375478927203061,5,13
378833,Sunset,2024-08-18 07:25:00,Team Heretics,DRX,0.07375478927203061,13,5
378833,Icebox,2024-08-18 07:25:00,Team Heretics,DRX,0.07375478927203061,13,10
378828,Icebox,2024-08-23 03:00:00,EDward Gaming,LEVIATÁN,-0.18571428571428572,14,16
378828,Lotus,2024-08-23 03:00:00,EDward Gaming,LEVIATÁN,-0.18571428571428572,13,4
378828,Abyss,2024-08-23 03:00:00,EDward Gaming,LEVIATÁN,-0.18571428571428572,13,11
378835,Haven,2024-08-23 06:45:00,Team Heretics,Sentinels,0.23603603603603607,8,13
378835,Icebox,2024-08-23 06:45:00,Team Heretics,Sentinels,0.23603603603603607,13,9
378835,Abyss,2024-08-23 06:45:00,Team Heretics,Sentinels,0.23603603603603607,13,7
378836,Icebox,2024-08-24 03:00:00,LEVIATÁN,Team Heretics,0.0480943738656987,15,13
378836,Lotus,2024-08-24 03:00:00,LEVIATÁN,Team Heretics,0.0480943738656987,13,10
378836,Icebox,2024-08-24 03:00:00,LEVIATÁN,Team Heretics,0.0480943738656987,7,13
378836,Sunset,2024-08-24 03:00:00,LEVIATÁN,Team Heretics,0.0480943738656987,13,15
378836,Abyss,2024-08-24 03:00:00,LEVIATÁN,Team Heretics,0.0480943738656987,13,9
378836,Lotus,2024-08-24 03:00:00,LEVIATÁN,Team Heretics,0.0480943738656987,3,13
378829,Haven,2024-08-25 03:00:00,EDward Gaming,Team Heretics,-0.08119658119658113,6,13
378829,Sunset,2024-08-25 03:00:00,EDward Gaming,Team Heretics,-0.08119658119658113,13,4
378829,Lotus,2024-08-25 03:00:00,EDward Gaming,Team Heretics,-0.08119658119658113,13,9
378829,Bind,2024-08-25 03:00:00,EDward Gaming,Team Heretics,-0.08119658119658113,11,13
378829,Abyss,2024-08-25 03:00:00,EDward Gaming,Team Heretics,-0.08119658119658113,13,9
378829,Sunset,2024-08-25 03:00:00,EDward Gaming,Team Heretics,-0.08119658119658113,6,13
378829,Split,2024-08-25 03:00:00,EDward Gaming,Team Heretics,-0.08119658119658113,3,13
430838,Haven,2025-01-11 04:00:00,TYLOO,Titan Esports Club,0.15000000000000002,13,2
430838,Lotus,2025-01-11 04:00:00,TYLOO,Titan Esports Club,0.15000000000000002,13,10
430838,Fracture,2025-01-11 04:00:00,TYLOO,Titan Esports Club,0.15000000000000002,13,10
430838,Icebox,2025-01-11 04:00:00,TYLOO,Titan Esports Club,0.15000000000000002,8,13
430838,Split,2025-01-11 04:00:00,TYLOO,Titan Esports Club,0.15000000000000002,7,13
430838,Fracture,2025-01-11 04:00:00,TYLOO,Titan Esports Club,0.15000000000000002,11,13
430838,Abyss,2025-01-11 04:00:00,TYLOO,Titan Esports Club,0.15000000000000002,10,13
430837,Haven,2025-01-11 06:35:00,Xi Lai Gaming,Wolves Esports,0.1923076923076923,13,9
430837,Lotus,2025-01-11 06:35:00,Xi Lai Gaming,Wolves Esports,0.1923076923076923,13,8
430837,Lotus,2025-01-11 06:35:00,Xi Lai Gaming,Wolves Esports,0.1923076923076923,13,11
430837,Split,2025-01-11 06:35:00,Xi Lai Gaming,Wolves Esports,0.1923076923076923,13,9
430839,Abyss,2025-01-12 04:00:00,JDG Esports,Dragon Ranger Gaming,0.07894736842105265,5,13
430839,Haven,2025-01-12 04:00:00,JDG Esports,Dragon Ranger Gaming,0.07894736842105265,15,13
430839,Bind,2025-01-12 04:00:00,JDG Esports,Dragon Ranger Gaming,0.07894736842105265,7,13
430840,Abyss,2025-01-12 07:25:00,All Gamers,Nova Esports,0.0714285714285714,8,13
430840,Bind,2025-01-12 07:25:00,All Gamers,Nova Esports,0.0714285714285714,3,13
429381,Ascent,2025-01-15 12:00:00,BBL Esports,GIANTX,0.16666666666666669,2,13
429381,Sunset,2025-01-15 12:00:00,BBL Esports,GIANTX,0.16666666666666669,8,13
429381,Bind,2025-01-15 12:00:00,BBL Esports,GIANTX,0.16666666666666669,6,13
429381,Lotus,2025-01-15 12:00:00,BBL Esports,GIANTX,0.16666666666666669,13,9
429381,Haven,2025-01-15 12:00:00,BBL Esports,GIANTX,0.16666666666666669,12,14
429381,Pearl,2025-01-15 12:00:00,BBL Esports,GIANTX,0.16666666666666669,13,5
429380,Abyss,2025-01-15 15:30:00,Karmine Corp,Natus Vincere,-0.005115089514066529,10,13
429380,Bind,2025-01-15 15:30:00,Karmine Corp,Natus Vincere,-0.005115089514066529,13,2
429380,Lotus,2025-01-15 15:30:00,Karmine Corp,Natus Vincere,-0.005115089514066529,13,6
430842,Icebox,2025-01-16 04:00:00,FunPlus Phoenix,Titan Esports Club,0.3214285714285714,13,5
430842,Haven,2025-01-16 04:00:00,FunPlus Phoenix,Titan Esports Club,0.3214285714285714,13,6
430842,Abyss,2025-01-16 04:00:00,FunPlus Phoenix,Titan Esports Club,0.3214285714285714,11,13
430842,Fracture,2025-01-16 04:00:00,FunPlus Phoenix,Titan Esports Club,0.3214285714285714,13,7
430842,Pearl,2025-01-16 04:00:00,FunPlus Phoenix,Titan Esports Club,0.3214285714285714,13,6
430841,Haven,2025-01-16 07:20:00,Bilibili Gaming,Xi Lai Gaming,-0.55,11,13
430841,Lotus,2025-01-16 07:20:00,Bilibili Gaming,Xi Lai Gaming,-0.55,13,11
430841,Abyss,2025-01-16 07:20:00,Bilibili Gaming,Xi Lai Gaming,-0.55,13,11
429379,Bind,2025-01-16 12:00:00,Team Liquid,KOI,0.2117647058823529,13,4
429379,Icebox,2025-01-16 12:00:00,Team Liquid,KOI,0.2117647058823529,10,13
429379,Lotus,2025-01-16 12:00:00,Team Liquid,KOI,0.2117647058823529,13,8
429379,Split,2025-01-16 12:00:00,Team Liquid,KOI,0.2117647058823529,13,5
429379,Lotus,2025-01-16 12:00:00,Team Liquid,KOI,0.2117647058823529,13,9
429379,Fracture,2025-01-16 12:00:00,Team Liquid,KOI,0.2117647058823529,10,13
429379,Abyss,2025-01-16 12:00:00,Team Liquid,KOI,0.2117647058823529,13,3
429379,Bind,2025-01-16 12:00:00,Team Liquid,KOI,0.2117647058823529,13,10
429382,Pearl,2025-01-16 15:10:00,Apeks,Gentle Mates,0.08333333333333331,7,13
429382,Haven,2025-01-16 15:10:00,Apeks,Gentle Mates,0.08333333333333331,12,14
427991,Lotus,2025-01-16 17:00:00,Evil Geniuses,LOUD,-0.033816425120772986,11,13
427991,Pearl,2025-01-16 17:00:00,Evil Geniuses,LOUD,-0.033816425120772986,14,12
427991,Split,2025-01-16 17:00:00,Evil Geniuses,LOUD,-0.033816425120772986,13,11
427991,Split,2025-01-16 17:00:00,Evil Geniuses,LOUD,-0.033816425120772986,12,14
427991,Pearl,2025-01-16 17:00:00,Evil Geniuses,LOUD,-0.033816425120772986,10,13
427992,Icebox,2025-01-16 19:45:00,MIBR,100 Thieves,-0.3449275362318841,13,10
427992,Bind,2025-01-16 19:45:00,MIBR,100 Thieves,-0.3449275362318841,14,12
427992,Split,2025-01-16 19:45:00,MIBR,100 Thieves,-0.3449275362318841,13,10
427992,Icebox,2025-01-16 19:45:00,MIBR,100 Thieves,-0.3449275362318841,13,4
427992,Lotus,2025-01-16 19:45:00,MIBR,100 Thieves,-0.3449275362318841,4,13
427992,Bind,2025-01-16 19:45:00,MIBR,100 Thieves,-0.3449275362318841,9,13
430843,Pearl,2025-01-17 04:00:00,Trace Esports,Dragon Ranger Gaming,0.17962962962962964,13,8
430843,Abyss,2025-01-17 04:00:00,Trace Esports,Dragon Ranger Gaming,0.17962962962962964,13,7
430844,Split,2025-01-17 06:10:00,EDward Gaming,Nova Esports,0.22162162162162158,13,8
430844,Fracture,2025-01-17 06:10:00,EDward Gaming,Nova Esports,0.22162162162162158,13,10
429384,Haven,2025-01-17 16:00:00,Team Vitality,Karmine Corp,0.1467391304347826,13,5
429384,Bind,2025-01-17 16:00:00,Team Vitality,Karmine Corp,0.1467391304347826,9,13
429384,Abyss,2025-01-17 16:00:00,Team Vitality,Karmine Corp,0.1467391304347826,17,15
427994,Corrode,2025-01-17 17:00:00,2Game Esports,FURIA,0.25,12,14
427994,Sunset,2025-01-17 17:00:00,2Game Esports,FURIA,0.25,13,3
427994,Ascent,2025-01-17 17:00:00,2Game Esports,FURIA,0.25,13,2
427994,Haven,2025-01-17 17:00:00,2Game Esports,FURIA,0.25,7,13
427994,Lotus,2025-01-17 17:00:00,2Game Esports,FURIA,0.25,5,13
427993,Corrode,2025-01-17 19:05:00,NRG,Cloud9,-0.12631578947368421,13,2
427993,Lotus,2025-01-17 19:05:00,NRG,Cloud9,-0.12631578947368421,13,10
427993,Haven,2025-01-17 19:05:00,NRG,Cloud9,-0.12631578947368421,10,13
427993,Fracture,2025-01-17 19:05:00,NRG,Cloud9,-0.12631578947368421,12,14
427993,Lotus,2025-01-17 19:05:00,NRG,Cloud9,-0.12631578947368421,10,13
430514,Ascent,2025-01-18 03:00:00,BOOM Esports,T1,0.16666666666666669,9,13
430514,Corrode,2025-01-18 03:00:00,BOOM Esports,T1,0.16666666666666669,10,13
430514,Pearl,2025-01-18 03:00:00,BOOM Esports,T1,0.16666666666666669,11,13
430514,Bind,2025-01-18 03:00:00,BOOM Esports,T1,0.16666666666666669,13,8
430514,Fracture,2025-01-18 03:00:00,BOOM Esports,T1,0.16666666666666669,7,13
430851,Lotus,2025-01-18 04:00:00,Titan Esports Club,JDG Esports,-0.23137254901960785,9,13
430851,Haven,2025-01-18 04:00:00,Titan Esports Club,JDG Esports,-0.23137254901960785,13,9
430851,Sunset,2025-01-18 04:00:00,Titan Esports Club,JDG Esports,-0.23137254901960785,11,13
430851,Fracture,2025-01-18 04:00:00,Titan Esports Club,JDG Esports,-0.23137254901960785,9,13
430851,Abyss,2025-01-18 04:00:00,Titan Esports Club,JDG Esports,-0.23137254901960785,3,13
430515,Split,2025-01-18 06:15:00,ZETA DIVISION,Nongshim RedForce,-0.16666666666666669,9,13
430515,Haven,2025-01-18 06:15:00,ZETA DIVISION,Nongshim RedForce,-0.16666666666666669,9,13
430853,Ascent,2025-01-18 06:20:00,Xi Lai Gaming,All Gamers,0.09999999999999998,13,8
430853,Icebox,2025-01-18 06:20:00,Xi Lai Gaming,All Gamers,0.09999999999999998,9,13
430853,Lotus,2025-01-18 06:20:00,Xi Lai Gaming,All Gamers,0.09999999999999998,13,1
430853,Fracture,2025-01-18 06:20:00,Xi Lai Gaming,All Gamers,0.09999999999999998,13,10
430853,Lotus,2025-01-18 06:20:00,Xi Lai Gaming,All Gamers,0.09999999999999998,13,7
430853,Abyss,2025-01-18 06:20:00,Xi Lai Gaming,All Gamers,0.09999999999999998,8,13
430853,Bind,2025-01-18 06:20:00,Xi Lai Gaming,All Gamers,0.09999999999999998,13,1
430853,Lotus,2025-01-18 06:20:00,Xi Lai Gaming,All Gamers,0.09999999999999998,13,4
427996,Pearl,2025-01-18 19:25:00,Sentinels,100 Thieves,-0.006720430107526876,13,5
427996,Haven,2025-01-18 19:25:00,Sentinels,100 Thieves,-0.006720430107526876,9,13
427996,Split,2025-01-18 19:25:00,Sentinels,100 Thieves,-0.006720430107526876,13,1
427996,Split,2025-01-18 19:25:00,Sentinels,100 Thieves,-0.006720430107526876,4,13
427996,Bind,2025-01-18 19:25:00,Sentinels,100 Thieves,-0.006720430107526876,13,9
427996,Pearl,2025-01-18 19:25:00,Sentinels,100 Thieves,-0.006720430107526876,13,9
430516,Bind,2025-01-19 03:00:00,Global Esports,Team Secret,-0.3393665158371041,5,13
430516,Corrode,2025-01-19 03:00:00,Global Esports,Team Secret,-0.3393665158371041,13,9
430516,Lotus,2025-01-19 03:00:00,Global Esports,Team Secret,-0.3393665158371041,11,13
430516,Abyss,2025-01-19 03:00:00,Global Esports,Team Secret,-0.3393665158371041,3,13
430516,Split,2025-01-19 03:00:00,Global Esports,Team Secret,-0.3393665158371041,13,7
430516,Pearl,2025-01-19 03:00:00,Global Esports,Team Secret,-0.3393665158371041,13,6
430850,Haven,2025-01-19 04:00:00,Dragon Ranger Gaming,TYLOO,-0.032967032967033016,13,10
430850,Split,2025-01-19 04:00:00,Dragon Ranger Gaming,TYLOO,-0.032967032967033016,9,13
430850,Fracture,2025-01-19 04:00:00,Dragon Ranger Gaming,TYLOO,-0.032967032967033016,5,13
430850,Pearl,2025-01-19 04:00:00,Dragon Ranger Gaming,TYLOO,-0.032967032967033016,13,6
430850,Haven,2025-01-19 04:00:00,Dragon Ranger Gaming,TYLOO,-0.032967032967033016,13,10
430517,Abyss,2025-01-19 06:00:00,DetonatioN FocusMe,Rex Regum Qeon,-0.21794871794871798,14,12
430517,Pearl,2025-01-19 06:00:00,DetonatioN FocusMe,Rex Regum Qeon,-0.21794871794871798,3,13
430517,Haven,2025-01-19 06:00:00,DetonatioN FocusMe,Rex Regum Qeon,-0.21794871794871798,3,13
430849,Haven,2025-01-19 06:15:00,Nova Esports,Wolves Esports,0.0892857142857143,14,16
430849,Corrode,2025-01-19 06:15:00,Nova Esports,Wolves Esports,0.0892857142857143,13,6
430849,Bind,2025-01-19 06:15:00,Nova Esports,Wolves Esports,0.0892857142857143,13,10
430849,Fracture,2025-01-19 06:15:00,Nova Esports,Wolves Esports,0.0892857142857143,13,11
430849,Abyss,2025-01-19 06:15:00,Nova Esports,Wolves Esports,0.0892857142857143,8,13
430849,Split,2025-01-19 06:15:00,Nova Esports,Wolves Esports,0.0892857142857143,13,6
427998,Haven,2025-01-19 17:00:00,LEVIATÁN,FURIA,0.535897435897436,13,8
427998,Split,2025-01-19 17:00:00,LEVIATÁN,FURIA,0.535897435897436,13,6
427997,Ascent,2025-01-19 19:20:00,G2 Esports,Cloud9,0.19507575757575757,13,8
427997,Lotus,2025-01-19 19:20:00,G2 Esports,Cloud9,0.19507575757575757,13,9
427997,Icebox,2025-01-19 19:20:00,G2 Esports,Cloud9,0.19507575757575757,13,5
427997,Haven,2025-01-19 19:20:00,G2 Esports,Cloud9,0.19507575757575757,4,13
427997,Pearl,2025-01-19 19:20:00,G2 Esports,Cloud9,0.19507575757575757,13,11
427997,Lotus,2025-01-19 19:20:00,G2 Esports,Cloud9,0.19507575757575757,13,6
427997,Abyss,2025-01-19 19:20:00,G2 Esports,Cloud9,0.19507575757575757,13,8
430521,Icebox,2025-01-20 03:00:00,DRX,Nongshim RedForce,-0.4,13,5
430521,Bind,2025-01-20 03:00:00,DRX,Nongshim RedForce,-0.4,4,13
430521,Lotus,2025-01-20 03:00:00,DRX,Nongshim RedForce,-0.4,13,11
430521,Lotus,2025-01-20 03:00:00,DRX,Nongshim RedForce,-0.4,13,11
430521,Pearl,2025-01-20 03:00:00,DRX,Nongshim RedForce,-0.4,6,13
430521,Fracture,2025-01-20 03:00:00,DRX,Nongshim RedForce,-0.4,13,9
430845,Bind,2025-01-20 04:00:00,Bilibili Gaming,FunPlus Phoenix,-0.11001642036124792,13,11
430845,Lotus,2025-01-20 04:00:00,Bilibili Gaming,FunPlus Phoenix,-0.11001642036124792,13,9
430518,Sunset,2025-01-20 06:15:00,Paper Rex,T1,0.26794258373205737,13,8
430518,Bind,2025-01-20 06:15:00,Paper Rex,T1,0.26794258373205737,13,6
430518,Bind,2025-01-20 06:15:00,Paper Rex,T1,0.26794258373205737,6,13
430518,Fracture,2025-01-20 06:15:00,Paper Rex,T1,0.26794258373205737,13,8
430518,Split,2025-01-20 06:15:00,Paper Rex,T1,0.26794258373205737,11,13
430846,Sunset,2025-01-20 06:25:00,Trace Esports,EDward Gaming,0.011278195488721887,13,8
430846,Bind,2025-01-20 06:25:00,Trace Esports,EDward Gaming,0.011278195488721887,11,13
430846,Icebox,2025-01-20 06:25:00,Trace Esports,EDward Gaming,0.011278195488721887,13,3
430846,Lotus,2025-01-20 06:25:00,Trace Esports,EDward Gaming,0.011278195488721887,13,4
430846,Bind,2025-01-20 06:25:00,Trace Esports,EDward Gaming,0.011278195488721887,13,4
430846,Lotus,2025-01-20 06:25:00,Trace Esports,EDward Gaming,0.011278195488721887,14,12
430846,Bind,2025-01-20 06:25:00,Trace Esports,EDward Gaming,0.011278195488721887,11,13
430846,Abyss,2025-01-20 06:25:00,Trace Esports,EDward Gaming,0.011278195488721887,14,16
430846,Fracture,2025-01-20 06:25:00,Trace Esports,EDward Gaming,0.011278195488721887,2,13
430854,Pearl,2025-01-21 04:00:00,Nova Esports,Dragon Ranger Gaming,0.0026737967914438054,8,13
430854,Bind,2025-01-21 04:00:00,Nova Esports,Dragon Ranger Gaming,0.0026737967914438054,7,13
430855,Lotus,2025-01-21 06:15:00,JDG Esports,Xi Lai Gaming,-0.16666666666666663,6,13
430855,Fracture,2025-01-21 06:15:00,JDG Esports,Xi Lai Gaming,-0.16666666666666663,6,13
430855,Icebox,2025-01-21 06:15:00,JDG Esports,Xi Lai Gaming,-0.16666666666666663,13,11
430855,Pearl,2025-01-21 06:15:00,JDG Esports,Xi Lai Gaming,-0.16666666666666663,13,9
430855,Bind,2025-01-21 06:15:00,JDG Esports,Xi Lai Gaming,-0.16666666666666663,4,13
430855,Haven,2025-01-21 06:15:00,JDG Esports,Xi Lai Gaming,-0.16666666666666663,6,13
430856,Haven,2025-01-22 04:00:00,FunPlus Phoenix,Dragon Ranger Gaming,0.1318840579710145,13,7
430856,Ascent,2025-01-22 04:00:00,FunPlus Phoenix,Dragon Ranger Gaming,0.1318840579710145,6,13
430856,Sunset,2025-01-22 04:00:00,FunPlus Phoenix,Dragon Ranger Gaming,0.1318840579710145,13,11
430856,Ascent,2025-01-22 04:00:00,FunPlus Phoenix,Dragon Ranger Gaming,0.1318840579710145,11,13
430856,Haven,2025-01-22 04:00:00,FunPlus Phoenix,Dragon Ranger Gaming,0.1318840579710145,5,13
430856,Abyss,2025-01-22 04:00:00,FunPlus Phoenix,Dragon Ranger Gaming,0.1318840579710145,11,13
430856,Pearl,2025-01-22 04:00:00,FunPlus Phoenix,Dragon Ranger Gaming,0.1318840579710145,13,1
430856,Haven,2025-01-22 04:00:00,FunPlus Phoenix,Dragon Ranger Gaming,0.1318840579710145,7,13
430857,Lotus,2025-01-22 07:05:00,EDward Gaming,Xi Lai Gaming,-0.13461538461538458,13,11
430857,Corrode,2025-01-22 07:05:00,EDward Gaming,Xi Lai Gaming,-0.13461538461538458,13,5
430857,Lotus,2025-01-22 07:05:00,EDward Gaming,Xi Lai Gaming,-0.13461538461538458,9,13
430857,Haven,2025-01-22 07:05:00,EDward Gaming,Xi Lai Gaming,-0.13461538461538458,11,13
430857,Lotus,2025-01-22 07:05:00,EDward Gaming,Xi Lai Gaming,-0.13461538461538458,12,14
430857,Bind,2025-01-22 07:05:00,EDward Gaming,Xi Lai Gaming,-0.13461538461538458,13,10
430857,Haven,2025-01-22 07:05:00,EDward Gaming,Xi Lai Gaming,-0.13461538461538458,13,0
429383,Pearl,2025-01-22 12:00:00,FUT Esports,Team Liquid,0.07279693486590044,13,7
429383,Fracture,2025-01-22 12:00:00,FUT Esports,Team Liquid,0.07279693486590044,13,6
429383,Abyss,2025-01-22 12:00:00,FUT Esports,Team Liquid,0.07279693486590044,7,13
429383,Bind,2025-01-22 12:00:00,FUT Esports,Team Liquid,0.07279693486590044,13,11
429383,Haven,2025-01-22 12:00:00,FUT Esports,Team Liquid,0.07279693486590044,4,13
429386,Abyss,2025-01-22 14:10:00,Team Heretics,Gentle Mates,0.21346153846153848,4,13
429386,Fracture,2025-01-22 14:10:00,Team Heretics,Gentle Mates,0.21346153846153848,13,3
429386,Pearl,2025-01-22 14:10:00,Team Heretics,Gentle Mates,0.21346153846153848,13,8
430847,Haven,2025-01-23 04:00:00,Bilibili Gaming,Trace Esports,-0.15517241379310343,13,6
430847,Icebox,2025-01-23 04:00:00,Bilibili Gaming,Trace Esports,-0.15517241379310343,13,15
430847,Ascent,2025-01-23 04:00:00,Bilibili Gaming,Trace Esports,-0.15517241379310343,6,13
430847,Haven,2025-01-23 04:00:00,Bilibili Gaming,Trace Esports,-0.15517241379310343,4,13
430847,Ascent,2025-01-23 04:00:00,Bilibili Gaming,Trace Esports,-0.15517241379310343,13,5
430847,Split,2025-01-23 04:00:00,Bilibili Gaming,Trace Esports,-0.15517241379310343,1,13
430847,Fracture,2025-01-23 04:00:00,Bilibili Gaming,Trace Esports,-0.15517241379310343,13,8
430847,Lotus,2025-01-23 04:00:00,Bilibili Gaming,Trace Esports,-0.15517241379310343,13,4
430847,Bind,2025-01-23 04:00:00,Bilibili Gaming,Trace Esports,-0.15517241379310343,8,13
430847,Haven,2025-01-23 04:00:00,Bilibili Gaming,Trace Esports,-0.15517241379310343,13,10
430847,Lotus,2025-01-23 04:00:00,Bilibili Gaming,Trace Esports,-0.15517241379310343,6,13
430858,Icebox,2025-01-23 07:15:00,Dragon Ranger Gaming,EDward Gaming,-0.20833333333333331,2,13
430858,Ascent,2025-01-23 07:15:00,Dragon Ranger Gaming,EDward Gaming,-0.20833333333333331,13,9
430858,Pearl,2025-01-23 07:15:00,Dragon Ranger Gaming,EDward Gaming,-0.20833333333333331,10,13
430858,Haven,2025-01-23 07:15:00,Dragon Ranger Gaming,EDward Gaming,-0.20833333333333331,0,13
430858,Pearl,2025-01-23 07:15:00,Dragon Ranger Gaming,EDward Gaming,-0.20833333333333331,9,13
429393,Bind,2025-01-23 12:00:00,Karmine Corp,GIANTX,0.05230769230769228,14,12
429393,Lotus,2025-01-23 12:00:00,Karmine Corp,GIANTX,0.05230769230769228,8,13
429393,Fracture,2025-01-23 12:00:00,Karmine Corp,GIANTX,0.05230769230769228,10,13
428003,Corrode,2025-01-23 17:00:00,FURIA,Evil Geniuses,-0.2593984962406015,6,13
428003,Ascent,2025-01-23 17:00:00,FURIA,Evil Geniuses,-0.2593984962406015,9,13
428003,Abyss,2025-01-23 17:00:00,FURIA,Evil Geniuses,-0.2593984962406015,7,13
428003,Fracture,2025-01-23 17:00:00,FURIA,Evil Geniuses,-0.2593984962406015,7,13
428004,Pearl,2025-01-23 19:20:00,Cloud9,MIBR,0.34191176470588236,13,9
428004,Lotus,2025-01-23 19:20:00,Cloud9,MIBR,0.34191176470588236,13,15
428004,Haven,2025-01-23 19:20:00,Cloud9,MIBR,0.34191176470588236,11,13
428004,Lotus,2025-01-23 19:20:00,Cloud9,MIBR,0.34191176470588236,13,7
428004,Abyss,2025-01-23 19:20:00,Cloud9,MIBR,0.34191176470588236,10,13
428004,Pearl,2025-01-23 19:20:00,Cloud9,MIBR,0.34191176470588236,7,13
430860,Lotus,2025-01-24 04:00:00,Bilibili Gaming,EDward Gaming,-0.15588547189819724,13,6
430860,Sunset,2025-01-24 04:00:00,Bilibili Gaming,EDward Gaming,-0.15588547189819724,15,13
430860,Bind,2025-01-24 04:00:00,Bilibili Gaming,EDward Gaming,-0.15588547189819724,12,14
430860,Haven,2025-01-24 04:00:00,Bilibili Gaming,EDward Gaming,-0.15588547189819724,13,8
430860,Lotus,2025-01-24 04:00:00,Bilibili Gaming,EDward Gaming,-0.15588547189819724,13,10
430860,Ascent,2025-01-24 04:00:00,Bilibili Gaming,EDward Gaming,-0.15588547189819724,13,7
430860,Pearl,2025-01-24 04:00:00,Bilibili Gaming,EDward Gaming,-0.15588547189819724,12,14
430860,Haven,2025-01-24 04:00:00,Bilibili Gaming,EDward Gaming,-0.15588547189819724,6,13
430860,Lotus,2025-01-24 04:00:00,Bilibili Gaming,EDward Gaming,-0.15588547189819724,5,13
429394,Ascent,2025-01-24 12:00:00,Team Liquid,Apeks,0.42105263157894735,14,12
429394,Corrode,2025-01-24 12:00:00,Team Liquid,Apeks,0.42105263157894735,11,13
429394,Lotus,2025-01-24 12:00:00,Team Liquid,Apeks,0.42105263157894735,13,6
429394,Abyss,2025-01-24 12:00:00,Team Liquid,Apeks,0.42105263157894735,13,9
429394,Pearl,2025-01-24 12:00:00,Team Liquid,Apeks,0.42105263157894735,11,13
429394,Haven,2025-01-24 12:00:00,Team Liquid,Apeks,0.42105263157894735,13,6
429391,Split,2025-01-24 15:10:00,Gentle Mates,KOI,0.24107142857142855,13,11
429391,Icebox,2025-01-24 15:10:00,Gentle Mates,KOI,0.24107142857142855,6,13
429391,Fracture,2025-01-24 15:10:00,Gentle Mates,KOI,0.24107142857142855,9,13
429391,Haven,2025-01-24 15:10:00,Gentle Mates,KOI,0.24107142857142855,13,3
429391,Lotus,2025-01-24 15:10:00,Gentle Mates,KOI,0.24107142857142855,7,13
429391,Pearl,2025-01-24 15:10:00,Gentle Mates,KOI,0.24107142857142855,13,6
428005,Bind,2025-01-24 19:00:00,100 Thieves,NRG,-0.06,13,10
428005,Sunset,2025-01-24 19:00:00,100 Thieves,NRG,-0.06,13,4
428005,Fracture,2025-01-24 19:00:00,100 Thieves,NRG,-0.06,13,5
428005,Haven,2025-01-24 19:00:00,100 Thieves,NRG,-0.06,13,11
428005,Lotus,2025-01-24 19:00:00,100 Thieves,NRG,-0.06,14,12
428005,Pearl,2025-01-24 19:00:00,100 Thieves,NRG,-0.06,9,13
428005,Bind,2025-01-24 19:00:00,100 Thieves,NRG,-0.06,9,13
430848,Sunset,2025-01-25 04:00:00,Trace Esports,EDward Gaming,0.04761904761904756,13,8
430848,Bind,2025-01-25 04:00:00,Trace Esports,EDward Gaming,0.04761904761904756,11,13
430848,Icebox,2025-01-25 04:00:00,Trace Esports,EDward Gaming,0.04761904761904756,13,3
430848,Lotus,2025-01-25 04:00:00,Trace Esports,EDward Gaming,0.04761904761904756,13,4
430848,Bind,2025-01-25 04:00:00,Trace Esports,EDward Gaming,0.04761904761904756,13,4
430848,Lotus,2025-01-25 04:00:00,Trace Esports,EDward Gaming,0.04761904761904756,14,12
430848,Bind,2025-01-25 04:00:00,Trace Esports,EDward Gaming,0.04761904761904756,11,13
430848,Abyss,2025-01-25 04:00:00,Trace Esports,EDward Gaming,0.04761904761904756,14,16
430848,Fracture,2025-01-25 04:00:00,Trace Esports,EDward Gaming,0.04761904761904756,2,13
430520,Lotus,2025-01-25 06:00:00,Gen.G,Rex Regum Qeon,0.39194139194139194,13,5
430520,Icebox,2025-01-25 06:00:00,Gen.G,Rex Regum Qeon,0.39194139194139194,13,8
430520,Haven,2025-01-25 06:00:00,Gen.G,Rex Regum Qeon,0.39194139194139194,13,8
430520,Ascent,2025-01-25 06:00:00,Gen.G,Rex Regum Qeon,0.39194139194139194,11,13
430520,Lotus,2025-01-25 06:00:00,Gen.G,Rex Regum Qeon,0.39194139194139194,9,13
430520,Icebox,2025-01-25 06:00:00,Gen.G,Rex Regum Qeon,0.39194139194139194,11,13
430520,Fracture,2025-01-25 06:00:00,Gen.G,Rex Regum Qeon,0.39194139194139194,6,13
430520,Lotus,2025-01-25 06:00:00,Gen.G,Rex Regum Qeon,0.39194139194139194,13,8
430520,Haven,2025-01-25 06:00:00,Gen.G,Rex Regum Qeon,0.39194139194139194,14,12
430526,Pearl,2025-01-26 03:00:00,Nongshim RedForce,BOOM Esports,0.5,13,3
430526,Bind,2025-01-26 03:00:00,Nongshim RedForce,BOOM Esports,0.5,7,13
430526,Lotus,2025-01-26 03:00:00,Nongshim RedForce,BOOM Esports,0.5,13,9
430529,Lotus,2025-01-26 06:00:00,Paper Rex,ZETA DIVISION,0.3285256410256411,9,13
430529,Sunset,2025-01-26 06:00:00,Paper Rex,ZETA DIVISION,0.3285256410256411,7,13
430529,Lotus,2025-01-26 06:00:00,Paper Rex,ZETA DIVISION,0.3285256410256411,13,5
430529,Fracture,2025-01-26 06:00:00,Paper Rex,ZETA DIVISION,0.3285256410256411,13,8
430527,Ascent,2025-01-27 03:00:00,Rex Regum Qeon,Team Secret,-0.2666666666666666,13,15
430527,Icebox,2025-01-27 03:00:00,Rex Regum Qeon,Team Secret,-0.2666666666666666,13,4
430527,Sunset,2025-01-27 03:00:00,Rex Regum Qeon,Team Secret,-0.2666666666666666,13,3
430527,Haven,2025-01-27 03:00:00,Rex Regum Qeon,Team Secret,-0.2666666666666666,15,13
430527,Ascent,2025-01-27 03:00:00,Rex Regum Qeon,Team Secret,-0.2666666666666666,5,13
430527,Lotus,2025-01-27 03:00:00,Rex Regum Qeon,Team Secret,-0.2666666666666666,9,13
430527,Lotus,2025-01-27 03:00:00,Rex Regum Qeon,Team Secret,-0.2666666666666666,9,13
430527,Pearl,2025-01-27 03:00:00,Rex Regum Qeon,Team Secret,-0.2666666666666666,13,4
430527,Haven,2025-01-27 03:00:00,Rex Regum Qeon,Team Secret,-0.2666666666666666,13,4
430528,Abyss,2025-01-27 06:00:00,Global Esports,DetonatioN FocusMe,0.11282051282051281,8,13
430528,Split,2025-01-27 06:00:00,Global Esports,DetonatioN FocusMe,0.11282051282051281,12,14
429388,Pearl,2025-01-29 12:00:00,BBL Esports,Team Heretics,-0.2543554006968642,11,13
429388,Lotus,2025-01-29 12:00:00,BBL Esports,Team Heretics,-0.2543554006968642,7,13
429387,Haven,2025-01-29 14:25:00,FUT Esports,Team Vitality,-0.008333333333333304,2,13
429387,Lotus,2025-01-29 14:25:00,FUT Esports,Team Vitality,-0.008333333333333304,5,13
429387,Split,2025-01-29 14:25:00,FUT Esports,Team Vitality,-0.008333333333333304,13,6
429387,Fracture,2025-01-29 14:25:00,FUT Esports,Team Vitality,-0.008333333333333304,13,7
429387,Bind,2025-01-29 14:25:00,FUT Esports,Team Vitality,-0.008333333333333304,7,13
429387,Split,2025-01-29 14:25:00,FUT Esports,Team Vitality,-0.008333333333333304,4,13
429396,Fracture,2025-01-30 14:15:00,GIANTX,Team Liquid,-0.09285714285714286,8,13
429396,Split,2025-01-30 14:15:00,GIANTX,Team Liquid,-0.09285714285714286,6,13
430523,Abyss,2025-01-31 05:45:00,Gen.G,DRX,0.21209677419354833,9,13
430523,Bind,2025-01-31 05:45:00,Gen.G,DRX,0.21209677419354833,13,15
429398,Ascent,2025-01-31 14:15:00,BBL Esports,Team Liquid,-0.07619047619047614,10,13
429398,Sunset,2025-01-31 14:15:00,BBL Esports,Team Liquid,-0.07619047619047614,13,10
429398,Bind,2025-01-31 14:15:00,BBL Esports,Team Liquid,-0.07619047619047614,12,14
429398,Bind,2025-01-31 14:15:00,BBL Esports,Team Liquid,-0.07619047619047614,11,13
429398,Pearl,2025-01-31 14:15:00,BBL Esports,Team Liquid,-0.07619047619047614,13,9
429398,Split,2025-01-31 14:15:00,BBL Esports,Team Liquid,-0.07619047619047614,10,13
427999,Lotus,2025-01-31 17:00:00,LOUD,Sentinels,-0.028749999999999998,13,11
427999,Pearl,2025-01-31 17:00:00,LOUD,Sentinels,-0.028749999999999998,11,13
427999,Split,2025-01-31 17:00:00,LOUD,Sentinels,-0.028749999999999998,9,13
428000,Lotus,2025-01-31 21:00:00,G2 Esports,LEVIATÁN,-0.009487666034155628,13,10
428000,Fracture,2025-01-31 21:00:00,G2 Esports,LEVIATÁN,-0.009487666034155628,11,13
428000,Haven,2025-01-31 21:00:00,G2 Esports,LEVIATÁN,-0.009487666034155628,13,7
428000,Pearl,2025-01-31 21:00:00,G2 Esports,LEVIATÁN,-0.009487666034155628,13,5
428000,Fracture,2025-01-31 21:00:00,G2 Esports,LEVIATÁN,-0.009487666034155628,13,9
430530,Ascent,2025-02-01 03:00:00,Nongshim RedForce,Rex Regum Qeon,0.22916666666666663,5,13
430530,Split,2025-02-01 03:00:00,Nongshim RedForce,Rex Regum Qeon,0.22916666666666663,13,8
430530,Pearl,2025-02-01 03:00:00,Nongshim RedForce,Rex Regum Qeon,0.22916666666666663,13,10
430530,Fracture,2025-02-01 03:00:00,Nongshim RedForce,Rex Regum Qeon,0.22916666666666663,12,14
430530,Lotus,2025-02-01 03:00:00,Nongshim RedForce,Rex Regum Qeon,0.22916666666666663,22,20
430530,Pearl,2025-02-01 03:00:00,Nongshim RedForce,Rex Regum Qeon,0.22916666666666663,13,8
430531,Ascent,2025-02-01 07:10:00,DetonatioN FocusMe,Paper Rex,-0.4107142857142857,13,11
430531,Lotus,2025-02-01 07:10:00,DetonatioN FocusMe,Paper Rex,-0.4107142857142857,7,13
430531,Pearl,2025-02-01 07:10:00,DetonatioN FocusMe,Paper Rex,-0.4107142857142857,13,15
430531,Abyss,2025-02-01 07:10:00,DetonatioN FocusMe,Paper Rex,-0.4107142857142857,13,10
430531,Pearl,2025-02-01 07:10:00,DetonatioN FocusMe,Paper Rex,-0.4107142857142857,13,1
428007,Abyss,2025-02-01 17:00:00,Evil Geniuses,MIBR,0.2647058823529412,10,13
428007,Split,2025-02-01 17:00:00,Evil Geniuses,MIBR,0.2647058823529412,3,13
430533,Lotus,2025-02-02 06:00:00,Gen.G,DetonatioN FocusMe,0.6048780487804879,13,2
430533,Fracture,2025-02-02 06:00:00,Gen.G,DetonatioN FocusMe,0.6048780487804879,13,4
430533,Abyss,2025-02-02 06:00:00,Gen.G,DetonatioN FocusMe,0.6048780487804879,13,6
430533,Lotus,2025-02-02 06:00:00,Gen.G,DetonatioN FocusMe,0.6048780487804879,13,6
428009,Lotus,2025-02-02 17:00:00,LEVIATÁN,MIBR,0.4722222222222222,13,7
428009,Pearl,2025-02-02 17:00:00,LEVIATÁN,MIBR,0.4722222222222222,9,13
428009,Split,2025-02-02 17:00:00,LEVIATÁN,MIBR,0.4722222222222222,12,14
428001,Corrode,2025-02-06 17:00:00,Sentinels,G2 Esports,-0.2865800865800866,13,8
428001,Ascent,2025-02-06 17:00:00,Sentinels,G2 Esports,-0.2865800865800866,6,13
428001,Lotus,2025-02-06 17:00:00,Sentinels,G2 Esports,-0.2865800865800866,14,12
428001,Bind,2025-02-06 17:00:00,Sentinels,G2 Esports,-0.2865800865800866,8,13
428001,Sunset,2025-02-06 17:00:00,Sentinels,G2 Esports,-0.2865800865800866,9,13
428001,Haven,2025-02-06 17:00:00,Sentinels,G2 Esports,-0.2865800865800866,9,13
428001,Split,2025-02-06 17:00:00,Sentinels,G2 Esports,-0.2865800865800866,9,13
428001,Pearl,2025-02-06 17:00:00,Sentinels,G2 Esports,-0.2865800865800866,13,10
428001,Ascent,2025-02-06 17:00:00,Sentinels,G2 Esports,-0.2865800865800866,10,13
428001,Abyss,2025-02-06 17:00:00,Sentinels,G2 Esports,-0.2865800865800866,7,13
428001,Pearl,2025-02-06 17:00:00,Sentinels,G2 Esports,-0.2865800865800866,7,13
430524,Fracture,2025-02-07 03:00:00,T1,DRX,-0.2916666666666667,13,11
430524,Pearl,2025-02-07 03:00:00,T1,DRX,-0.2916666666666667,13,4
430524,Lotus,2025-02-07 03:00:00,T1,DRX,-0.2916666666666667,13,11
430524,Haven,2025-02-07 03:00:00,T1,DRX,-0.2916666666666667,13,15
430524,Fracture,2025-02-07 03:00:00,T1,DRX,-0.2916666666666667,10,13
429389,Haven,2025-02-07 12:00:00,Team Vitality,Team Heretics,-0.1304761904761904,11,13
429389,Ascent,2025-02-07 12:00:00,Team Vitality,Team Heretics,-0.1304761904761904,9,13
429389,Haven,2025-02-07 12:00:00,Team Vitality,Team Heretics,-0.1304761904761904,10,13
429389,Icebox,2025-02-07 12:00:00,Team Vitality,Team Heretics,-0.1304761904761904,6,13
429389,Haven,2025-02-07 12:00:00,Team Vitality,Team Heretics,-0.1304761904761904,13,10
429389,Abyss,2025-02-07 12:00:00,Team Vitality,Team Heretics,-0.1304761904761904,13,1
429400,Pearl,2025-02-07 14:10:00,FUT Esports,Team Liquid,0.03125,13,7
429400,Fracture,2025-02-07 14:10:00,FUT Esports,Team Liquid,0.03125,13,6
429400,Abyss,2025-02-07 14:10:00,FUT Esports,Team Liquid,0.03125,7,13
429400,Bind,2025-02-07 14:10:00,FUT Esports,Team Liquid,0.03125,13,11
429400,Haven,2025-02-07 14:10:00,FUT Esports,Team Liquid,0.03125,4,13
428012,Lotus,2025-02-07 17:00:00,Sentinels,MIBR,0.2,13,7
428012,Abyss,2025-02-07 17:00:00,Sentinels,MIBR,0.2,13,5
428012,Pearl,2025-02-07 17:00:00,Sentinels,MIBR,0.2,19,21
428012,Split,2025-02-07 17:00:00,Sentinels,MIBR,0.2,13,7
430535,Pearl,2025-02-08 03:00:00,T1,Gen.G,-0.45395348837209304,13,8
430535,Lotus,2025-02-08 03:00:00,T1,Gen.G,-0.45395348837209304,13,8
430535,Haven,2025-02-08 03:00:00,T1,Gen.G,-0.45395348837209304,5,13
430535,Split,2025-02-08 03:00:00,T1,Gen.G,-0.45395348837209304,15,17
430535,Bind,2025-02-08 03:00:00,T1,Gen.G,-0.45395348837209304,13,10
429401,Haven,2025-02-08 12:00:00,Team Heretics,Team Liquid,0.21941354903943378,13,3
429401,Ascent,2025-02-08 12:00:00,Team Heretics,Team Liquid,0.21941354903943378,13,10
429401,Icebox,2025-02-08 12:00:00,Team Heretics,Team Liquid,0.21941354903943378,13,2
429401,Lotus,2025-02-08 12:00:00,Team Heretics,Team Liquid,0.21941354903943378,4,13
429401,Abyss,2025-02-08 12:00:00,Team Heretics,Team Liquid,0.21941354903943378,4,13
429401,Fracture,2025-02-08 12:00:00,Team Heretics,Team Liquid,0.21941354903943378,7,13
428002,Split,2025-02-08 17:00:00,G2 Esports,Sentinels,0.23571428571428577,13,5
428002,Icebox,2025-02-08 17:00:00,G2 Esports,Sentinels,0.23571428571428577,11,13
428002,Ascent,2025-02-08 17:00:00,G2 Esports,Sentinels,0.23571428571428577,11,13
428002,Split,2025-02-08 17:00:00,G2 Esports,Sentinels,0.23571428571428577,4,13
428002,Pearl,2025-02-08 17:00:00,G2 Esports,Sentinels,0.23571428571428577,13,8
428002,Abyss,2025-02-08 17:00:00,G2 Esports,Sentinels,0.23571428571428577,9,13
428002,Fracture,2025-02-08 17:00:00,G2 Esports,Sentinels,0.23571428571428577,13,5
428002,Haven,2025-02-08 17:00:00,G2 Esports,Sentinels,0.23571428571428577,13,10
430525,Lotus,2025-02-09 03:00:00,DRX,T1,0.22144522144522144,15,13
430525,Fracture,2025-02-09 03:00:00,DRX,T1,0.22144522144522144,14,12
430525,Abyss,2025-02-09 03:00:00,DRX,T1,0.22144522144522144,13,3
430525,Lotus,2025-02-09 03:00:00,DRX,T1,0.22144522144522144,6,13
430525,Fracture,2025-02-09 03:00:00,DRX,T1,0.22144522144522144,13,9
430525,Bind,2025-02-09 03:00:00,DRX,T1,0.22144522144522144,12,14
430525,Split,2025-02-09 03:00:00,DRX,T1,0.22144522144522144,13,11
429390,Split,2025-02-09 12:00:00,Team Vitality,Team Liquid,0.08012820512820512,10,13
429390,Haven,2025-02-09 12:00:00,Team Vitality,Team Liquid,0.08012820512820512,7,13
429390,Lotus,2025-02-09 12:00:00,Team Vitality,Team Liquid,0.08012820512820512,13,6
429390,Bind,2025-02-09 12:00:00,Team Vitality,Team Liquid,0.08012820512820512,13,7
429390,Fracture,2025-02-09 12:00:00,Team Vitality,Team Liquid,0.08012820512820512,13,8
448598,Split,2025-02-20 05:00:00,EDward Gaming,Team Liquid,0.16465116279069764,18,16
448598,Pearl,2025-02-20 05:00:00,EDward Gaming,Team Liquid,0.16465116279069764,13,6
448600,Lotus,2025-02-20 08:00:00,DRX,Sentinels,0.08986928104575165,13,3
448600,Haven,2025-02-20 08:00:00,DRX,Sentinels,0.08986928104575165,13,10
448599,Fracture,2025-02-21 05:00:00,Team Vitality,T1,0.18518518518518523,13,10
448599,Bind,2025-02-21 05:00:00,Team Vitality,T1,0.18518518518518523,13,9
448597,Lotus,2025-02-21 07:25:00,G2 Esports,Trace Esports,0.052310374891020084,13,8
448597,Abyss,2025-02-21 07:25:00,G2 Esports,Trace Esports,0.052310374891020084,13,3
449000,Bind,2025-02-22 05:00:00,DRX,Team Vitality,0.05714285714285716,8,13
449000,Abyss,2025-02-22 05:00:00,DRX,Team Vitality,0.05714285714285716,13,11
449000,Split,2025-02-22 05:00:00,DRX,Team Vitality,0.05714285714285716,11,13
449001,Pearl,2025-02-22 08:25:00,EDward Gaming,G2 Esports,-0.12320574162679421,16,18
449001,Bind,2025-02-22 08:25:00,EDward Gaming,G2 Esports,-0.12320574162679421,13,8
449001,Fracture,2025-02-22 08:25:00,EDward Gaming,G2 Esports,-0.12320574162679421,13,4
449001,Lotus,2025-02-22 08:25:00,EDward Gaming,G2 Esports,-0.12320574162679421,8,13
449001,Split,2025-02-22 08:25:00,EDward Gaming,G2 Esports,-0.12320574162679421,7,13
449002,Lotus,2025-02-23 05:00:00,T1,Trace Esports,-0.29910714285714285,13,3
449002,Haven,2025-02-23 05:00:00,T1,Trace Esports,-0.29910714285714285,13,8
449003,Lotus,2025-02-23 06:55:00,Team Liquid,Sentinels,-0.09043659043659041,7,13
449003,Abyss,2025-02-23 06:55:00,Team Liquid,Sentinels,-0.09043659043659041,16,14
449003,Bind,2025-02-23 06:55:00,Team Liquid,Sentinels,-0.09043659043659041,13,1
449004,Fracture,2025-02-24 05:00:00,T1,DRX,-0.23180076628352497,13,11
449004,Pearl,2025-02-24 05:00:00,T1,DRX,-0.23180076628352497,13,4
449004,Lotus,2025-02-24 05:00:00,T1,DRX,-0.23180076628352497,13,11
449004,Haven,2025-02-24 05:00:00,T1,DRX,-0.23180076628352497,13,15
449004,Fracture,2025-02-24 05:00:00,T1,DRX,-0.23180076628352497,10,13
449005,Haven,2025-02-24 07:10:00,G2 Esports,Team Liquid,0.27350427350427353,13,5
449005,Lotus,2025-02-24 07:10:00,G2 Esports,Team Liquid,0.27350427350427353,13,7
449008,Split,2025-02-27 05:00:00,EDward Gaming,T1,0.2222222222222222,13,7
449008,Bind,2025-02-27 05:00:00,EDward Gaming,T1,0.2222222222222222,6,13
449008,Pearl,2025-02-27 05:00:00,EDward Gaming,T1,0.2222222222222222,13,11
449008,Bind,2025-02-27 05:00:00,EDward Gaming,T1,0.2222222222222222,4,13
449008,Haven,2025-02-27 05:00:00,EDward Gaming,T1,0.2222222222222222,10,13
449008,Fracture,2025-02-27 05:00:00,EDward Gaming,T1,0.2222222222222222,14,12
449008,Split,2025-02-27 05:00:00,EDward Gaming,T1,0.2222222222222222,5,13
449009,Bind,2025-02-27 08:15:00,Team Vitality,G2 Esports,-0.1387931034482759,13,15
449009,Lotus,2025-02-27 08:15:00,Team Vitality,G2 Esports,-0.1387931034482759,9,13
449010,Pearl,2025-02-28 05:00:00,EDward Gaming,G2 Esports,-0.10127253446447504,16,18
449010,Bind,2025-02-28 05:00:00,EDward Gaming,G2 Esports,-0.10127253446447504,13,8
449010,Fracture,2025-02-28 05:00:00,EDward Gaming,G2 Esports,-0.10127253446447504,13,4
449010,Lotus,2025-02-28 05:00:00,EDward Gaming,G2 Esports,-0.10127253446447504,8,13
449010,Split,2025-02-28 05:00:00,EDward Gaming,G2 Esports,-0.10127253446447504,7,13
449012,Lotus,2025-02-28 07:05:00,T1,Team Vitality,-0.17956989247311828,12,14
449012,Haven,2025-02-28 07:05:00,T1,Team Vitality,-0.17956989247311828,13,4
449012,Split,2025-02-28 07:05:00,T1,Team Vitality,-0.17956989247311828,13,5
449013,Split,2025-03-01 05:00:00,EDward Gaming,T1,0.23204787234042556,13,7
449013,Bind,2025-03-01 05:00:00,EDward Gaming,T1,0.23204787234042556,6,13
449013,Pearl,2025-03-01 05:00:00,EDward Gaming,T1,0.23204787234042556,13,11
449013,Bind,2025-03-01 05:00:00,EDward Gaming,T1,0.23204787234042556,4,13
449013,Haven,2025-03-01 05:00:00,EDward Gaming,T1,0.23204787234042556,10,13
449013,Fracture,2025-03-01 05:00:00,EDward Gaming,T1,0.23204787234042556,14,12
449013,Split,2025-03-01 05:00:00,EDward Gaming,T1,0.23204787234042556,5,13
449011,Lotus,2025-03-02 06:15:00,G2 Esports,T1,0.3203463203463204,13,5
449011,Haven,2025-03-02 06:15:00,G2 Esports,T1,0.3203463203463204,9,13
449011,Abyss,2025-03-02 06:15:00,G2 Esports,T1,0.3203463203463204,13,11
449011,Split,2025-03-02 06:15:00,G2 Esports,T1,0.3203463203463204,13,15
449011,Pearl,2025-03-02 06:15:00,G2 Esports,T1,0.3203463203463204,14,16
459517,Lotus,2025-03-21 17:00:00,Cloud9,NRG,0.04545454545454547,6,13
459517,Fracture,2025-03-21 17:00:00,Cloud9,NRG,0.04545454545454547,13,5
459517,Pearl,2025-03-21 17:00:00,Cloud9,NRG,0.04545454545454547,13,9
458805,Lotus,2025-03-22 04:00:00,DetonatioN FocusMe,Global Esports,-0.0625,7,13
458805,Pearl,2025-03-22 04:00:00,DetonatioN FocusMe,Global Esports,-0.0625,11,13
458806,Corrode,2025-03-22 06:40:00,T1,ZETA DIVISION,0.05882352941176466,13,8
458806,Sunset,2025-03-22 06:40:00,T1,ZETA DIVISION,0.05882352941176466,13,6
458806,Fracture,2025-03-22 06:40:00,T1,ZETA DIVISION,0.05882352941176466,13,7
458806,Split,2025-03-22 06:40:00,T1,ZETA DIVISION,0.05882352941176466,12,14
458806,Haven,2025-03-22 06:40:00,T1,ZETA DIVISION,0.05882352941176466,13,5
459519,Lotus,2025-03-22 17:00:00,G2 Esports,FURIA,0.49767441860465117,13,10
459519,Ascent,2025-03-22 17:00:00,G2 Esports,FURIA,0.49767441860465117,13,7
459520,Lotus,2025-03-22 19:25:00,MIBR,LEVIATÁN,-0.4415584415584416,8,13
459520,Sunset,2025-03-22 19:25:00,MIBR,LEVIATÁN,-0.4415584415584416,3,13
459520,Split,2025-03-22 19:25:00,MIBR,LEVIATÁN,-0.4415584415584416,13,7
459520,Icebox,2025-03-22 19:25:00,MIBR,LEVIATÁN,-0.4415584415584416,13,8
458807,Ascent,2025-03-23 04:00:00,DRX,Paper Rex,-0.039551746868820015,15,13
458807,Lotus,2025-03-23 04:00:00,DRX,Paper Rex,-0.039551746868820015,13,8
458807,Haven,2025-03-23 04:00:00,DRX,Paper Rex,-0.039551746868820015,13,9
458807,Icebox,2025-03-23 04:00:00,DRX,Paper Rex,-0.039551746868820015,10,13
458807,Lotus,2025-03-23 04:00:00,DRX,Paper Rex,-0.039551746868820015,13,7
458807,Lotus,2025-03-23 04:00:00,DRX,Paper Rex,-0.039551746868820015,11,13
458807,Icebox,2025-03-23 04:00:00,DRX,Paper Rex,-0.039551746868820015,8,13
459521,Haven,2025-03-23 17:00:00,2Game Esports,Evil Geniuses,0.023809523809523836,11,13
459521,Lotus,2025-03-23 17:00:00,2Game Esports,Evil Geniuses,0.023809523809523836,8,13
459522,Pearl,2025-03-23 19:30:00,Sentinels,100 Thieves,0.038461538461538436,13,5
459522,Haven,2025-03-23 19:30:00,Sentinels,100 Thieves,0.038461538461538436,9,13
459522,Split,2025-03-23 19:30:00,Sentinels,100 Thieves,0.038461538461538436,13,1
459522,Split,2025-03-23 19:30:00,Sentinels,100 Thieves,0.038461538461538436,4,13
459522,Bind,2025-03-23 19:30:00,Sentinels,100 Thieves,0.038461538461538436,13,9
459522,Pearl,2025-03-23 19:30:00,Sentinels,100 Thieves,0.038461538461538436,13,9
458809,Ascent,2025-03-24 04:00:00,Gen.G,BOOM Esports,0.7954545454545454,8,13
458809,Haven,2025-03-24 04:00:00,Gen.G,BOOM Esports,0.7954545454545454,15,17
458810,Ascent,2025-03-24 06:50:00,Nongshim RedForce,Rex Regum Qeon,0.18823529411764706,5,13
458810,Split,2025-03-24 06:50:00,Nongshim RedForce,Rex Regum Qeon,0.18823529411764706,13,8
458810,Pearl,2025-03-24 06:50:00,Nongshim RedForce,Rex Regum Qeon,0.18823529411764706,13,10
458810,Fracture,2025-03-24 06:50:00,Nongshim RedForce,Rex Regum Qeon,0.18823529411764706,12,14
458810,Lotus,2025-03-24 06:50:00,Nongshim RedForce,Rex Regum Qeon,0.18823529411764706,22,20
458810,Pearl,2025-03-24 06:50:00,Nongshim RedForce,Rex Regum Qeon,0.18823529411764706,13,8
459826,Sunset,2025-03-26 12:00:00,Team Vitality,GIANTX,0.2150537634408602,10,13
459826,Bind,2025-03-26 12:00:00,Team Vitality,GIANTX,0.2150537634408602,11,13
459826,Split,2025-03-26 12:00:00,Team Vitality,GIANTX,0.2150537634408602,13,9
459826,Lotus,2025-03-26 12:00:00,Team Vitality,GIANTX,0.2150537634408602,13,2
459827,Icebox,2025-03-26 14:15:00,BBL Esports,Karmine Corp,0.028846153846153855,3,13
459827,Pearl,2025-03-26 14:15:00,BBL Esports,Karmine Corp,0.028846153846153855,13,11
459827,Fracture,2025-03-26 14:15:00,BBL Esports,Karmine Corp,0.028846153846153855,13,8
459828,Ascent,2025-03-27 12:00:00,Team Heretics,Apeks,0.7045454545454546,5,13
459828,Split,2025-03-27 12:00:00,Team Heretics,Apeks,0.7045454545454546,13,8
459828,Icebox,2025-03-27 12:00:00,Team Heretics,Apeks,0.7045454545454546,13,6
459829,Pearl,2025-03-27 15:15:00,FUT Esports,KOI,0.3101604278074866,13,4
459829,Lotus,2025-03-27 15:15:00,FUT Esports,KOI,0.3101604278074866,14,12
459831,Split,2025-03-28 14:30:00,Team Liquid,Gentle Mates,0.05357142857142855,13,6
459831,Haven,2025-03-28 14:30:00,Team Liquid,Gentle Mates,0.05357142857142855,12,14
459831,Icebox,2025-03-28 14:30:00,Team Liquid,Gentle Mates,0.05357142857142855,6,13
459523,Lotus,2025-03-28 17:00:00,NRG,FURIA,0.24728260869565216,10,13
459523,Pearl,2025-03-28 17:00:00,NRG,FURIA,0.24728260869565216,13,2
459523,Fracture,2025-03-28 17:00:00,NRG,FURIA,0.24728260869565216,13,4
458811,Lotus,2025-03-29 04:00:00,Team Secret,ZETA DIVISION,0.26666666666666666,11,13
458811,Icebox,2025-03-29 04:00:00,Team Secret,ZETA DIVISION,0.26666666666666666,10,13
458812,Ascent,2025-03-29 06:35:00,T1,Nongshim RedForce,-0.23809523809523808,13,9
458812,Lotus,2025-03-29 06:35:00,T1,Nongshim RedForce,-0.23809523809523808,13,6
458812,Icebox,2025-03-29 06:35:00,T1,Nongshim RedForce,-0.23809523809523808,13,10
458812,Split,2025-03-29 06:35:00,T1,Nongshim RedForce,-0.23809523809523808,13,11
459525,Bind,2025-03-29 17:00:00,100 Thieves,Evil Geniuses,-0.05555555555555558,13,4
459525,Corrode,2025-03-29 17:00:00,100 Thieves,Evil Geniuses,-0.05555555555555558,14,12
459525,Fracture,2025-03-29 17:00:00,100 Thieves,Evil Geniuses,-0.05555555555555558,13,10
459525,Haven,2025-03-29 17:00:00,100 Thieves,Evil Geniuses,-0.05555555555555558,13,7
459526,Pearl,2025-03-29 19:15:00,G2 Esports,MIBR,0.4318181818181819,12,14
459526,Haven,2025-03-29 19:15:00,G2 Esports,MIBR,0.4318181818181819,13,11
459526,Ascent,2025-03-29 19:15:00,G2 Esports,MIBR,0.4318181818181819,13,8
458813,Lotus,2025-03-30 04:00:00,Gen.G,Paper Rex,0.15873015873015872,13,10
458813,Fracture,2025-03-30 04:00:00,Gen.G,Paper Rex,0.15873015873015872,6,13
458813,Haven,2025-03-30 04:00:00,Gen.G,Paper Rex,0.15873015873015872,13,4
458814,Lotus,2025-03-30 06:55:00,DRX,DetonatioN FocusMe,0.4287925696594427,13,3
458814,Ascent,2025-03-30 06:55:00,DRX,DetonatioN FocusMe,0.4287925696594427,13,8
459527,Lotus,2025-03-30 17:00:00,LOUD,2Game Esports,0.059523809523809534,12,14
459527,Pearl,2025-03-30 17:00:00,LOUD,2Game Esports,0.059523809523809534,11,13
459528,Corrode,2025-03-30 19:50:00,LEVIATÁN,Cloud9,0.2089783281733747,10,13
459528,Haven,2025-03-30 19:50:00,LEVIATÁN,Cloud9,0.2089783281733747,13,10
459528,Lotus,2025-03-30 19:50:00,LEVIATÁN,Cloud9,0.2089783281733747,11,13
459528,Split,2025-03-30 19:50:00,LEVIATÁN,Cloud9,0.2089783281733747,8,13
459528,Ascent,2025-03-30 19:50:00,LEVIATÁN,Cloud9,0.2089783281733747,3,13
458816,Lotus,2025-03-31 06:10:00,BOOM Esports,Global Esports,0.039215686274509776,13,1
458816,Haven,2025-03-31 06:10:00,BOOM Esports,Global Esports,0.039215686274509776,13,11
459832,Fracture,2025-04-02 11:00:00,Team Liquid,BBL Esports,0.0020283975659229347,13,7
459832,Haven,2025-04-02 11:00:00,Team Liquid,BBL Esports,0.0020283975659229347,4,13
459832,Ascent,2025-04-02 11:00:00,Team Liquid,BBL Esports,0.0020283975659229347,13,4
459832,Haven,2025-04-02 11:00:00,Team Liquid,BBL Esports,0.0020283975659229347,13,11
459832,Split,2025-04-02 11:00:00,Team Liquid,BBL Esports,0.0020283975659229347,7,13
459832,Fracture,2025-04-02 11:00:00,Team Liquid,BBL Esports,0.0020283975659229347,13,8
459833,Lotus,2025-04-02 13:50:00,Apeks,Natus Vincere,-0.3,13,10
459833,Haven,2025-04-02 13:50:00,Apeks,Natus Vincere,-0.3,11,13
459833,Split,2025-04-02 13:50:00,Apeks,Natus Vincere,-0.3,6,13
459834,Bind,2025-04-03 11:00:00,FUT Esports,Gentle Mates,0.1470588235294118,7,13
459834,Sunset,2025-04-03 11:00:00,FUT Esports,Gentle Mates,0.1470588235294118,13,5
459834,Lotus,2025-04-03 11:00:00,FUT Esports,Gentle Mates,0.1470588235294118,16,14
459834,Icebox,2025-04-03 11:00:00,FUT Esports,Gentle Mates,0.1470588235294118,10,13
459834,Fracture,2025-04-03 11:00:00,FUT Esports,Gentle Mates,0.1470588235294118,18,16
459834,Lotus,2025-04-03 11:00:00,FUT Esports,Gentle Mates,0.1470588235294118,13,4
459835,Ascent,2025-04-03 14:25:00,Team Heretics,GIANTX,0.33611111111111114,13,4
459835,Lotus,2025-04-03 14:25:00,Team Heretics,GIANTX,0.33611111111111114,3,13
459835,Bind,2025-04-03 14:25:00,Team Heretics,GIANTX,0.33611111111111114,13,9
459835,Haven,2025-04-03 14:25:00,Team Heretics,GIANTX,0.33611111111111114,13,3
459835,Split,2025-04-03 14:25:00,Team Heretics,GIANTX,0.33611111111111114,11,13
459835,Lotus,2025-04-03 14:25:00,Team Heretics,GIANTX,0.33611111111111114,13,8
459837,Lotus,2025-04-04 15:10:00,KOI,Karmine Corp,-0.1111111111111111,13,9
459837,Sunset,2025-04-04 15:10:00,KOI,Karmine Corp,-0.1111111111111111,2,13
459837,Haven,2025-04-04 15:10:00,KOI,Karmine Corp,-0.1111111111111111,4,13
459837,Lotus,2025-04-04 15:10:00,KOI,Karmine Corp,-0.1111111111111111,2,13
459837,Icebox,2025-04-04 15:10:00,KOI,Karmine Corp,-0.1111111111111111,12,14
459529,Haven,2025-04-04 17:00:00,Evil Geniuses,Sentinels,-0.021739130434782594,4,13
459529,Pearl,2025-04-04 17:00:00,Evil Geniuses,Sentinels,-0.021739130434782594,6,13
459530,Haven,2025-04-04 19:10:00,100 Thieves,LOUD,0.08497536945812811,6,13
459530,Icebox,2025-04-04 19:10:00,100 Thieves,LOUD,0.08497536945812811,13,11
459530,Split,2025-04-04 19:10:00,100 Thieves,LOUD,0.08497536945812811,13,8
458817,Lotus,2025-04-05 04:00:00,Gen.G,DetonatioN FocusMe,0.6159420289855073,13,2
458817,Fracture,2025-04-05 04:00:00,Gen.G,DetonatioN FocusMe,0.6159420289855073,13,4
458817,Abyss,2025-04-05 04:00:00,Gen.G,DetonatioN FocusMe,0.6159420289855073,13,6
458817,Lotus,2025-04-05 04:00:00,Gen.G,DetonatioN FocusMe,0.6159420289855073,13,6
458818,Split,2025-04-05 06:00:00,Rex Regum Qeon,ZETA DIVISION,0.05263157894736842,13,6
458818,Haven,2025-04-05 06:00:00,Rex Regum Qeon,ZETA DIVISION,0.05263157894736842,13,9
459532,Bind,2025-04-05 20:10:00,G2 Esports,NRG,0.2527777777777778,13,11
459532,Lotus,2025-04-05 20:10:00,G2 Esports,NRG,0.2527777777777778,13,8
459532,Ascent,2025-04-05 20:10:00,G2 Esports,NRG,0.2527777777777778,13,10
459532,Lotus,2025-04-05 20:10:00,G2 Esports,NRG,0.2527777777777778,13,1
459532,Ascent,2025-04-05 20:10:00,G2 Esports,NRG,0.2527777777777778,13,6
458819,Ascent,2025-04-06 04:00:00,Paper Rex,BOOM Esports,0.10465116279069764,13,8
458819,Fracture,2025-04-06 04:00:00,Paper Rex,BOOM Esports,0.10465116279069764,9,13
458819,Pearl,2025-04-06 04:00:00,Paper Rex,BOOM Esports,0.10465116279069764,10,13
459533,Ascent,2025-04-06 17:00:00,FURIA,LEVIATÁN,-0.5378151260504201,4,13
459533,Pearl,2025-04-06 17:00:00,FURIA,LEVIATÁN,-0.5378151260504201,5,13
459534,Pearl,2025-04-06 19:15:00,Cloud9,MIBR,0.28913043478260875,13,9
459534,Lotus,2025-04-06 19:15:00,Cloud9,MIBR,0.28913043478260875,13,15
459534,Haven,2025-04-06 19:15:00,Cloud9,MIBR,0.28913043478260875,11,13
459534,Lotus,2025-04-06 19:15:00,Cloud9,MIBR,0.28913043478260875,13,7
459534,Abyss,2025-04-06 19:15:00,Cloud9,MIBR,0.28913043478260875,10,13
459534,Pearl,2025-04-06 19:15:00,Cloud9,MIBR,0.28913043478260875,7,13
458821,Lotus,2025-04-07 04:00:00,DRX,Global Esports,0.33760683760683763,13,10
458821,Icebox,2025-04-07 04:00:00,DRX,Global Esports,0.33760683760683763,13,10
458821,Ascent,2025-04-07 04:00:00,DRX,Global Esports,0.33760683760683763,13,3
458821,Split,2025-04-07 04:00:00,DRX,Global Esports,0.33760683760683763,13,10
458822,Haven,2025-04-07 06:00:00,T1,Team Secret,-0.12698412698412698,13,6
458822,Icebox,2025-04-07 06:00:00,T1,Team Secret,-0.12698412698412698,9,13
458822,Lotus,2025-04-07 06:00:00,T1,Team Secret,-0.12698412698412698,13,8
459839,Pearl,2025-04-09 11:00:00,KOI,BBL Esports,-0.17836257309941522,6,13
459839,Icebox,2025-04-09 11:00:00,KOI,BBL Esports,-0.17836257309941522,9,13
459840,Fracture,2025-04-09 13:15:00,Natus Vincere,GIANTX,-0.019607843137254943,9,13
459840,Pearl,2025-04-09 13:15:00,Natus Vincere,GIANTX,-0.019607843137254943,13,7
459840,Split,2025-04-09 13:15:00,Natus Vincere,GIANTX,-0.019607843137254943,13,0
459841,Lotus,2025-04-10 11:00:00,Team Liquid,FUT Esports,-0.13809523809523805,13,1
459841,Split,2025-04-10 11:00:00,Team Liquid,FUT Esports,-0.13809523809523805,13,9
459842,Haven,2025-04-10 12:50:00,Team Vitality,Team Heretics,-0.20223978919631092,11,13
459842,Ascent,2025-04-10 12:50:00,Team Vitality,Team Heretics,-0.20223978919631092,9,13
459842,Haven,2025-04-10 12:50:00,Team Vitality,Team Heretics,-0.20223978919631092,10,13
459842,Icebox,2025-04-10 12:50:00,Team Vitality,Team Heretics,-0.20223978919631092,6,13
459842,Haven,2025-04-10 12:50:00,Team Vitality,Team Heretics,-0.20223978919631092,13,10
459842,Abyss,2025-04-10 12:50:00,Team Vitality,Team Heretics,-0.20223978919631092,13,1
459844,Haven,2025-04-11 14:00:00,Karmine Corp,Gentle Mates,-0.031746031746031744,14,12
459844,Pearl,2025-04-11 14:00:00,Karmine Corp,Gentle Mates,-0.031746031746031744,13,2
459535,Ascent,2025-04-11 17:00:00,100 Thieves,2Game Esports,0.08275862068965517,15,13
459535,Icebox,2025-04-11 17:00:00,100 Thieves,2Game Esports,0.08275862068965517,13,6
459536,Lotus,2025-04-11 19:30:00,G2 Esports,LEVIATÁN,-0.004830917874396157,13,10
459536,Fracture,2025-04-11 19:30:00,G2 Esports,LEVIATÁN,-0.004830917874396157,11,13
459536,Haven,2025-04-11 19:30:00,G2 Esports,LEVIATÁN,-0.004830917874396157,13,7
459536,Pearl,2025-04-11 19:30:00,G2 Esports,LEVIATÁN,-0.004830917874396157,13,5
459536,Fracture,2025-04-11 19:30:00,G2 Esports,LEVIATÁN,-0.004830917874396157,13,9
458823,Sunset,2025-04-12 04:00:00,Nongshim RedForce,Team Secret,-0.045454545454545414,8,13
458823,Ascent,2025-04-12 04:00:00,Nongshim RedForce,Team Secret,-0.045454545454545414,13,10
458823,Lotus,2025-04-12 04:00:00,Nongshim RedForce,Team Secret,-0.045454545454545414,13,3
458823,Pearl,2025-04-12 04:00:00,Nongshim RedForce,Team Secret,-0.045454545454545414,13,10
458823,Split,2025-04-12 04:00:00,Nongshim RedForce,Team Secret,-0.045454545454545414,13,3
458824,Icebox,2025-04-12 06:15:00,DRX,BOOM Esports,0.025000000000000022,8,13
458824,Haven,2025-04-12 06:15:00,DRX,BOOM Esports,0.025000000000000022,14,12
458824,Ascent,2025-04-12 06:15:00,DRX,BOOM Esports,0.025000000000000022,8,13
459537,Lotus,2025-04-12 17:00:00,FURIA,Cloud9,-0.3571428571428572,14,16
459537,Pearl,2025-04-12 17:00:00,FURIA,Cloud9,-0.3571428571428572,1,13
459538,Split,2025-04-12 19:25:00,Sentinels,LOUD,0.14552845528455288,13,10
459538,Lotus,2025-04-12 19:25:00,Sentinels,LOUD,0.14552845528455288,11,13
459538,Haven,2025-04-12 19:25:00,Sentinels,LOUD,0.14552845528455288,13,5
458825,Sunset,2025-04-13 04:00:00,T1,Rex Regum Qeon,0.009459459459459474,13,11
458825,Haven,2025-04-13 04:00:00,T1,Rex Regum Qeon,0.009459459459459474,13,15
458825,Ascent,2025-04-13 04:00:00,T1,Rex Regum Qeon,0.009459459459459474,7,13
458825,Pearl,2025-04-13 04:00:00,T1,Rex Regum Qeon,0.009459459459459474,13,10
458825,Icebox,2025-04-13 04:00:00,T1,Rex Regum Qeon,0.009459459459459474,10,13
458825,Lotus,2025-04-13 04:00:00,T1,Rex Regum Qeon,0.009459459459459474,5,13
458826,Icebox,2025-04-13 07:10:00,Gen.G,Global Esports,0.5240761478163494,3,13
458826,Haven,2025-04-13 07:10:00,Gen.G,Global Esports,0.5240761478163494,13,3
458826,Corrode,2025-04-13 07:10:00,Gen.G,Global Esports,0.5240761478163494,13,7
458826,Haven,2025-04-13 07:10:00,Gen.G,Global Esports,0.5240761478163494,13,5
458826,Pearl,2025-04-13 07:10:00,Gen.G,Global Esports,0.5240761478163494,13,7
459540,Haven,2025-04-13 19:10:00,NRG,MIBR,0.14833333333333332,6,13
459540,Icebox,2025-04-13 19:10:00,NRG,MIBR,0.14833333333333332,5,13
458828,Ascent,2025-04-14 06:10:00,DetonatioN FocusMe,Paper Rex,-0.4330143540669857,13,11
458828,Lotus,2025-04-14 06:10:00,DetonatioN FocusMe,Paper Rex,-0.4330143540669857,7,13
458828,Pearl,2025-04-14 06:10:00,DetonatioN FocusMe,Paper Rex,-0.4330143540669857,13,15
458828,Abyss,2025-04-14 06:10:00,DetonatioN FocusMe,Paper Rex,-0.4330143540669857,13,10
458828,Pearl,2025-04-14 06:10:00,DetonatioN FocusMe,Paper Rex,-0.4330143540669857,13,1
459845,Ascent,2025-04-16 11:00:00,Team Vitality,Apeks,0.5,13,5
459845,Lotus,2025-04-16 11:00:00,Team Vitality,Apeks,0.5,13,10
459846,Bind,2025-04-16 13:20:00,Team Liquid,KOI,0.25161290322580643,13,4
459846,Icebox,2025-04-16 13:20:00,Team Liquid,KOI,0.25161290322580643,10,13
459846,Lotus,2025-04-16 13:20:00,Team Liquid,KOI,0.25161290322580643,13,8
459846,Split,2025-04-16 13:20:00,Team Liquid,KOI,0.25161290322580643,13,5
459846,Lotus,2025-04-16 13:20:00,Team Liquid,KOI,0.25161290322580643,13,9
459846,Fracture,2025-04-16 13:20:00,Team Liquid,KOI,0.25161290322580643,10,13
459846,Abyss,2025-04-16 13:20:00,Team Liquid,KOI,0.25161290322580643,13,3
459846,Bind,2025-04-16 13:20:00,Team Liquid,KOI,0.25161290322580643,13,10
459847,Sunset,2025-04-17 11:00:00,Gentle Mates,BBL Esports,-0.05263157894736842,3,13
459847,Lotus,2025-04-17 11:00:00,Gentle Mates,BBL Esports,-0.05263157894736842,12,14
459847,Lotus,2025-04-17 11:00:00,Gentle Mates,BBL Esports,-0.05263157894736842,12,14
459847,Haven,2025-04-17 11:00:00,Gentle Mates,BBL Esports,-0.05263157894736842,2,13
459849,Lotus,2025-04-18 11:00:00,Karmine Corp,FUT Esports,-0.1762452107279694,5,13
459849,Ascent,2025-04-18 11:00:00,Karmine Corp,FUT Esports,-0.1762452107279694,11,13
459849,Pearl,2025-04-18 11:00:00,Karmine Corp,FUT Esports,-0.1762452107279694,14,12
459850,Haven,2025-04-18 15:20:00,Natus Vincere,Team Heretics,-0.35976789168278533,3,13
459850,Pearl,2025-04-18 15:20:00,Natus Vincere,Team Heretics,-0.35976789168278533,8,13
459541,Ascent,2025-04-18 17:00:00,G2 Esports,Cloud9,0.17794970986460357,13,8
459541,Lotus,2025-04-18 17:00:00,G2 Esports,Cloud9,0.17794970986460357,13,9
459541,Icebox,2025-04-18 17:00:00,G2 Esports,Cloud9,0.17794970986460357,13,5
459541,Haven,2025-04-18 17:00:00,G2 Esports,Cloud9,0.17794970986460357,4,13
459541,Pearl,2025-04-18 17:00:00,G2 Esports,Cloud9,0.17794970986460357,13,11
459541,Lotus,2025-04-18 17:00:00,G2 Esports,Cloud9,0.17794970986460357,13,6
459541,Abyss,2025-04-18 17:00:00,G2 Esports,Cloud9,0.17794970986460357,13,8
459542,Icebox,2025-04-18 20:00:00,MIBR,FURIA,0.16210526315789475,13,3
459542,Ascent,2025-04-18 20:00:00,MIBR,FURIA,0.16210526315789475,9,13
459542,Split,2025-04-18 20:00:00,MIBR,FURIA,0.16210526315789475,13,8
458830,Split,2025-04-19 04:00:00,Paper Rex,Global Esports,0.35,13,5
458830,Lotus,2025-04-19 04:00:00,Paper Rex,Global Esports,0.35,13,9
459543,Haven,2025-04-19 17:00:00,Sentinels,2Game Esports,0.19047619047619052,13,4
459543,Pearl,2025-04-19 17:00:00,Sentinels,2Game Esports,0.19047619047619052,13,5
458832,Haven,2025-04-20 04:00:00,DRX,Gen.G,-0.18191056910569103,8,13
458832,Corrode,2025-04-20 04:00:00,DRX,Gen.G,-0.18191056910569103,6,13
458832,Lotus,2025-04-20 04:00:00,DRX,Gen.G,-0.18191056910569103,8,13
458832,Split,2025-04-20 04:00:00,DRX,Gen.G,-0.18191056910569103,13,10
458832,Ascent,2025-04-20 04:00:00,DRX,Gen.G,-0.18191056910569103,13,9
458833,Lotus,2025-04-20 07:30:00,Nongshim RedForce,ZETA DIVISION,0.22222222222222227,13,6
458833,Pearl,2025-04-20 07:30:00,Nongshim RedForce,ZETA DIVISION,0.22222222222222227,11,13
458833,Split,2025-04-20 07:30:00,Nongshim RedForce,ZETA DIVISION,0.22222222222222227,13,7
459545,Lotus,2025-04-20 17:00:00,Evil Geniuses,LOUD,0.1251612903225806,11,13
459545,Pearl,2025-04-20 17:00:00,Evil Geniuses,LOUD,0.1251612903225806,14,12
459545,Split,2025-04-20 17:00:00,Evil Geniuses,LOUD,0.1251612903225806,13,11
459545,Split,2025-04-20 17:00:00,Evil Geniuses,LOUD,0.1251612903225806,12,14
459545,Pearl,2025-04-20 17:00:00,Evil Geniuses,LOUD,0.1251612903225806,10,13
459546,Lotus,2025-04-20 21:00:00,LEVIATÁN,NRG,0.27962577962577967,7,13
459546,Haven,2025-04-20 21:00:00,LEVIATÁN,NRG,0.27962577962577967,14,12
459546,Icebox,2025-04-20 21:00:00,LEVIATÁN,NRG,0.27962577962577967,11,13
459546,Fracture,2025-04-20 21:00:00,LEVIATÁN,NRG,0.27962577962577967,13,15
459546,Icebox,2025-04-20 21:00:00,LEVIATÁN,NRG,0.27962577962577967,8,13
458834,Fracture,2025-04-21 04:00:00,DetonatioN FocusMe,BOOM Esports,-0.5166666666666666,8,13
458834,Ascent,2025-04-21 04:00:00,DetonatioN FocusMe,BOOM Esports,-0.5166666666666666,6,13
458835,Ascent,2025-04-21 06:00:00,Rex Regum Qeon,Team Secret,-0.04554865424430643,13,15
458835,Icebox,2025-04-21 06:00:00,Rex Regum Qeon,Team Secret,-0.04554865424430643,13,4
458835,Sunset,2025-04-21 06:00:00,Rex Regum Qeon,Team Secret,-0.04554865424430643,13,3
458835,Haven,2025-04-21 06:00:00,Rex Regum Qeon,Team Secret,-0.04554865424430643,15,13
458835,Ascent,2025-04-21 06:00:00,Rex Regum Qeon,Team Secret,-0.04554865424430643,5,13
458835,Lotus,2025-04-21 06:00:00,Rex Regum Qeon,Team Secret,-0.04554865424430643,9,13
458835,Lotus,2025-04-21 06:00:00,Rex Regum Qeon,Team Secret,-0.04554865424430643,9,13
458835,Pearl,2025-04-21 06:00:00,Rex Regum Qeon,Team Secret,-0.04554865424430643,13,4
458835,Haven,2025-04-21 06:00:00,Rex Regum Qeon,Team Secret,-0.04554865424430643,13,4
459852,Ascent,2025-04-23 11:00:00,BBL Esports,FUT Esports,-0.11756756756756753,25,23
459852,Icebox,2025-04-23 11:00:00,BBL Esports,FUT Esports,-0.11756756756756753,13,11
459852,Ascent,2025-04-23 11:00:00,BBL Esports,FUT Esports,-0.11756756756756753,13,10
459852,Split,2025-04-23 11:00:00,BBL Esports,FUT Esports,-0.11756756756756753,13,2
459852,Haven,2025-04-23 11:00:00,BBL Esports,FUT Esports,-0.11756756756756753,12,14
459853,Lotus,2025-04-23 15:00:00,GIANTX,Apeks,0.3684210526315789,13,7
459853,Ascent,2025-04-23 15:00:00,GIANTX,Apeks,0.3684210526315789,13,9
459854,Split,2025-04-24 11:00:00,Gentle Mates,KOI,0.1595238095238095,13,11
459854,Icebox,2025-04-24 11:00:00,Gentle Mates,KOI,0.1595238095238095,6,13
459854,Fracture,2025-04-24 11:00:00,Gentle Mates,KOI,0.1595238095238095,9,13
459854,Haven,2025-04-24 11:00:00,Gentle Mates,KOI,0.1595238095238095,13,3
459854,Lotus,2025-04-24 11:00:00,Gentle Mates,KOI,0.1595238095238095,7,13
459854,Pearl,2025-04-24 11:00:00,Gentle Mates,KOI,0.1595238095238095,13,6
459855,Haven,2025-04-24 14:05:00,Team Vitality,Natus Vincere,0.1664596273291925,5,13
459855,Icebox,2025-04-24 14:05:00,Team Vitality,Natus Vincere,0.1664596273291925,11,13
475897,Icebox,2025-04-24 17:00:00,MIBR,100 Thieves,-0.13771712158808935,13,10
475897,Bind,2025-04-24 17:00:00,MIBR,100 Thieves,-0.13771712158808935,14,12
475897,Split,2025-04-24 17:00:00,MIBR,100 Thieves,-0.13771712158808935,13,10
475897,Icebox,2025-04-24 17:00:00,MIBR,100 Thieves,-0.13771712158808935,13,4
475897,Lotus,2025-04-24 17:00:00,MIBR,100 Thieves,-0.13771712158808935,4,13
475897,Bind,2025-04-24 17:00:00,MIBR,100 Thieves,-0.13771712158808935,9,13
475898,Lotus,2025-04-24 19:15:00,Sentinels,Cloud9,0.013144590495449915,13,5
475898,Haven,2025-04-24 19:15:00,Sentinels,Cloud9,0.013144590495449915,13,9
475898,Corrode,2025-04-24 19:15:00,Sentinels,Cloud9,0.013144590495449915,13,10
475898,Icebox,2025-04-24 19:15:00,Sentinels,Cloud9,0.013144590495449915,9,13
475898,Lotus,2025-04-24 19:15:00,Sentinels,Cloud9,0.013144590495449915,13,10
475898,Ascent,2025-04-24 19:15:00,Sentinels,Cloud9,0.013144590495449915,13,9
475898,Pearl,2025-04-24 19:15:00,Sentinels,Cloud9,0.013144590495449915,13,9
475903,Bind,2025-04-25 17:00:00,100 Thieves,NRG,0.02430555555555558,13,10
475903,Sunset,2025-04-25 17:00:00,100 Thieves,NRG,0.02430555555555558,13,4
475903,Fracture,2025-04-25 17:00:00,100 Thieves,NRG,0.02430555555555558,13,5
475903,Haven,2025-04-25 17:00:00,100 Thieves,NRG,0.02430555555555558,13,11
475903,Lotus,2025-04-25 17:00:00,100 Thieves,NRG,0.02430555555555558,14,12
475903,Pearl,2025-04-25 17:00:00,100 Thieves,NRG,0.02430555555555558,9,13
475903,Bind,2025-04-25 17:00:00,100 Thieves,NRG,0.02430555555555558,9,13
475904,Lotus,2025-04-25 19:15:00,Cloud9,Evil Geniuses,0.0,13,7
475904,Haven,2025-04-25 19:15:00,Cloud9,Evil Geniuses,0.0,13,10
475904,Fracture,2025-04-25 19:15:00,Cloud9,Evil Geniuses,0.0,9,13
475904,Icebox,2025-04-25 19:15:00,Cloud9,Evil Geniuses,0.0,13,15
473834,Lotus,2025-04-26 07:00:00,DRX,T1,0.15934065934065933,15,13
473834,Fracture,2025-04-26 07:00:00,DRX,T1,0.15934065934065933,14,12
473834,Abyss,2025-04-26 07:00:00,DRX,T1,0.15934065934065933,13,3
473834,Lotus,2025-04-26 07:00:00,DRX,T1,0.15934065934065933,6,13
473834,Fracture,2025-04-26 07:00:00,DRX,T1,0.15934065934065933,13,9
473834,Bind,2025-04-26 07:00:00,DRX,T1,0.15934065934065933,12,14
473834,Split,2025-04-26 07:00:00,DRX,T1,0.15934065934065933,13,11
475900,Split,2025-04-26 19:05:00,G2 Esports,Sentinels,0.18371212121212122,13,5
475900,Icebox,2025-04-26 19:05:00,G2 Esports,Sentinels,0.18371212121212122,11,13
475900,Ascent,2025-04-26 19:05:00,G2 Esports,Sentinels,0.18371212121212122,11,13
475900,Split,2025-04-26 19:05:00,G2 Esports,Sentinels,0.18371212121212122,4,13
475900,Pearl,2025-04-26 19:05:00,G2 Esports,Sentinels,0.18371212121212122,13,8
475900,Abyss,2025-04-26 19:05:00,G2 Esports,Sentinels,0.18371212121212122,9,13
475900,Fracture,2025-04-26 19:05:00,G2 Esports,Sentinels,0.18371212121212122,13,5
475900,Haven,2025-04-26 19:05:00,G2 Esports,Sentinels,0.18371212121212122,13,10
473837,Split,2025-04-27 04:00:00,BOOM Esports,Gen.G,-0.08571428571428574,8,13
473837,Ascent,2025-04-27 04:00:00,BOOM Esports,Gen.G,-0.08571428571428574,6,13
473838,Bind,2025-04-27 06:10:00,Rex Regum Qeon,DRX,-0.10465116279069764,12,14
473838,Ascent,2025-04-27 06:10:00,Rex Regum Qeon,DRX,-0.10465116279069764,7,13
473838,Fracture,2025-04-27 06:10:00,Rex Regum Qeon,DRX,-0.10465116279069764,11,13
473838,Icebox,2025-04-27 06:10:00,Rex Regum Qeon,DRX,-0.10465116279069764,13,4
473838,Lotus,2025-04-27 06:10:00,Rex Regum Qeon,DRX,-0.10465116279069764,14,12
475905,Sunset,2025-04-27 19:40:00,G2 Esports,100 Thieves,0.22943722943722944,13,4
475905,Haven,2025-04-27 19:40:00,G2 Esports,100 Thieves,0.22943722943722944,13,5
475905,Haven,2025-04-27 19:40:00,G2 Esports,100 Thieves,0.22943722943722944,13,4
475905,Split,2025-04-27 19:40:00,G2 Esports,100 Thieves,0.22943722943722944,12,14
475905,Pearl,2025-04-27 19:40:00,G2 Esports,100 Thieves,0.22943722943722944,16,14
459856,Lotus,2025-05-02 11:00:00,Team Liquid,Karmine Corp,0.10208333333333336,14,12
459856,Bind,2025-05-02 11:00:00,Team Liquid,Karmine Corp,0.10208333333333336,13,15
459856,Sunset,2025-05-02 11:00:00,Team Liquid,Karmine Corp,0.10208333333333336,12,14
459856,Icebox,2025-05-02 11:00:00,Team Liquid,Karmine Corp,0.10208333333333336,9,13
459856,Lotus,2025-05-02 11:00:00,Team Liquid,Karmine Corp,0.10208333333333336,13,6
459856,Split,2025-05-02 11:00:00,Team Liquid,Karmine Corp,0.10208333333333336,13,6
475901,Lotus,2025-05-02 17:00:00,MIBR,Sentinels,-0.16269841269841273,7,13
475901,Split,2025-05-02 17:00:00,MIBR,Sentinels,-0.16269841269841273,11,13
475907,Corrode,2025-05-02 19:50:00,G2 Esports,Evil Geniuses,0.21999999999999997,11,13
475907,Haven,2025-05-02 19:50:00,G2 Esports,Evil Geniuses,0.21999999999999997,13,4
475907,Ascent,2025-05-02 19:50:00,G2 Esports,Evil Geniuses,0.21999999999999997,13,4
475907,Lotus,2025-05-02 19:50:00,G2 Esports,Evil Geniuses,0.21999999999999997,9,13
475907,Split,2025-05-02 19:50:00,G2 Esports,Evil Geniuses,0.21999999999999997,13,7
475907,Pearl,2025-05-02 19:50:00,G2 Esports,Evil Geniuses,0.21999999999999997,13,11
473836,Haven,2025-05-03 07:25:00,T1,Paper Rex,-0.1836956521739131,15,17
473836,Lotus,2025-05-03 07:25:00,T1,Paper Rex,-0.1836956521739131,12,14
473836,Fracture,2025-05-03 07:25:00,T1,Paper Rex,-0.1836956521739131,13,3
473836,Ascent,2025-05-03 07:25:00,T1,Paper Rex,-0.1836956521739131,4,13
473836,Lotus,2025-05-03 07:25:00,T1,Paper Rex,-0.1836956521739131,2,13
475908,Haven,2025-05-03 17:00:00,MIBR,G2 Esports,-0.34617985125084516,13,10
475908,Lotus,2025-05-03 17:00:00,MIBR,G2 Esports,-0.34617985125084516,13,15
475908,Split,2025-05-03 17:00:00,MIBR,G2 Esports,-0.34617985125084516,10,13
475908,Ascent,2025-05-03 17:00:00,MIBR,G2 Esports,-0.34617985125084516,8,13
473840,Bind,2025-05-04 06:00:00,BOOM Esports,Paper Rex,0.007978723404255317,8,13
473840,Lotus,2025-05-04 06:00:00,BOOM Esports,Paper Rex,0.007978723404255317,10,13
473840,Lotus,2025-05-04 06:00:00,BOOM Esports,Paper Rex,0.007978723404255317,5,13
473840,Fracture,2025-05-04 06:00:00,BOOM Esports,Paper Rex,0.007978723404255317,8,13
475902,Corrode,2025-05-04 17:00:00,Sentinels,G2 Esports,-0.16555183946488294,13,8
475902,Ascent,2025-05-04 17:00:00,Sentinels,G2 Esports,-0.16555183946488294,6,13
475902,Lotus,2025-05-04 17:00:00,Sentinels,G2 Esports,-0.16555183946488294,14,12
475902,Bind,2025-05-04 17:00:00,Sentinels,G2 Esports,-0.16555183946488294,8,13
475902,Sunset,2025-05-04 17:00:00,Sentinels,G2 Esports,-0.16555183946488294,9,13
475902,Haven,2025-05-04 17:00:00,Sentinels,G2 Esports,-0.16555183946488294,9,13
475902,Split,2025-05-04 17:00:00,Sentinels,G2 Esports,-0.16555183946488294,9,13
475902,Pearl,2025-05-04 17:00:00,Sentinels,G2 Esports,-0.16555183946488294,13,10
475902,Ascent,2025-05-04 17:00:00,Sentinels,G2 Esports,-0.16555183946488294,10,13
475902,Abyss,2025-05-04 17:00:00,Sentinels,G2 Esports,-0.16555183946488294,7,13
475902,Pearl,2025-05-04 17:00:00,Sentinels,G2 Esports,-0.16555183946488294,7,13
482503,Lotus,2025-05-08 11:00:00,BBL Esports,Natus Vincere,0.10119047619047616,13,9
482503,Fracture,2025-05-08 11:00:00,BBL Esports,Natus Vincere,0.10119047619047616,13,10
473841,Lotus,2025-05-09 04:00:00,Gen.G,Rex Regum Qeon,0.3256606990622336,13,5
473841,Icebox,2025-05-09 04:00:00,Gen.G,Rex Regum Qeon,0.3256606990622336,13,8
473841,Haven,2025-05-09 04:00:00,Gen.G,Rex Regum Qeon,0.3256606990622336,13,8
473841,Ascent,2025-05-09 04:00:00,Gen.G,Rex Regum Qeon,0.3256606990622336,11,13
473841,Lotus,2025-05-09 04:00:00,Gen.G,Rex Regum Qeon,0.3256606990622336,9,13
473841,Icebox,2025-05-09 04:00:00,Gen.G,Rex Regum Qeon,0.3256606990622336,11,13
473841,Fracture,2025-05-09 04:00:00,Gen.G,Rex Regum Qeon,0.3256606990622336,6,13
473841,Lotus,2025-05-09 04:00:00,Gen.G,Rex Regum Qeon,0.3256606990622336,13,8
473841,Haven,2025-05-09 04:00:00,Gen.G,Rex Regum Qeon,0.3256606990622336,14,12
473842,Ascent,2025-05-09 06:00:00,DRX,Paper Rex,-0.025000000000000022,15,13
473842,Lotus,2025-05-09 06:00:00,DRX,Paper Rex,-0.025000000000000022,13,8
473842,Haven,2025-05-09 06:00:00,DRX,Paper Rex,-0.025000000000000022,13,9
473842,Icebox,2025-05-09 06:00:00,DRX,Paper Rex,-0.025000000000000022,10,13
473842,Lotus,2025-05-09 06:00:00,DRX,Paper Rex,-0.025000000000000022,13,7
473842,Lotus,2025-05-09 06:00:00,DRX,Paper Rex,-0.025000000000000022,11,13
473842,Icebox,2025-05-09 06:00:00,DRX,Paper Rex,-0.025000000000000022,8,13
482505,Sunset,2025-05-09 11:00:00,Natus Vincere,Karmine Corp,-0.02709677419354839,14,12
482505,Corrode,2025-05-09 11:00:00,Natus Vincere,Karmine Corp,-0.02709677419354839,13,8
482505,Icebox,2025-05-09 11:00:00,Natus Vincere,Karmine Corp,-0.02709677419354839,12,14
482505,Split,2025-05-09 11:00:00,Natus Vincere,Karmine Corp,-0.02709677419354839,13,11
482505,Ascent,2025-05-09 11:00:00,Natus Vincere,Karmine Corp,-0.02709677419354839,13,11
482506,Haven,2025-05-09 15:05:00,FUT Esports,Team Vitality,0.038461538461538436,2,13
482506,Lotus,2025-05-09 15:05:00,FUT Esports,Team Vitality,0.038461538461538436,5,13
482506,Split,2025-05-09 15:05:00,FUT Esports,Team Vitality,0.038461538461538436,13,6
482506,Fracture,2025-05-09 15:05:00,FUT Esports,Team Vitality,0.038461538461538436,13,7
482506,Bind,2025-05-09 15:05:00,FUT Esports,Team Vitality,0.038461538461538436,7,13
482506,Split,2025-05-09 15:05:00,FUT Esports,Team Vitality,0.038461538461538436,4,13
473843,Fracture,2025-05-10 04:00:00,Rex Regum Qeon,Paper Rex,-0.15391156462585037,2,13
473843,Split,2025-05-10 04:00:00,Rex Regum Qeon,Paper Rex,-0.15391156462585037,14,12
473843,Pearl,2025-05-10 04:00:00,Rex Regum Qeon,Paper Rex,-0.15391156462585037,14,12
473843,Icebox,2025-05-10 04:00:00,Rex Regum Qeon,Paper Rex,-0.15391156462585037,3,13
473843,Ascent,2025-05-10 04:00:00,Rex Regum Qeon,Paper Rex,-0.15391156462585037,13,6
482507,Icebox,2025-05-10 11:00:00,Team Heretics,BBL Esports,0.23469387755102045,5,13
482507,Haven,2025-05-10 11:00:00,Team Heretics,BBL Esports,0.23469387755102045,13,9
482507,Sunset,2025-05-10 11:00:00,Team Heretics,BBL Esports,0.23469387755102045,13,11
482507,Icebox,2025-05-10 11:00:00,Team Heretics,BBL Esports,0.23469387755102045,6,13
482507,Ascent,2025-05-10 11:00:00,Team Heretics,BBL Esports,0.23469387755102045,11,13
482507,Icebox,2025-05-10 11:00:00,Team Heretics,BBL Esports,0.23469387755102045,14,12
482507,Ascent,2025-05-10 11:00:00,Team Heretics,BBL Esports,0.23469387755102045,13,10
473844,Lotus,2025-05-11 04:00:00,Gen.G,Rex Regum Qeon,0.3276923076923077,13,5
473844,Icebox,2025-05-11 04:00:00,Gen.G,Rex Regum Qeon,0.3276923076923077,13,8
473844,Haven,2025-05-11 04:00:00,Gen.G,Rex Regum Qeon,0.3276923076923077,13,8
473844,Ascent,2025-05-11 04:00:00,Gen.G,Rex Regum Qeon,0.3276923076923077,11,13
473844,Lotus,2025-05-11 04:00:00,Gen.G,Rex Regum Qeon,0.3276923076923077,9,13
473844,Icebox,2025-05-11 04:00:00,Gen.G,Rex Regum Qeon,0.3276923076923077,11,13
473844,Fracture,2025-05-11 04:00:00,Gen.G,Rex Regum Qeon,0.3276923076923077,6,13
473844,Lotus,2025-05-11 04:00:00,Gen.G,Rex Regum Qeon,0.3276923076923077,13,8
473844,Haven,2025-05-11 04:00:00,Gen.G,Rex Regum Qeon,0.3276923076923077,14,12
482510,Ascent,2025-05-11 11:00:00,BBL Esports,FUT Esports,-0.046739130434782616,25,23
482510,Icebox,2025-05-11 11:00:00,BBL Esports,FUT Esports,-0.046739130434782616,13,11
482510,Ascent,2025-05-11 11:00:00,BBL Esports,FUT Esports,-0.046739130434782616,13,10
482510,Split,2025-05-11 11:00:00,BBL Esports,FUT Esports,-0.046739130434782616,13,2
482510,Haven,2025-05-11 11:00:00,BBL Esports,FUT Esports,-0.046739130434782616,12,14
482509,Corrode,2025-05-11 14:45:00,Team Liquid,Natus Vincere,0.085972850678733,13,7
482509,Sunset,2025-05-11 14:45:00,Team Liquid,Natus Vincere,0.085972850678733,13,4
482509,Icebox,2025-05-11 14:45:00,Team Liquid,Natus Vincere,0.085972850678733,11,13
482509,Split,2025-05-11 14:45:00,Team Liquid,Natus Vincere,0.085972850678733,13,4
482509,Ascent,2025-05-11 14:45:00,Team Liquid,Natus Vincere,0.085972850678733,13,8
482511,Fracture,2025-05-16 13:20:00,Team Liquid,BBL Esports,-0.01428571428571429,13,7
482511,Haven,2025-05-16 13:20:00,Team Liquid,BBL Esports,-0.01428571428571429,4,13
482511,Ascent,2025-05-16 13:20:00,Team Liquid,BBL Esports,-0.01428571428571429,13,4
482511,Haven,2025-05-16 13:20:00,Team Liquid,BBL Esports,-0.01428571428571429,13,11
482511,Split,2025-05-16 13:20:00,Team Liquid,BBL Esports,-0.01428571428571429,7,13
482511,Fracture,2025-05-16 13:20:00,Team Liquid,BBL Esports,-0.01428571428571429,13,8
482512,Haven,2025-05-17 12:00:00,Team Heretics,Team Liquid,0.22549019607843135,13,3
482512,Ascent,2025-05-17 12:00:00,Team Heretics,Team Liquid,0.22549019607843135,13,10
482512,Icebox,2025-05-17 12:00:00,Team Heretics,Team Liquid,0.22549019607843135,13,2
482512,Lotus,2025-05-17 12:00:00,Team Heretics,Team Liquid,0.22549019607843135,4,13
482512,Abyss,2025-05-17 12:00:00,Team Heretics,Team Liquid,0.22549019607843135,4,13
482512,Fracture,2025-05-17 12:00:00,Team Heretics,Team Liquid,0.22549019607843135,7,13
490309,Pearl,2025-06-07 12:00:00,Team Heretics,Paper Rex,0.13584905660377355,1,13
490309,Icebox,2025-06-07 12:00:00,Team Heretics,Paper Rex,0.13584905660377355,9,13
490307,Icebox,2025-06-07 14:10:00,Bilibili Gaming,Team Liquid,0.013513513513513487,13,10
490307,Haven,2025-06-07 14:10:00,Bilibili Gaming,Team Liquid,0.013513513513513487,14,16
490307,Sunset,2025-06-07 14:10:00,Bilibili Gaming,Team Liquid,0.013513513513513487,13,10
490308,Split,2025-06-08 12:00:00,Sentinels,Wolves Esports,0.30780141843971637,13,11
490308,Lotus,2025-06-08 12:00:00,Sentinels,Wolves Esports,0.30780141843971637,13,8
490306,Sunset,2025-06-08 14:45:00,Gen.G,MIBR,0.44465408805031453,13,5
490306,Haven,2025-06-08 14:45:00,Gen.G,MIBR,0.44465408805031453,13,1
490311,Icebox,2025-06-09 12:00:00,Bilibili Gaming,Sentinels,-0.06333333333333335,13,9
490311,Sunset,2025-06-09 12:00:00,Bilibili Gaming,Sentinels,-0.06333333333333335,5,13
490311,Lotus,2025-06-09 12:00:00,Bilibili Gaming,Sentinels,-0.06333333333333335,9,13
490310,Ascent,2025-06-09 15:30:00,Paper Rex,Gen.G,-0.20697167755991286,11,13
490310,Icebox,2025-06-09 15:30:00,Paper Rex,Gen.G,-0.20697167755991286,3,13
490312,Pearl,2025-06-10 12:00:00,Team Heretics,Wolves Esports,0.4722222222222222,10,13
490312,Lotus,2025-06-10 12:00:00,Team Heretics,Wolves Esports,0.4722222222222222,9,13
490313,Icebox,2025-06-10 14:30:00,Team Liquid,MIBR,0.11884550084889639,13,6
490313,Sunset,2025-06-10 14:30:00,Team Liquid,MIBR,0.11884550084889639,13,7
490315,Split,2025-06-11 12:00:00,Bilibili Gaming,Wolves Esports,0.20588235294117646,10,13
490315,Ascent,2025-06-11 12:00:00,Bilibili Gaming,Wolves Esports,0.20588235294117646,5,13
490315,Haven,2025-06-11 12:00:00,Bilibili Gaming,Wolves Esports,0.20588235294117646,13,5
490315,Ascent,2025-06-11 12:00:00,Bilibili Gaming,Wolves Esports,0.20588235294117646,13,4
490315,Lotus,2025-06-11 12:00:00,Bilibili Gaming,Wolves Esports,0.20588235294117646,10,13
490315,Split,2025-06-11 12:00:00,Bilibili Gaming,Wolves Esports,0.20588235294117646,8,13
490315,Haven,2025-06-11 12:00:00,Bilibili Gaming,Wolves Esports,0.20588235294117646,8,13
490314,Split,2025-06-11 14:30:00,Paper Rex,Team Liquid,0.10897435897435898,13,15
490314,Sunset,2025-06-11 14:30:00,Paper Rex,Team Liquid,0.10897435897435898,13,5
490314,Lotus,2025-06-11 14:30:00,Paper Rex,Team Liquid,0.10897435897435898,14,12
498622,Split,2025-06-13 12:00:00,G2 Esports,Paper Rex,0.1132075471698113,10,13
498622,Lotus,2025-06-13 12:00:00,G2 Esports,Paper Rex,0.1132075471698113,11,13
498621,Abyss,2025-06-13 14:25:00,Xi Lai Gaming,Sentinels,0.008163265306122436,10,13
498621,Lotus,2025-06-13 14:25:00,Xi Lai Gaming,Sentinels,0.008163265306122436,13,11
498621,Haven,2025-06-13 14:25:00,Xi Lai Gaming,Sentinels,0.008163265306122436,13,8
498621,Sunset,2025-06-13 14:25:00,Xi Lai Gaming,Sentinels,0.008163265306122436,6,13
498621,Lotus,2025-06-13 14:25:00,Xi Lai Gaming,Sentinels,0.008163265306122436,6,13
498623,Ascent,2025-06-14 12:00:00,Rex Regum Qeon,Wolves Esports,0.12820512820512825,11,13
498623,Icebox,2025-06-14 12:00:00,Rex Regum Qeon,Wolves Esports,0.12820512820512825,8,13
498629,Icebox,2025-06-15 12:00:00,Xi Lai Gaming,G2 Esports,-0.03703703703703709,3,13
498629,Haven,2025-06-15 12:00:00,Xi Lai Gaming,G2 Esports,-0.03703703703703709,8,13
498626,Split,2025-06-16 12:00:00,Wolves Esports,Gen.G,-0.45300751879699247,13,11
498626,Sunset,2025-06-16 12:00:00,Wolves Esports,Gen.G,-0.45300751879699247,13,9
498625,Split,2025-06-16 14:30:00,Sentinels,Paper Rex,-0.0311111111111112,3,13
498625,Sunset,2025-06-16 14:30:00,Sentinels,Paper Rex,-0.0311111111111112,11,13
498631,Lotus,2025-06-17 12:00:00,Gen.G,G2 Esports,0.09792663476873997,7,13
498631,Haven,2025-06-17 12:00:00,Gen.G,G2 Esports,0.09792663476873997,13,11
498631,Icebox,2025-06-17 12:00:00,Gen.G,G2 Esports,0.09792663476873997,11,13
498627,Lotus,2025-06-20 12:00:00,Paper Rex,Wolves Esports,0.21818181818181814,14,12
498627,Ascent,2025-06-20 12:00:00,Paper Rex,Wolves Esports,0.21818181818181814,13,8
508816,Sunset,2025-07-15 06:15:00,Nongshim RedForce,Team Secret,0.045454545454545414,8,13
508816,Ascent,2025-07-15 06:15:00,Nongshim RedForce,Team Secret,0.045454545454545414,13,10
508816,Lotus,2025-07-15 06:15:00,Nongshim RedForce,Team Secret,0.045454545454545414,13,3
508816,Pearl,2025-07-15 06:15:00,Nongshim RedForce,Team Secret,0.045454545454545414,13,10
508816,Split,2025-07-15 06:15:00,Nongshim RedForce,Team Secret,0.045454545454545414,13,3
508817,Haven,2025-07-16 04:00:00,T1,Paper Rex,-0.21694480102695762,15,17
508817,Lotus,2025-07-16 04:00:00,T1,Paper Rex,-0.21694480102695762,12,14
508817,Fracture,2025-07-16 04:00:00,T1,Paper Rex,-0.21694480102695762,13,3
508817,Ascent,2025-07-16 04:00:00,T1,Paper Rex,-0.21694480102695762,4,13
508817,Lotus,2025-07-16 04:00:00,T1,Paper Rex,-0.21694480102695762,2,13
508818,Haven,2025-07-16 06:35:00,DRX,Gen.G,-0.18440779610194902,8,13
508818,Corrode,2025-07-16 06:35:00,DRX,Gen.G,-0.18440779610194902,6,13
508818,Lotus,2025-07-16 06:35:00,DRX,Gen.G,-0.18440779610194902,8,13
508818,Split,2025-07-16 06:35:00,DRX,Gen.G,-0.18440779610194902,13,10
508818,Ascent,2025-07-16 06:35:00,DRX,Gen.G,-0.18440779610194902,13,9
511543,Icebox,2025-07-16 11:00:00,Natus Vincere,Apeks,0.37037037037037035,13,4
511543,Sunset,2025-07-16 11:00:00,Natus Vincere,Apeks,0.37037037037037035,6,13
511543,Corrode,2025-07-16 11:00:00,Natus Vincere,Apeks,0.37037037037037035,13,3
511544,Sunset,2025-07-16 13:50:00,Team Vitality,GIANTX,0.11351351351351346,10,13
511544,Bind,2025-07-16 13:50:00,Team Vitality,GIANTX,0.11351351351351346,11,13
511544,Split,2025-07-16 13:50:00,Team Vitality,GIANTX,0.11351351351351346,13,9
511544,Lotus,2025-07-16 13:50:00,Team Vitality,GIANTX,0.11351351351351346,13,2
508819,Corrode,2025-07-17 04:00:00,Rex Regum Qeon,Global Esports,0.19047619047619047,7,13
508819,Haven,2025-07-17 04:00:00,Rex Regum Qeon,Global Esports,0.19047619047619047,5,13
508820,Haven,2025-07-17 06:15:00,ZETA DIVISION,DetonatioN FocusMe,0.17532467532467533,1,13
508820,Lotus,2025-07-17 06:15:00,ZETA DIVISION,DetonatioN FocusMe,0.17532467532467533,13,1
508820,Icebox,2025-07-17 06:15:00,ZETA DIVISION,DetonatioN FocusMe,0.17532467532467533,7,13
511545,Bind,2025-07-17 11:00:00,FUT Esports,Gentle Mates,0.1788617886178862,7,13
511545,Sunset,2025-07-17 11:00:00,FUT Esports,Gentle Mates,0.1788617886178862,13,5
511545,Lotus,2025-07-17 11:00:00,FUT Esports,Gentle Mates,0.1788617886178862,16,14
511545,Icebox,2025-07-17 11:00:00,FUT Esports,Gentle Mates,0.1788617886178862,10,13
511545,Fracture,2025-07-17 11:00:00,FUT Esports,Gentle Mates,0.1788617886178862,18,16
511545,Lotus,2025-07-17 11:00:00,FUT Esports,Gentle Mates,0.1788617886178862,13,4
511546,Bind,2025-07-17 14:30:00,Team Liquid,KOI,0.2477272727272727,13,4
511546,Icebox,2025-07-17 14:30:00,Team Liquid,KOI,0.2477272727272727,10,13
511546,Lotus,2025-07-17 14:30:00,Team Liquid,KOI,0.2477272727272727,13,8
511546,Split,2025-07-17 14:30:00,Team Liquid,KOI,0.2477272727272727,13,5
511546,Lotus,2025-07-17 14:30:00,Team Liquid,KOI,0.2477272727272727,13,9
511546,Fracture,2025-07-17 14:30:00,Team Liquid,KOI,0.2477272727272727,10,13
511546,Abyss,2025-07-17 14:30:00,Team Liquid,KOI,0.2477272727272727,13,3
511546,Bind,2025-07-17 14:30:00,Team Liquid,KOI,0.2477272727272727,13,10
508821,Icebox,2025-07-18 04:00:00,DRX,Nongshim RedForce,0.012411347517730431,13,5
508821,Bind,2025-07-18 04:00:00,DRX,Nongshim RedForce,0.012411347517730431,4,13
508821,Lotus,2025-07-18 04:00:00,DRX,Nongshim RedForce,0.012411347517730431,13,11
508821,Lotus,2025-07-18 04:00:00,DRX,Nongshim RedForce,0.012411347517730431,13,11
508821,Pearl,2025-07-18 04:00:00,DRX,Nongshim RedForce,0.012411347517730431,6,13
508821,Fracture,2025-07-18 04:00:00,DRX,Nongshim RedForce,0.012411347517730431,13,9
508822,Ascent,2025-07-18 07:10:00,BOOM Esports,T1,0.09523809523809523,9,13
508822,Corrode,2025-07-18 07:10:00,BOOM Esports,T1,0.09523809523809523,10,13
508822,Pearl,2025-07-18 07:10:00,BOOM Esports,T1,0.09523809523809523,11,13
508822,Bind,2025-07-18 07:10:00,BOOM Esports,T1,0.09523809523809523,13,8
508822,Fracture,2025-07-18 07:10:00,BOOM Esports,T1,0.09523809523809523,7,13
511547,Icebox,2025-07-18 11:00:00,Team Heretics,BBL Esports,0.22909090909090912,5,13
511547,Haven,2025-07-18 11:00:00,Team Heretics,BBL Esports,0.22909090909090912,13,9
511547,Sunset,2025-07-18 11:00:00,Team Heretics,BBL Esports,0.22909090909090912,13,11
511547,Icebox,2025-07-18 11:00:00,Team Heretics,BBL Esports,0.22909090909090912,6,13
511547,Ascent,2025-07-18 11:00:00,Team Heretics,BBL Esports,0.22909090909090912,11,13
511547,Icebox,2025-07-18 11:00:00,Team Heretics,BBL Esports,0.22909090909090912,14,12
511547,Ascent,2025-07-18 11:00:00,Team Heretics,BBL Esports,0.22909090909090912,13,10
509801,Haven,2025-07-18 17:00:00,Cloud9,FURIA,0.37,13,5
509801,Bind,2025-07-18 17:00:00,Cloud9,FURIA,0.37,13,4
509802,Bind,2025-07-18 19:10:00,LEVIATÁN,LOUD,0.3404605263157895,13,10
509802,Ascent,2025-07-18 19:10:00,LEVIATÁN,LOUD,0.3404605263157895,10,13
509802,Icebox,2025-07-18 19:10:00,LEVIATÁN,LOUD,0.3404605263157895,11,13
508823,Bind,2025-07-19 04:00:00,Global Esports,Team Secret,-0.20727272727272728,5,13
508823,Corrode,2025-07-19 04:00:00,Global Esports,Team Secret,-0.20727272727272728,13,9
508823,Lotus,2025-07-19 04:00:00,Global Esports,Team Secret,-0.20727272727272728,11,13
508823,Abyss,2025-07-19 04:00:00,Global Esports,Team Secret,-0.20727272727272728,3,13
508823,Split,2025-07-19 04:00:00,Global Esports,Team Secret,-0.20727272727272728,13,7
508823,Pearl,2025-07-19 04:00:00,Global Esports,Team Secret,-0.20727272727272728,13,6
508824,Haven,2025-07-19 07:20:00,Paper Rex,DetonatioN FocusMe,0.45611285266457685,13,7
508824,Lotus,2025-07-19 07:20:00,Paper Rex,DetonatioN FocusMe,0.45611285266457685,13,7
509803,Sunset,2025-07-19 17:00:00,Evil Geniuses,2Game Esports,0.1970443349753695,7,13
509803,Lotus,2025-07-19 17:00:00,Evil Geniuses,2Game Esports,0.1970443349753695,13,11
509803,Ascent,2025-07-19 17:00:00,Evil Geniuses,2Game Esports,0.1970443349753695,13,9
508826,Ascent,2025-07-20 06:00:00,Rex Regum Qeon,Gen.G,-0.38281706604324955,6,13
508826,Haven,2025-07-20 06:00:00,Rex Regum Qeon,Gen.G,-0.38281706604324955,13,11
508826,Sunset,2025-07-20 06:00:00,Rex Regum Qeon,Gen.G,-0.38281706604324955,13,6
508826,Haven,2025-07-20 06:00:00,Rex Regum Qeon,Gen.G,-0.38281706604324955,10,13
508826,Sunset,2025-07-20 06:00:00,Rex Regum Qeon,Gen.G,-0.38281706604324955,13,11
508826,Corrode,2025-07-20 06:00:00,Rex Regum Qeon,Gen.G,-0.38281706604324955,13,6
509805,Bind,2025-07-20 17:00:00,100 Thieves,NRG,0.04201680672268909,13,10
509805,Sunset,2025-07-20 17:00:00,100 Thieves,NRG,0.04201680672268909,13,4
509805,Fracture,2025-07-20 17:00:00,100 Thieves,NRG,0.04201680672268909,13,5
509805,Haven,2025-07-20 17:00:00,100 Thieves,NRG,0.04201680672268909,13,11
509805,Lotus,2025-07-20 17:00:00,100 Thieves,NRG,0.04201680672268909,14,12
509805,Pearl,2025-07-20 17:00:00,100 Thieves,NRG,0.04201680672268909,9,13
509805,Bind,2025-07-20 17:00:00,100 Thieves,NRG,0.04201680672268909,9,13
509806,Corrode,2025-07-20 19:00:00,Sentinels,G2 Esports,-0.14406207827260453,13,8
509806,Ascent,2025-07-20 19:00:00,Sentinels,G2 Esports,-0.14406207827260453,6,13
509806,Lotus,2025-07-20 19:00:00,Sentinels,G2 Esports,-0.14406207827260453,14,12
509806,Bind,2025-07-20 19:00:00,Sentinels,G2 Esports,-0.14406207827260453,8,13
509806,Sunset,2025-07-20 19:00:00,Sentinels,G2 Esports,-0.14406207827260453,9,13
509806,Haven,2025-07-20 19:00:00,Sentinels,G2 Esports,-0.14406207827260453,9,13
509806,Split,2025-07-20 19:00:00,Sentinels,G2 Esports,-0.14406207827260453,9,13
509806,Pearl,2025-07-20 19:00:00,Sentinels,G2 Esports,-0.14406207827260453,13,10
509806,Ascent,2025-07-20 19:00:00,Sentinels,G2 Esports,-0.14406207827260453,10,13
509806,Abyss,2025-07-20 19:00:00,Sentinels,G2 Esports,-0.14406207827260453,7,13
509806,Pearl,2025-07-20 19:00:00,Sentinels,G2 Esports,-0.14406207827260453,7,13
511549,Icebox,2025-07-23 11:00:00,Apeks,Karmine Corp,-0.36363636363636365,7,13
511549,Sunset,2025-07-23 11:00:00,Apeks,Karmine Corp,-0.36363636363636365,13,11
511549,Lotus,2025-07-23 11:00:00,Apeks,Karmine Corp,-0.36363636363636365,11,13
511550,Icebox,2025-07-23 14:30:00,GIANTX,BBL Esports,-0.032967032967033016,13,7
511550,Lotus,2025-07-23 14:30:00,GIANTX,BBL Esports,-0.032967032967033016,11,13
511550,Corrode,2025-07-23 14:30:00,GIANTX,BBL Esports,-0.032967032967033016,13,11
511551,Corrode,2025-07-24 11:00:00,Team Liquid,Natus Vincere,0.09494773519163763,13,7
511551,Sunset,2025-07-24 11:00:00,Team Liquid,Natus Vincere,0.09494773519163763,13,4
511551,Icebox,2025-07-24 11:00:00,Team Liquid,Natus Vincere,0.09494773519163763,11,13
511551,Split,2025-07-24 11:00:00,Team Liquid,Natus Vincere,0.09494773519163763,13,4
511551,Ascent,2025-07-24 11:00:00,Team Liquid,Natus Vincere,0.09494773519163763,13,8
511552,Corrode,2025-07-24 13:05:00,Gentle Mates,Team Heretics,-0.3961038961038961,12,14
511552,Ascent,2025-07-24 13:05:00,Gentle Mates,Team Heretics,-0.3961038961038961,14,12
511552,Bind,2025-07-24 13:05:00,Gentle Mates,Team Heretics,-0.3961038961038961,5,13
508828,Icebox,2025-07-25 04:00:00,Gen.G,Global Esports,0.5224637681159421,3,13
508828,Haven,2025-07-25 04:00:00,Gen.G,Global Esports,0.5224637681159421,13,3
508828,Corrode,2025-07-25 04:00:00,Gen.G,Global Esports,0.5224637681159421,13,7
508828,Haven,2025-07-25 04:00:00,Gen.G,Global Esports,0.5224637681159421,13,5
508828,Pearl,2025-07-25 04:00:00,Gen.G,Global Esports,0.5224637681159421,13,7
511553,Haven,2025-07-25 11:00:00,FUT Esports,Team Vitality,0.023809523809523836,2,13
511553,Lotus,2025-07-25 11:00:00,FUT Esports,Team Vitality,0.023809523809523836,5,13
511553,Split,2025-07-25 11:00:00,FUT Esports,Team Vitality,0.023809523809523836,13,6
511553,Fracture,2025-07-25 11:00:00,FUT Esports,Team Vitality,0.023809523809523836,13,7
511553,Bind,2025-07-25 11:00:00,FUT Esports,Team Vitality,0.023809523809523836,7,13
511553,Split,2025-07-25 11:00:00,FUT Esports,Team Vitality,0.023809523809523836,4,13
509807,Ascent,2025-07-25 17:00:00,2Game Esports,G2 Esports,-0.43965517241379315,8,13
509807,Haven,2025-07-25 17:00:00,2Game Esports,G2 Esports,-0.43965517241379315,5,13
509808,Sunset,2025-07-25 19:10:00,FURIA,Sentinels,-0.42318059299191374,4,13
509808,Icebox,2025-07-25 19:10:00,FURIA,Sentinels,-0.42318059299191374,0,13
508830,Corrode,2025-07-26 04:00:00,T1,ZETA DIVISION,0.12693798449612403,13,8
508830,Sunset,2025-07-26 04:00:00,T1,ZETA DIVISION,0.12693798449612403,13,6
508830,Fracture,2025-07-26 04:00:00,T1,ZETA DIVISION,0.12693798449612403,13,7
508830,Split,2025-07-26 04:00:00,T1,ZETA DIVISION,0.12693798449612403,12,14
508830,Haven,2025-07-26 04:00:00,T1,ZETA DIVISION,0.12693798449612403,13,5
508831,Corrode,2025-07-26 06:05:00,Rex Regum Qeon,Nongshim RedForce,-0.10512820512820509,11,13
508831,Haven,2025-07-26 06:05:00,Rex Regum Qeon,Nongshim RedForce,-0.10512820512820509,13,8
508831,Icebox,2025-07-26 06:05:00,Rex Regum Qeon,Nongshim RedForce,-0.10512820512820509,13,3
509810,Haven,2025-07-26 19:00:00,NRG,LOUD,0.05015673981191221,13,4
509810,Corrode,2025-07-26 19:00:00,NRG,LOUD,0.05015673981191221,13,9
508832,Corrode,2025-07-27 04:00:00,DRX,Team Secret,0.10416666666666663,13,4
508832,Icebox,2025-07-27 04:00:00,DRX,Team Secret,0.10416666666666663,13,4
508833,Bind,2025-07-27 06:00:00,BOOM Esports,Paper Rex,-0.1895223420647149,8,13
508833,Lotus,2025-07-27 06:00:00,BOOM Esports,Paper Rex,-0.1895223420647149,10,13
508833,Lotus,2025-07-27 06:00:00,BOOM Esports,Paper Rex,-0.1895223420647149,5,13
508833,Fracture,2025-07-27 06:00:00,BOOM Esports,Paper Rex,-0.1895223420647149,8,13
509811,Lotus,2025-07-27 17:00:00,Cloud9,Evil Geniuses,0.038461538461538436,13,7
509811,Haven,2025-07-27 17:00:00,Cloud9,Evil Geniuses,0.038461538461538436,13,10
509811,Fracture,2025-07-27 17:00:00,Cloud9,Evil Geniuses,0.038461538461538436,9,13
509811,Icebox,2025-07-27 17:00:00,Cloud9,Evil Geniuses,0.038461538461538436,13,15
509812,Lotus,2025-07-27 19:25:00,MIBR,LEVIATÁN,-0.3333333333333333,8,13
509812,Sunset,2025-07-27 19:25:00,MIBR,LEVIATÁN,-0.3333333333333333,3,13
509812,Split,2025-07-27 19:25:00,MIBR,LEVIATÁN,-0.3333333333333333,13,7
509812,Icebox,2025-07-27 19:25:00,MIBR,LEVIATÁN,-0.3333333333333333,13,8
511562,Sunset,2025-07-30 11:00:00,FUT Esports,GIANTX,0.057082452431289676,11,13
511562,Haven,2025-07-30 11:00:00,FUT Esports,GIANTX,0.057082452431289676,13,6
511562,Bind,2025-07-30 11:00:00,FUT Esports,GIANTX,0.057082452431289676,13,5
511563,Sunset,2025-07-30 14:10:00,Gentle Mates,BBL Esports,-0.14009661835748788,3,13
511563,Lotus,2025-07-30 14:10:00,Gentle Mates,BBL Esports,-0.14009661835748788,12,14
511563,Lotus,2025-07-30 14:10:00,Gentle Mates,BBL Esports,-0.14009661835748788,12,14
511563,Haven,2025-07-30 14:10:00,Gentle Mates,BBL Esports,-0.14009661835748788,2,13
511564,Ascent,2025-07-31 11:00:00,Team Liquid,Apeks,0.5,14,12
511564,Corrode,2025-07-31 11:00:00,Team Liquid,Apeks,0.5,11,13
511564,Lotus,2025-07-31 11:00:00,Team Liquid,Apeks,0.5,13,6
511564,Abyss,2025-07-31 11:00:00,Team Liquid,Apeks,0.5,13,9
511564,Pearl,2025-07-31 11:00:00,Team Liquid,Apeks,0.5,11,13
511564,Haven,2025-07-31 11:00:00,Team Liquid,Apeks,0.5,13,6
511565,Lotus,2025-07-31 14:40:00,KOI,Karmine Corp,-0.17401960784313722,13,9
511565,Sunset,2025-07-31 14:40:00,KOI,Karmine Corp,-0.17401960784313722,2,13
511565,Haven,2025-07-31 14:40:00,KOI,Karmine Corp,-0.17401960784313722,4,13
511565,Lotus,2025-07-31 14:40:00,KOI,Karmine Corp,-0.17401960784313722,2,13
511565,Icebox,2025-07-31 14:40:00,KOI,Karmine Corp,-0.17401960784313722,12,14
508834,Lotus,2025-08-01 04:00:00,Gen.G,Team Secret,0.3054037644201579,13,3
508834,Ascent,2025-08-01 04:00:00,Gen.G,Team Secret,0.3054037644201579,13,8
511567,Haven,2025-08-01 14:40:00,Team Vitality,Team Heretics,-0.20647773279352233,11,13
511567,Ascent,2025-08-01 14:40:00,Team Vitality,Team Heretics,-0.20647773279352233,9,13
511567,Haven,2025-08-01 14:40:00,Team Vitality,Team Heretics,-0.20647773279352233,10,13
511567,Icebox,2025-08-01 14:40:00,Team Vitality,Team Heretics,-0.20647773279352233,6,13
511567,Haven,2025-08-01 14:40:00,Team Vitality,Team Heretics,-0.20647773279352233,13,10
511567,Abyss,2025-08-01 14:40:00,Team Vitality,Team Heretics,-0.20647773279352233,13,1
509813,Corrode,2025-08-01 17:00:00,2Game Esports,FURIA,0.08585858585858586,12,14
509813,Sunset,2025-08-01 17:00:00,2Game Esports,FURIA,0.08585858585858586,13,3
509813,Ascent,2025-08-01 17:00:00,2Game Esports,FURIA,0.08585858585858586,13,2
509813,Haven,2025-08-01 17:00:00,2Game Esports,FURIA,0.08585858585858586,7,13
509813,Lotus,2025-08-01 17:00:00,2Game Esports,FURIA,0.08585858585858586,5,13
509814,Lotus,2025-08-01 20:05:00,LEVIATÁN,NRG,0.2416666666666667,7,13
509814,Haven,2025-08-01 20:05:00,LEVIATÁN,NRG,0.2416666666666667,14,12
509814,Icebox,2025-08-01 20:05:00,LEVIATÁN,NRG,0.2416666666666667,11,13
509814,Fracture,2025-08-01 20:05:00,LEVIATÁN,NRG,0.2416666666666667,13,15
509814,Icebox,2025-08-01 20:05:00,LEVIATÁN,NRG,0.2416666666666667,8,13
508836,Lotus,2025-08-02 04:00:00,BOOM Esports,DetonatioN FocusMe,0.20833333333333334,10,13
508836,Corrode,2025-08-02 04:00:00,BOOM Esports,DetonatioN FocusMe,0.20833333333333334,2,13
508837,Bind,2025-08-02 06:05:00,Rex Regum Qeon,DRX,-0.16063199473337725,12,14
508837,Ascent,2025-08-02 06:05:00,Rex Regum Qeon,DRX,-0.16063199473337725,7,13
508837,Fracture,2025-08-02 06:05:00,Rex Regum Qeon,DRX,-0.16063199473337725,11,13
508837,Icebox,2025-08-02 06:05:00,Rex Regum Qeon,DRX,-0.16063199473337725,13,4
508837,Lotus,2025-08-02 06:05:00,Rex Regum Qeon,DRX,-0.16063199473337725,14,12
509815,Lotus,2025-08-02 17:00:00,Sentinels,Cloud9,0.01851851851851849,13,5
509815,Haven,2025-08-02 17:00:00,Sentinels,Cloud9,0.01851851851851849,13,9
509815,Corrode,2025-08-02 17:00:00,Sentinels,Cloud9,0.01851851851851849,13,10
509815,Icebox,2025-08-02 17:00:00,Sentinels,Cloud9,0.01851851851851849,9,13
509815,Lotus,2025-08-02 17:00:00,Sentinels,Cloud9,0.01851851851851849,13,10
509815,Ascent,2025-08-02 17:00:00,Sentinels,Cloud9,0.01851851851851849,13,9
509815,Pearl,2025-08-02 17:00:00,Sentinels,Cloud9,0.01851851851851849,13,9
509816,Icebox,2025-08-02 19:15:00,MIBR,100 Thieves,-0.1764705882352941,13,10
509816,Bind,2025-08-02 19:15:00,MIBR,100 Thieves,-0.1764705882352941,14,12
509816,Split,2025-08-02 19:15:00,MIBR,100 Thieves,-0.1764705882352941,13,10
509816,Icebox,2025-08-02 19:15:00,MIBR,100 Thieves,-0.1764705882352941,13,4
509816,Lotus,2025-08-02 19:15:00,MIBR,100 Thieves,-0.1764705882352941,4,13
509816,Bind,2025-08-02 19:15:00,MIBR,100 Thieves,-0.1764705882352941,9,13
508838,Corrode,2025-08-03 04:00:00,Nongshim RedForce,Global Esports,0.25,13,7
508838,Bind,2025-08-03 04:00:00,Nongshim RedForce,Global Esports,0.25,13,8
508839,Lotus,2025-08-03 06:10:00,Paper Rex,ZETA DIVISION,0.37,9,13
508839,Sunset,2025-08-03 06:10:00,Paper Rex,ZETA DIVISION,0.37,7,13
508839,Lotus,2025-08-03 06:10:00,Paper Rex,ZETA DIVISION,0.37,13,5
508839,Fracture,2025-08-03 06:10:00,Paper Rex,ZETA DIVISION,0.37,13,8
509817,Corrode,2025-08-03 17:00:00,G2 Esports,Evil Geniuses,0.21104428649535267,11,13
509817,Haven,2025-08-03 17:00:00,G2 Esports,Evil Geniuses,0.21104428649535267,13,4
509817,Ascent,2025-08-03 17:00:00,G2 Esports,Evil Geniuses,0.21104428649535267,13,4
509817,Lotus,2025-08-03 17:00:00,G2 Esports,Evil Geniuses,0.21104428649535267,9,13
509817,Split,2025-08-03 17:00:00,G2 Esports,Evil Geniuses,0.21104428649535267,13,7
509817,Pearl,2025-08-03 17:00:00,G2 Esports,Evil Geniuses,0.21104428649535267,13,11
511568,Haven,2025-08-06 11:00:00,FUT Esports,Team Heretics,-0.20141065830721006,6,13
511568,Bind,2025-08-06 11:00:00,FUT Esports,Team Heretics,-0.20141065830721006,7,13
511569,Lotus,2025-08-06 13:35:00,KOI,Apeks,0.2,9,13
511569,Ascent,2025-08-06 13:35:00,KOI,Apeks,0.2,13,4
511569,Haven,2025-08-06 13:35:00,KOI,Apeks,0.2,13,8
511570,Corrode,2025-08-07 11:00:00,Gentle Mates,GIANTX,-0.14311594202898548,13,8
511570,Ascent,2025-08-07 11:00:00,Gentle Mates,GIANTX,-0.14311594202898548,12,14
511570,Haven,2025-08-07 11:00:00,Gentle Mates,GIANTX,-0.14311594202898548,4,13
511571,Sunset,2025-08-07 14:00:00,Natus Vincere,Karmine Corp,-0.03333333333333338,14,12
511571,Corrode,2025-08-07 14:00:00,Natus Vincere,Karmine Corp,-0.03333333333333338,13,8
511571,Icebox,2025-08-07 14:00:00,Natus Vincere,Karmine Corp,-0.03333333333333338,12,14
511571,Split,2025-08-07 14:00:00,Natus Vincere,Karmine Corp,-0.03333333333333338,13,11
511571,Ascent,2025-08-07 14:00:00,Natus Vincere,Karmine Corp,-0.03333333333333338,13,11
508840,Lotus,2025-08-08 04:00:00,Gen.G,Nongshim RedForce,0.25698924731182793,9,13
508840,Ascent,2025-08-08 04:00:00,Gen.G,Nongshim RedForce,0.25698924731182793,12,14
511572,Lotus,2025-08-08 11:00:00,Team Vitality,BBL Esports,0.0357142857142857,13,11
511572,Icebox,2025-08-08 11:00:00,Team Vitality,BBL Esports,0.0357142857142857,7,13
511572,Bind,2025-08-08 11:00:00,Team Vitality,BBL Esports,0.0357142857142857,10,13
509819,Bind,2025-08-08 17:00:00,Cloud9,2Game Esports,0.2357142857142857,13,1
509819,Lotus,2025-08-08 17:00:00,Cloud9,2Game Esports,0.2357142857142857,13,7
509820,Abyss,2025-08-08 19:00:00,MIBR,NRG,-0.10875576036866358,14,16
509820,Haven,2025-08-08 19:00:00,MIBR,NRG,-0.10875576036866358,13,4
509820,Corrode,2025-08-08 19:00:00,MIBR,NRG,-0.10875576036866358,14,16
509820,Lotus,2025-08-08 19:00:00,MIBR,NRG,-0.10875576036866358,13,15
509820,Bind,2025-08-08 19:00:00,MIBR,NRG,-0.10875576036866358,10,13
508842,Lotus,2025-08-09 04:00:00,DRX,Global Esports,0.38,13,10
508842,Icebox,2025-08-09 04:00:00,DRX,Global Esports,0.38,13,10
508842,Ascent,2025-08-09 04:00:00,DRX,Global Esports,0.38,13,3
508842,Split,2025-08-09 04:00:00,DRX,Global Esports,0.38,13,10
508843,Lotus,2025-08-09 06:25:00,BOOM Esports,ZETA DIVISION,0.07692307692307693,15,13
508843,Corrode,2025-08-09 06:25:00,BOOM Esports,ZETA DIVISION,0.07692307692307693,9,13
508843,Ascent,2025-08-09 06:25:00,BOOM Esports,ZETA DIVISION,0.07692307692307693,8,13
509821,Lotus,2025-08-09 17:00:00,Sentinels,Evil Geniuses,0.11306818181818179,13,8
509821,Corrode,2025-08-09 17:00:00,Sentinels,Evil Geniuses,0.11306818181818179,13,4
508844,Ascent,2025-08-10 04:00:00,Rex Regum Qeon,Team Secret,-0.0267857142857143,13,15
508844,Icebox,2025-08-10 04:00:00,Rex Regum Qeon,Team Secret,-0.0267857142857143,13,4
508844,Sunset,2025-08-10 04:00:00,Rex Regum Qeon,Team Secret,-0.0267857142857143,13,3
508844,Haven,2025-08-10 04:00:00,Rex Regum Qeon,Team Secret,-0.0267857142857143,15,13
508844,Ascent,2025-08-10 04:00:00,Rex Regum Qeon,Team Secret,-0.0267857142857143,5,13
508844,Lotus,2025-08-10 04:00:00,Rex Regum Qeon,Team Secret,-0.0267857142857143,9,13
508844,Lotus,2025-08-10 04:00:00,Rex Regum Qeon,Team Secret,-0.0267857142857143,9,13
508844,Pearl,2025-08-10 04:00:00,Rex Regum Qeon,Team Secret,-0.0267857142857143,13,4
508844,Haven,2025-08-10 04:00:00,Rex Regum Qeon,Team Secret,-0.0267857142857143,13,4
508845,Sunset,2025-08-10 07:05:00,T1,DetonatioN FocusMe,0.18222222222222223,13,6
508845,Haven,2025-08-10 07:05:00,T1,DetonatioN FocusMe,0.18222222222222223,13,9
509823,Corrode,2025-08-10 17:00:00,FURIA,G2 Esports,-0.5695652173913043,2,13
509823,Ascent,2025-08-10 17:00:00,FURIA,G2 Esports,-0.5695652173913043,5,13
509824,Sunset,2025-08-10 19:00:00,LOUD,100 Thieves,-0.14362934362934365,13,2
509824,Bind,2025-08-10 19:00:00,LOUD,100 Thieves,-0.14362934362934365,7,13
509824,Lotus,2025-08-10 19:00:00,LOUD,100 Thieves,-0.14362934362934365,12,14
530355,Bind,2025-08-13 06:35:00,Rex Regum Qeon,T1,0.01976284584980237,9,13
530355,Haven,2025-08-13 06:35:00,Rex Regum Qeon,T1,0.01976284584980237,13,7
530355,Sunset,2025-08-13 06:35:00,Rex Regum Qeon,T1,0.01976284584980237,8,13
511575,Icebox,2025-08-13 11:00:00,KOI,Natus Vincere,-0.1563275434243176,9,13
511575,Corrode,2025-08-13 11:00:00,KOI,Natus Vincere,-0.1563275434243176,16,14
511575,Ascent,2025-08-13 11:00:00,KOI,Natus Vincere,-0.1563275434243176,3,13
530357,Sunset,2025-08-14 07:10:00,Paper Rex,T1,0.19835277968428278,13,8
530357,Bind,2025-08-14 07:10:00,Paper Rex,T1,0.19835277968428278,13,6
530357,Bind,2025-08-14 07:10:00,Paper Rex,T1,0.19835277968428278,6,13
530357,Fracture,2025-08-14 07:10:00,Paper Rex,T1,0.19835277968428278,13,8
530357,Split,2025-08-14 07:10:00,Paper Rex,T1,0.19835277968428278,11,13
511577,Ascent,2025-08-14 11:00:00,GIANTX,Team Heretics,-0.27048022598870053,7,13
511577,Haven,2025-08-14 11:00:00,GIANTX,Team Heretics,-0.27048022598870053,3,13
511579,Corrode,2025-08-14 13:05:00,Gentle Mates,Team Vitality,-0.20780487804878045,4,13
511579,Lotus,2025-08-14 13:05:00,Gentle Mates,Team Vitality,-0.20780487804878045,13,9
511579,Ascent,2025-08-14 13:05:00,Gentle Mates,Team Vitality,-0.20780487804878045,10,13
530358,Lotus,2025-08-15 04:00:00,Nongshim RedForce,DetonatioN FocusMe,0.2986425339366516,13,6
530358,Ascent,2025-08-15 04:00:00,Nongshim RedForce,DetonatioN FocusMe,0.2986425339366516,13,10
530359,Ascent,2025-08-15 06:05:00,Rex Regum Qeon,Gen.G,-0.3366013071895425,6,13
530359,Haven,2025-08-15 06:05:00,Rex Regum Qeon,Gen.G,-0.3366013071895425,13,11
530359,Sunset,2025-08-15 06:05:00,Rex Regum Qeon,Gen.G,-0.3366013071895425,13,6
530359,Haven,2025-08-15 06:05:00,Rex Regum Qeon,Gen.G,-0.3366013071895425,10,13
530359,Sunset,2025-08-15 06:05:00,Rex Regum Qeon,Gen.G,-0.3366013071895425,13,11
530359,Corrode,2025-08-15 06:05:00,Rex Regum Qeon,Gen.G,-0.3366013071895425,13,6
511580,Sunset,2025-08-15 11:00:00,FUT Esports,BBL Esports,0.028352490421455878,11,13
511580,Ascent,2025-08-15 11:00:00,FUT Esports,BBL Esports,0.028352490421455878,9,13
511581,Lotus,2025-08-15 13:30:00,Team Liquid,Karmine Corp,0.1338383838383838,14,12
511581,Bind,2025-08-15 13:30:00,Team Liquid,Karmine Corp,0.1338383838383838,13,15
511581,Sunset,2025-08-15 13:30:00,Team Liquid,Karmine Corp,0.1338383838383838,12,14
511581,Icebox,2025-08-15 13:30:00,Team Liquid,Karmine Corp,0.1338383838383838,9,13
511581,Lotus,2025-08-15 13:30:00,Team Liquid,Karmine Corp,0.1338383838383838,13,6
511581,Split,2025-08-15 13:30:00,Team Liquid,Karmine Corp,0.1338383838383838,13,6
509826,Haven,2025-08-15 20:05:00,100 Thieves,LEVIATÁN,-0.16666666666666663,13,10
509826,Sunset,2025-08-15 20:05:00,100 Thieves,LEVIATÁN,-0.16666666666666663,10,13
509826,Lotus,2025-08-15 20:05:00,100 Thieves,LEVIATÁN,-0.16666666666666663,2,13
530360,Ascent,2025-08-16 04:00:00,T1,Nongshim RedForce,-0.11805555555555558,13,9
530360,Lotus,2025-08-16 04:00:00,T1,Nongshim RedForce,-0.11805555555555558,13,6
530360,Icebox,2025-08-16 04:00:00,T1,Nongshim RedForce,-0.11805555555555558,13,10
530360,Split,2025-08-16 04:00:00,T1,Nongshim RedForce,-0.11805555555555558,13,11
530361,Icebox,2025-08-16 06:05:00,DRX,Rex Regum Qeon,0.1582417582417583,7,13
530361,Corrode,2025-08-16 06:05:00,DRX,Rex Regum Qeon,0.1582417582417583,9,13
509827,Corrode,2025-08-16 17:00:00,FURIA,Evil Geniuses,-0.32954545454545453,6,13
509827,Ascent,2025-08-16 17:00:00,FURIA,Evil Geniuses,-0.32954545454545453,9,13
509827,Abyss,2025-08-16 17:00:00,FURIA,Evil Geniuses,-0.32954545454545453,7,13
509827,Fracture,2025-08-16 17:00:00,FURIA,Evil Geniuses,-0.32954545454545453,7,13
509829,Sunset,2025-08-16 19:20:00,2Game Esports,Sentinels,-0.3165584415584416,13,9
509829,Lotus,2025-08-16 19:20:00,2Game Esports,Sentinels,-0.3165584415584416,4,13
509829,Haven,2025-08-16 19:20:00,2Game Esports,Sentinels,-0.3165584415584416,4,13
530363,Sunset,2025-08-17 06:00:00,T1,Rex Regum Qeon,-0.023242630385487517,13,11
530363,Haven,2025-08-17 06:00:00,T1,Rex Regum Qeon,-0.023242630385487517,13,15
530363,Ascent,2025-08-17 06:00:00,T1,Rex Regum Qeon,-0.023242630385487517,7,13
530363,Pearl,2025-08-17 06:00:00,T1,Rex Regum Qeon,-0.023242630385487517,13,10
530363,Icebox,2025-08-17 06:00:00,T1,Rex Regum Qeon,-0.023242630385487517,10,13
530363,Lotus,2025-08-17 06:00:00,T1,Rex Regum Qeon,-0.023242630385487517,5,13
509830,Ascent,2025-08-17 17:00:00,G2 Esports,Cloud9,0.15319389485585078,13,8
509830,Lotus,2025-08-17 17:00:00,G2 Esports,Cloud9,0.15319389485585078,13,9
509830,Icebox,2025-08-17 17:00:00,G2 Esports,Cloud9,0.15319389485585078,13,5
509830,Haven,2025-08-17 17:00:00,G2 Esports,Cloud9,0.15319389485585078,4,13
509830,Pearl,2025-08-17 17:00:00,G2 Esports,Cloud9,0.15319389485585078,13,11
509830,Lotus,2025-08-17 17:00:00,G2 Esports,Cloud9,0.15319389485585078,13,6
509830,Abyss,2025-08-17 17:00:00,G2 Esports,Cloud9,0.15319389485585078,13,8
509831,Icebox,2025-08-17 19:30:00,MIBR,LOUD,0.0,13,11
509831,Sunset,2025-08-17 19:30:00,MIBR,LOUD,0.0,13,10
530925,Bind,2025-08-21 14:15:00,GIANTX,Natus Vincere,0.03375,5,13
530925,Haven,2025-08-21 14:15:00,GIANTX,Natus Vincere,0.03375,13,8
530925,Ascent,2025-08-21 14:15:00,GIANTX,Natus Vincere,0.03375,13,6
530925,Icebox,2025-08-21 14:15:00,GIANTX,Natus Vincere,0.03375,6,13
530925,Sunset,2025-08-21 14:15:00,GIANTX,Natus Vincere,0.03375,13,6
530925,Haven,2025-08-21 14:15:00,GIANTX,Natus Vincere,0.03375,13,4
530902,Corrode,2025-08-21 17:00:00,LEVIATÁN,Cloud9,0.14108527131782944,10,13
530902,Haven,2025-08-21 17:00:00,LEVIATÁN,Cloud9,0.14108527131782944,13,10
530902,Lotus,2025-08-21 17:00:00,LEVIATÁN,Cloud9,0.14108527131782944,11,13
530902,Split,2025-08-21 17:00:00,LEVIATÁN,Cloud9,0.14108527131782944,8,13
530902,Ascent,2025-08-21 17:00:00,LEVIATÁN,Cloud9,0.14108527131782944,3,13
530903,Sunset,2025-08-21 20:45:00,G2 Esports,100 Thieves,0.22249793217535158,13,4
530903,Haven,2025-08-21 20:45:00,G2 Esports,100 Thieves,0.22249793217535158,13,5
530903,Haven,2025-08-21 20:45:00,G2 Esports,100 Thieves,0.22249793217535158,13,4
530903,Split,2025-08-21 20:45:00,G2 Esports,100 Thieves,0.22249793217535158,12,14
530903,Pearl,2025-08-21 20:45:00,G2 Esports,100 Thieves,0.22249793217535158,16,14
530928,Icebox,2025-08-22 11:00:00,Team Heretics,BBL Esports,0.21720430107526878,5,13
530928,Haven,2025-08-22 11:00:00,Team Heretics,BBL Esports,0.21720430107526878,13,9
530928,Sunset,2025-08-22 11:00:00,Team Heretics,BBL Esports,0.21720430107526878,13,11
530928,Icebox,2025-08-22 11:00:00,Team Heretics,BBL Esports,0.21720430107526878,6,13
530928,Ascent,2025-08-22 11:00:00,Team Heretics,BBL Esports,0.21720430107526878,11,13
530928,Icebox,2025-08-22 11:00:00,Team Heretics,BBL Esports,0.21720430107526878,14,12
530928,Ascent,2025-08-22 11:00:00,Team Heretics,BBL Esports,0.21720430107526878,13,10
530929,Sunset,2025-08-22 13:20:00,Team Liquid,GIANTX,0.04957264957264951,13,4
530929,Corrode,2025-08-22 13:20:00,Team Liquid,GIANTX,0.04957264957264951,11,13
530929,Ascent,2025-08-22 13:20:00,Team Liquid,GIANTX,0.04957264957264951,14,12
530929,Bind,2025-08-22 13:20:00,Team Liquid,GIANTX,0.04957264957264951,13,10
530929,Lotus,2025-08-22 13:20:00,Team Liquid,GIANTX,0.04957264957264951,13,9
530929,Sunset,2025-08-22 13:20:00,Team Liquid,GIANTX,0.04957264957264951,13,10
530906,Lotus,2025-08-22 17:00:00,Sentinels,Cloud9,0.0481041312959819,13,5
530906,Haven,2025-08-22 17:00:00,Sentinels,Cloud9,0.0481041312959819,13,9
530906,Corrode,2025-08-22 17:00:00,Sentinels,Cloud9,0.0481041312959819,13,10
530906,Icebox,2025-08-22 17:00:00,Sentinels,Cloud9,0.0481041312959819,9,13
530906,Lotus,2025-08-22 17:00:00,Sentinels,Cloud9,0.0481041312959819,13,10
530906,Ascent,2025-08-22 17:00:00,Sentinels,Cloud9,0.0481041312959819,13,9
530906,Pearl,2025-08-22 17:00:00,Sentinels,Cloud9,0.0481041312959819,13,9
530907,Corrode,2025-08-22 20:35:00,NRG,G2 Esports,-0.22943722943722944,13,10
530907,Sunset,2025-08-22 20:35:00,NRG,G2 Esports,-0.22943722943722944,11,13
530907,Bind,2025-08-22 20:35:00,NRG,G2 Esports,-0.22943722943722944,7,13
530927,Haven,2025-08-23 14:55:00,Natus Vincere,Team Vitality,-0.10606060606060608,13,7
530927,Bind,2025-08-23 14:55:00,Natus Vincere,Team Vitality,-0.10606060606060608,13,11
530905,Bind,2025-08-23 20:25:00,100 Thieves,Evil Geniuses,0.004411764705882337,13,4
530905,Corrode,2025-08-23 20:25:00,100 Thieves,Evil Geniuses,0.004411764705882337,14,12
530905,Fracture,2025-08-23 20:25:00,100 Thieves,Evil Geniuses,0.004411764705882337,13,10
530905,Haven,2025-08-23 20:25:00,100 Thieves,Evil Geniuses,0.004411764705882337,13,7
530931,Icebox,2025-08-24 13:25:00,Team Heretics,Natus Vincere,0.325940212150434,3,13
530931,Haven,2025-08-24 13:25:00,Team Heretics,Natus Vincere,0.325940212150434,7,13
530908,Ascent,2025-08-24 17:00:00,NRG,LEVIATÁN,-0.196078431372549,13,2
530908,Icebox,2025-08-24 17:00:00,NRG,LEVIATÁN,-0.196078431372549,13,2
530909,Haven,2025-08-24 18:50:00,Cloud9,100 Thieves,0.04344512195121952,13,9
530909,Icebox,2025-08-24 18:50:00,Cloud9,100 Thieves,0.04344512195121952,14,12
530932,Ascent,2025-08-29 11:00:00,BBL Esports,Team Liquid,-0.021739130434782594,10,13
530932,Sunset,2025-08-29 11:00:00,BBL Esports,Team Liquid,-0.021739130434782594,13,10
530932,Bind,2025-08-29 11:00:00,BBL Esports,Team Liquid,-0.021739130434782594,12,14
530932,Bind,2025-08-29 11:00:00,BBL Esports,Team Liquid,-0.021739130434782594,11,13
530932,Pearl,2025-08-29 11:00:00,BBL Esports,Team Liquid,-0.021739130434782594,13,9
530932,Split,2025-08-29 11:00:00,BBL Esports,Team Liquid,-0.021739130434782594,10,13
530933,Bind,2025-08-29 14:40:00,GIANTX,Natus Vincere,0.035714285714285754,5,13
530933,Haven,2025-08-29 14:40:00,GIANTX,Natus Vincere,0.035714285714285754,13,8
530933,Ascent,2025-08-29 14:40:00,GIANTX,Natus Vincere,0.035714285714285754,13,6
530933,Icebox,2025-08-29 14:40:00,GIANTX,Natus Vincere,0.035714285714285754,6,13
530933,Sunset,2025-08-29 14:40:00,GIANTX,Natus Vincere,0.035714285714285754,13,6
530933,Haven,2025-08-29 14:40:00,GIANTX,Natus Vincere,0.035714285714285754,13,4
530910,Corrode,2025-08-29 17:00:00,Sentinels,G2 Esports,-0.11530172413793105,13,8
530910,Ascent,2025-08-29 17:00:00,Sentinels,G2 Esports,-0.11530172413793105,6,13
530910,Lotus,2025-08-29 17:00:00,Sentinels,G2 Esports,-0.11530172413793105,14,12
530910,Bind,2025-08-29 17:00:00,Sentinels,G2 Esports,-0.11530172413793105,8,13
530910,Sunset,2025-08-29 17:00:00,Sentinels,G2 Esports,-0.11530172413793105,9,13
530910,Haven,2025-08-29 17:00:00,Sentinels,G2 Esports,-0.11530172413793105,9,13
530910,Split,2025-08-29 17:00:00,Sentinels,G2 Esports,-0.11530172413793105,9,13
530910,Pearl,2025-08-29 17:00:00,Sentinels,G2 Esports,-0.11530172413793105,13,10
530910,Ascent,2025-08-29 17:00:00,Sentinels,G2 Esports,-0.11530172413793105,10,13
530910,Abyss,2025-08-29 17:00:00,Sentinels,G2 Esports,-0.11530172413793105,7,13
530910,Pearl,2025-08-29 17:00:00,Sentinels,G2 Esports,-0.11530172413793105,7,13
530911,Corrode,2025-08-29 19:30:00,NRG,Cloud9,-0.059740259740259705,13,2
530911,Lotus,2025-08-29 19:30:00,NRG,Cloud9,-0.059740259740259705,13,10
530911,Haven,2025-08-29 19:30:00,NRG,Cloud9,-0.059740259740259705,10,13
530911,Fracture,2025-08-29 19:30:00,NRG,Cloud9,-0.059740259740259705,12,14
530911,Lotus,2025-08-29 19:30:00,NRG,Cloud9,-0.059740259740259705,10,13
530934,Ascent,2025-08-30 12:00:00,BBL Esports,GIANTX,0.0020898641588296685,2,13
530934,Sunset,2025-08-30 12:00:00,BBL Esports,GIANTX,0.0020898641588296685,8,13
530934,Bind,2025-08-30 12:00:00,BBL Esports,GIANTX,0.0020898641588296685,6,13
530934,Lotus,2025-08-30 12:00:00,BBL Esports,GIANTX,0.0020898641588296685,13,9
530934,Haven,2025-08-30 12:00:00,BBL Esports,GIANTX,0.0020898641588296685,12,14
530934,Pearl,2025-08-30 12:00:00,BBL Esports,GIANTX,0.0020898641588296685,13,5
530912,Lotus,2025-08-30 18:00:00,Sentinels,NRG,0.11016949152542377,4,13
530912,Icebox,2025-08-30 18:00:00,Sentinels,NRG,0.11016949152542377,11,13
530912,Sunset,2025-08-30 18:00:00,Sentinels,NRG,0.11016949152542377,13,10
530912,Corrode,2025-08-30 18:00:00,Sentinels,NRG,0.11016949152542377,8,13
530365,Ascent,2025-08-31 01:50:00,Paper Rex,Rex Regum Qeon,0.15625,13,7
530365,Lotus,2025-08-31 01:50:00,Paper Rex,Rex Regum Qeon,0.15625,6,13
530365,Haven,2025-08-31 01:50:00,Paper Rex,Rex Regum Qeon,0.15625,13,7
530365,Bind,2025-08-31 01:50:00,Paper Rex,Rex Regum Qeon,0.15625,13,8
530935,Sunset,2025-08-31 12:00:00,Team Liquid,GIANTX,0.03191489361702127,13,4
530935,Corrode,2025-08-31 12:00:00,Team Liquid,GIANTX,0.03191489361702127,11,13
530935,Ascent,2025-08-31 12:00:00,Team Liquid,GIANTX,0.03191489361702127,14,12
530935,Bind,2025-08-31 12:00:00,Team Liquid,GIANTX,0.03191489361702127,13,10
530935,Lotus,2025-08-31 12:00:00,Team Liquid,GIANTX,0.03191489361702127,13,9
530935,Sunset,2025-08-31 12:00:00,Team Liquid,GIANTX,0.03191489361702127,13,10
530913,Bind,2025-08-31 17:00:00,G2 Esports,NRG,0.19417879417879425,13,11
530913,Lotus,2025-08-31 17:00:00,G2 Esports,NRG,0.19417879417879425,13,8
530913,Ascent,2025-08-31 17:00:00,G2 Esports,NRG,0.19417879417879425,13,10
530913,Lotus,2025-08-31 17:00:00,G2 Esports,NRG,0.19417879417879425,13,1
530913,Ascent,2025-08-31 17:00:00,G2 Esports,NRG,0.19417879417879425,13,6
542195,Bind,2025-09-12 09:00:00,Paper Rex,Xi Lai Gaming,0.09010989010989012,13,9
542195,Sunset,2025-09-12 09:00:00,Paper Rex,Xi Lai Gaming,0.09010989010989012,13,5
542196,Corrode,2025-09-12 11:25:00,GIANTX,Sentinels,-0.11612903225806448,6,13
542196,Sunset,2025-09-12 11:25:00,GIANTX,Sentinels,-0.11612903225806448,13,4
542196,Haven,2025-09-12 11:25:00,GIANTX,Sentinels,-0.11612903225806448,13,9
542207,Abyss,2025-09-13 09:00:00,NRG,EDward Gaming,-0.14583333333333337,17,15
542207,Corrode,2025-09-13 09:00:00,NRG,EDward Gaming,-0.14583333333333337,13,11
542205,Abyss,2025-09-13 11:55:00,Team Liquid,DRX,-0.062106918238993725,8,13
542205,Bind,2025-09-13 11:55:00,Team Liquid,DRX,-0.062106918238993725,10,13
542212,Lotus,2025-09-14 09:00:00,Dragon Ranger Gaming,T1,-0.03999999999999998,13,15
542212,Sunset,2025-09-14 09:00:00,Dragon Ranger Gaming,T1,-0.03999999999999998,14,16
542211,Corrode,2025-09-14 12:20:00,G2 Esports,Team Heretics,-0.013685239491691092,10,13
542211,Lotus,2025-09-14 12:20:00,G2 Esports,Team Heretics,-0.013685239491691092,10,13
542200,Haven,2025-09-15 09:00:00,Bilibili Gaming,MIBR,0.13013013013013008,2,13
542200,Corrode,2025-09-15 09:00:00,Bilibili Gaming,MIBR,0.13013013013013008,9,13
542197,Ascent,2025-09-17 09:00:00,Paper Rex,GIANTX,0.16666666666666663,11,13
542197,Lotus,2025-09-17 09:00:00,Paper Rex,GIANTX,0.16666666666666663,13,10
542197,Sunset,2025-09-17 09:00:00,Paper Rex,GIANTX,0.16666666666666663,13,6
542208,Haven,2025-09-17 12:10:00,DRX,NRG,0.09829059829059839,13,4
542208,Corrode,2025-09-17 12:10:00,DRX,NRG,0.09829059829059839,11,13
542208,Lotus,2025-09-17 12:10:00,DRX,NRG,0.09829059829059839,11,13
542213,Lotus,2025-09-18 09:00:00,Team Heretics,T1,0.27917833800186737,13,10
542213,Sunset,2025-09-18 09:00:00,Team Heretics,T1,0.27917833800186737,13,11
542209,Sunset,2025-09-19 09:00:00,Team Liquid,EDward Gaming,-0.10204081632653061,3,13
542209,Abyss,2025-09-19 09:00:00,Team Liquid,EDward Gaming,-0.10204081632653061,13,6
542209,Bind,2025-09-19 09:00:00,Team Liquid,EDward Gaming,-0.10204081632653061,15,13
542198,Abyss,2025-09-19 12:30:00,Xi Lai Gaming,Sentinels,-0.0901639344262295,10,13
542198,Lotus,2025-09-19 12:30:00,Xi Lai Gaming,Sentinels,-0.0901639344262295,13,11
542198,Haven,2025-09-19 12:30:00,Xi Lai Gaming,Sentinels,-0.0901639344262295,13,8
542198,Sunset,2025-09-19 12:30:00,Xi Lai Gaming,Sentinels,-0.0901639344262295,6,13
542198,Lotus,2025-09-19 12:30:00,Xi Lai Gaming,Sentinels,-0.0901639344262295,6,13
542203,Sunset,2025-09-20 09:00:00,Bilibili Gaming,Rex Regum Qeon,-0.010714285714285676,13,7
542203,Lotus,2025-09-20 09:00:00,Bilibili Gaming,Rex Regum Qeon,-0.010714285714285676,8,13
542203,Abyss,2025-09-20 09:00:00,Bilibili Gaming,Rex Regum Qeon,-0.010714285714285676,4,13
542214,Lotus,2025-09-20 12:00:00,G2 Esports,Dragon Ranger Gaming,0.3168771526980482,13,7
542214,Abyss,2025-09-20 12:00:00,G2 Esports,Dragon Ranger Gaming,0.3168771526980482,13,7
542210,Corrode,2025-09-21 09:00:00,DRX,Team Liquid,0.05999999999999994,13,8
542210,Abyss,2025-09-21 09:00:00,DRX,Team Liquid,0.05999999999999994,13,7
542199,Bind,2025-09-21 11:20:00,GIANTX,Xi Lai Gaming,-0.07070707070707072,14,12
542199,Ascent,2025-09-21 11:20:00,GIANTX,Xi Lai Gaming,-0.07070707070707072,13,10
542215,Lotus,2025-09-22 09:00:00,T1,G2 Esports,-0.2635746606334842,9,13
542215,Corrode,2025-09-22 09:00:00,T1,G2 Esports,-0.2635746606334842,8,13
542204,Corrode,2025-09-22 11:15:00,MIBR,Rex Regum Qeon,-0.1288305190744215,13,5
542204,Abyss,2025-09-22 11:15:00,MIBR,Rex Regum Qeon,-0.1288305190744215,13,5
542265,Lotus,2025-09-25 09:00:00,Paper Rex,G2 Esports,-0.03850313649145576,13,11
542265,Corrode,2025-09-25 09:00:00,Paper Rex,G2 Esports,-0.03850313649145576,13,15
542265,Ascent,2025-09-25 09:00:00,Paper Rex,G2 Esports,-0.03850313649145576,13,11
542266,Corrode,2025-09-26 09:00:00,Team Heretics,MIBR,0.359375,12,14
542266,Sunset,2025-09-26 09:00:00,Team Heretics,MIBR,0.359375,6,13
542267,Haven,2025-09-26 11:35:00,NRG,GIANTX,0.025000000000000022,13,1
542267,Lotus,2025-09-26 11:35:00,NRG,GIANTX,0.025000000000000022,13,6
542273,Lotus,2025-09-27 09:00:00,DRX,G2 Esports,-0.10350877192982455,7,13
542273,Abyss,2025-09-27 09:00:00,DRX,G2 Esports,-0.10350877192982455,13,10
542273,Bind,2025-09-27 09:00:00,DRX,G2 Esports,-0.10350877192982455,13,7
542274,Ascent,2025-09-27 12:20:00,Team Heretics,GIANTX,0.23736263736263735,13,4
542274,Lotus,2025-09-27 12:20:00,Team Heretics,GIANTX,0.23736263736263735,3,13
542274,Bind,2025-09-27 12:20:00,Team Heretics,GIANTX,0.23736263736263735,13,9
542274,Haven,2025-09-27 12:20:00,Team Heretics,GIANTX,0.23736263736263735,13,3
542274,Split,2025-09-27 12:20:00,Team Heretics,GIANTX,0.23736263736263735,11,13
542274,Lotus,2025-09-27 12:20:00,Team Heretics,GIANTX,0.23736263736263735,13,8
542269,Abyss,2025-09-28 12:20:00,MIBR,NRG,-0.14634146341463417,14,16
542269,Haven,2025-09-28 12:20:00,MIBR,NRG,-0.14634146341463417,13,4
542269,Corrode,2025-09-28 12:20:00,MIBR,NRG,-0.14634146341463417,14,16
542269,Lotus,2025-09-28 12:20:00,MIBR,NRG,-0.14634146341463417,13,15
542269,Bind,2025-09-28 12:20:00,MIBR,NRG,-0.14634146341463417,10,13
542277,Ascent,2025-09-29 09:00:00,Paper Rex,Team Heretics,-0.06060606060606066,13,11
542277,Bind,2025-09-29 09:00:00,Paper Rex,Team Heretics,-0.06060606060606066,9,13
542277,Lotus,2025-09-29 09:00:00,Paper Rex,Team Heretics,-0.06060606060606066,13,4
542276,Sunset,2025-09-29 12:20:00,MIBR,DRX,-0.22249589490968802,13,10
542276,Ascent,2025-09-29 12:20:00,MIBR,DRX,-0.22249589490968802,13,15
542276,Bind,2025-09-29 12:20:00,MIBR,DRX,-0.22249589490968802,10,13
542278,Ascent,2025-10-03 09:35:00,DRX,Paper Rex,-0.061259079903147606,15,13
542278,Lotus,2025-10-03 09:35:00,DRX,Paper Rex,-0.061259079903147606,13,8
542278,Haven,2025-10-03 09:35:00,DRX,Paper Rex,-0.061259079903147606,13,9
542278,Icebox,2025-10-03 09:35:00,DRX,Paper Rex,-0.061259079903147606,10,13
542278,Lotus,2025-10-03 09:35:00,DRX,Paper Rex,-0.061259079903147606,13,7
542278,Lotus,2025-10-03 09:35:00,DRX,Paper Rex,-0.061259079903147606,11,13
542278,Icebox,2025-10-03 09:35:00,DRX,Paper Rex,-0.061259079903147606,8,13
596399,Abyss,2026-01-15 17:00:00,ENVY,Evil Geniuses,0.04285714285714287,9,13
596399,Corrode,2026-01-15 17:00:00,ENVY,Evil Geniuses,0.04285714285714287,13,10
596399,Bind,2026-01-15 17:00:00,ENVY,Evil Geniuses,0.04285714285714287,13,9
596398,Lotus,2026-01-15 20:10:00,LOUD,Cloud9,-0.20508744038155802,13,1
596398,Split,2026-01-15 20:10:00,LOUD,Cloud9,-0.20508744038155802,8,13
596398,Breeze,2026-01-15 20:10:00,LOUD,Cloud9,-0.20508744038155802,13,11
596398,Haven,2026-01-15 20:10:00,LOUD,Cloud9,-0.20508744038155802,7,13
596398,Abyss,2026-01-15 20:10:00,LOUD,Cloud9,-0.20508744038155802,11,13
596401,Bind,2026-01-16 20:05:00,100 Thieves,LEVIATÁN,-0.1759834368530021,13,9
596401,Pearl,2026-01-16 20:05:00,100 Thieves,LEVIATÁN,-0.1759834368530021,10,13
596401,Split,2026-01-16 20:05:00,100 Thieves,LEVIATÁN,-0.1759834368530021,13,9
596402,Pearl,2026-01-17 17:00:00,NRG,Cloud9,0.053896103896104,13,2
596402,Breeze,2026-01-17 17:00:00,NRG,Cloud9,0.053896103896104,13,9
596403,Abyss,2026-01-17 19:00:00,MIBR,ENVY,-0.627906976744186,13,7
596403,Corrode,2026-01-17 19:00:00,MIBR,ENVY,-0.627906976744186,13,11
596404,Split,2026-01-18 17:00:00,Sentinels,FURIA,0.42679900744416877,5,13
596404,Breeze,2026-01-18 17:00:00,Sentinels,FURIA,0.42679900744416877,11,13
596405,Bind,2026-01-18 19:20:00,G2 Esports,100 Thieves,0.2017687520471667,13,11
596405,Corrode,2026-01-18 19:20:00,G2 Esports,100 Thieves,0.2017687520471667,3,13
596405,Split,2026-01-18 19:20:00,G2 Esports,100 Thieves,0.2017687520471667,13,8
594740,Lotus,2026-01-20 11:00:00,Natus Vincere,Karmine Corp,0.02192982456140352,13,9
594740,Breeze,2026-01-20 11:00:00,Natus Vincere,Karmine Corp,0.02192982456140352,13,9
594740,Split,2026-01-20 11:00:00,Natus Vincere,Karmine Corp,0.02192982456140352,13,11
594740,Haven,2026-01-20 11:00:00,Natus Vincere,Karmine Corp,0.02192982456140352,13,7
594741,Abyss,2026-01-20 13:35:00,FUT Esports,Gentle Mates,0.23076923076923078,8,13
594741,Split,2026-01-20 13:35:00,FUT Esports,Gentle Mates,0.23076923076923078,6,13
594742,Breeze,2026-01-21 11:00:00,PCIFIC Esports,BBL Esports,0.02941176470588236,10,13
594742,Abyss,2026-01-21 11:00:00,PCIFIC Esports,BBL Esports,0.02941176470588236,13,7
594742,Pearl,2026-01-21 11:00:00,PCIFIC Esports,BBL Esports,0.02941176470588236,4,13
594743,Breeze,2026-01-21 14:20:00,ULF Esports,Team Vitality,0.011627906976744207,3,13
594743,Corrode,2026-01-21 14:20:00,ULF Esports,Team Vitality,0.011627906976744207,1,13
595630,Breeze,2026-01-22 03:00:00,Nongshim RedForce,Team Secret,0.07803992740471866,13,8
595630,Fracture,2026-01-22 03:00:00,Nongshim RedForce,Team Secret,0.07803992740471866,8,13
595630,Pearl,2026-01-22 03:00:00,Nongshim RedForce,Team Secret,0.07803992740471866,13,5
595630,Haven,2026-01-22 03:00:00,Nongshim RedForce,Team Secret,0.07803992740471866,13,5
595630,Split,2026-01-22 03:00:00,Nongshim RedForce,Team Secret,0.07803992740471866,13,8
598923,Abyss,2026-01-22 04:00:00,Trace Esports,Wolves Esports,0.2727272727272727,13,7
598923,Haven,2026-01-22 04:00:00,Trace Esports,Wolves Esports,0.2727272727272727,11,13
598923,Bind,2026-01-22 04:00:00,Trace Esports,Wolves Esports,0.2727272727272727,5,13
598923,Abyss,2026-01-22 04:00:00,Trace Esports,Wolves Esports,0.2727272727272727,12,14
598923,Bind,2026-01-22 04:00:00,Trace Esports,Wolves Esports,0.2727272727272727,13,8
598923,Split,2026-01-22 04:00:00,Trace Esports,Wolves Esports,0.2727272727272727,13,6
595631,Corrode,2026-01-22 05:10:00,ZETA DIVISION,FULL SENSE,-0.16666666666666669,4,13
595631,Split,2026-01-22 05:10:00,ZETA DIVISION,FULL SENSE,-0.16666666666666669,2,13
598924,Bind,2026-01-22 07:25:00,FunPlus Phoenix,TYLOO,0.08064516129032262,5,13
598924,Split,2026-01-22 07:25:00,FunPlus Phoenix,TYLOO,0.08064516129032262,14,12
598924,Pearl,2026-01-22 07:25:00,FunPlus Phoenix,TYLOO,0.08064516129032262,13,11
598924,Pearl,2026-01-22 07:25:00,FunPlus Phoenix,TYLOO,0.08064516129032262,3,13
598924,Haven,2026-01-22 07:25:00,FunPlus Phoenix,TYLOO,0.08064516129032262,4,13
594744,Bind,2026-01-22 11:00:00,Team Heretics,Natus Vincere,0.2839854780153287,10,13
594744,Haven,2026-01-22 11:00:00,Team Heretics,Natus Vincere,0.2839854780153287,13,11
594744,Split,2026-01-22 11:00:00,Team Heretics,Natus Vincere,0.2839854780153287,6,13
594745,Pearl,2026-01-22 14:30:00,GIANTX,Gentle Mates,0.17592592592592593,10,13
594745,Bind,2026-01-22 14:30:00,GIANTX,Gentle Mates,0.17592592592592593,10,13
595632,Abyss,2026-01-23 03:00:00,VARREL,Global Esports,0.2692307692307692,7,13
595632,Split,2026-01-23 03:00:00,VARREL,Global Esports,0.2692307692307692,7,13
598921,Split,2026-01-23 04:00:00,All Gamers,Nova Esports,-0.013888888888888895,13,7
598921,Pearl,2026-01-23 04:00:00,All Gamers,Nova Esports,-0.013888888888888895,16,14
595633,Abyss,2026-01-23 05:10:00,DetonatioN FocusMe,Gen.G,-0.5434027777777778,13,8
595633,Pearl,2026-01-23 05:10:00,DetonatioN FocusMe,Gen.G,-0.5434027777777778,13,10
598922,Fracture,2026-01-23 06:55:00,JDG Esports,Titan Esports Club,0.24836601307189543,14,12
598922,Haven,2026-01-23 06:55:00,JDG Esports,Titan Esports Club,0.24836601307189543,13,9
598922,Corrode,2026-01-23 06:55:00,JDG Esports,Titan Esports Club,0.24836601307189543,13,6
598922,Haven,2026-01-23 06:55:00,JDG Esports,Titan Esports Club,0.24836601307189543,6,13
598922,Abyss,2026-01-23 06:55:00,JDG Esports,Titan Esports Club,0.24836601307189543,13,10
594747,Breeze,2026-01-23 13:25:00,Team Liquid,Team Vitality,0.02941176470588236,11,13
594747,Pearl,2026-01-23 13:25:00,Team Liquid,Team Vitality,0.02941176470588236,14,12
594747,Corrode,2026-01-23 13:25:00,Team Liquid,Team Vitality,0.02941176470588236,9,13
596409,Breeze,2026-01-23 17:00:00,LOUD,100 Thieves,-0.13516746411483255,13,11
596409,Bind,2026-01-23 17:00:00,LOUD,100 Thieves,-0.13516746411483255,6,13
596409,Pearl,2026-01-23 17:00:00,LOUD,100 Thieves,-0.13516746411483255,2,13
596410,Haven,2026-01-23 20:10:00,Evil Geniuses,Sentinels,-0.12698412698412698,7,13
596410,Bind,2026-01-23 20:10:00,Evil Geniuses,Sentinels,-0.12698412698412698,11,13
596410,Abyss,2026-01-23 20:10:00,Evil Geniuses,Sentinels,-0.12698412698412698,8,13
596410,Pearl,2026-01-23 20:10:00,Evil Geniuses,Sentinels,-0.12698412698412698,11,13
595634,Haven,2026-01-24 03:00:00,T1,Nongshim RedForce,-0.11603773584905663,4,13
595634,Corrode,2026-01-24 03:00:00,T1,Nongshim RedForce,-0.11603773584905663,9,13
595634,Split,2026-01-24 03:00:00,T1,Nongshim RedForce,-0.11603773584905663,13,9
598927,Fracture,2026-01-24 04:00:00,Xi Lai Gaming,Wolves Esports,0.10869565217391303,10,13
598927,Bind,2026-01-24 04:00:00,Xi Lai Gaming,Wolves Esports,0.10869565217391303,13,10
598927,Lotus,2026-01-24 04:00:00,Xi Lai Gaming,Wolves Esports,0.10869565217391303,13,7
598927,Breeze,2026-01-24 04:00:00,Xi Lai Gaming,Wolves Esports,0.10869565217391303,13,4
598927,Abyss,2026-01-24 04:00:00,Xi Lai Gaming,Wolves Esports,0.10869565217391303,13,6
598928,Abyss,2026-01-24 06:35:00,EDward Gaming,TYLOO,0.15333333333333332,13,5
598928,Bind,2026-01-24 06:35:00,EDward Gaming,TYLOO,0.15333333333333332,14,12
596412,Pearl,2026-01-24 20:05:00,LEVIATÁN,Cloud9,0.13829787234042556,3,13
596412,Split,2026-01-24 20:05:00,LEVIATÁN,Cloud9,0.13829787234042556,8,13
595636,Breeze,2026-01-25 03:00:00,Paper Rex,Global Esports,0.40271257172665625,13,10
595636,Split,2026-01-25 03:00:00,Paper Rex,Global Esports,0.40271257172665625,5,13
595636,Bind,2026-01-25 03:00:00,Paper Rex,Global Esports,0.40271257172665625,13,10
598925,Split,2026-01-25 04:00:00,Bilibili Gaming,All Gamers,0.0365111561866126,10,13
598925,Abyss,2026-01-25 04:00:00,Bilibili Gaming,All Gamers,0.0365111561866126,3,13
595637,Haven,2026-01-25 06:00:00,Rex Regum Qeon,DetonatioN FocusMe,0.22619047619047616,12,14
595637,Lotus,2026-01-25 06:00:00,Rex Regum Qeon,DetonatioN FocusMe,0.22619047619047616,14,12
595637,Fracture,2026-01-25 06:00:00,Rex Regum Qeon,DetonatioN FocusMe,0.22619047619047616,13,8
595637,Ascent,2026-01-25 06:00:00,Rex Regum Qeon,DetonatioN FocusMe,0.22619047619047616,9,13
595637,Breeze,2026-01-25 06:00:00,Rex Regum Qeon,DetonatioN FocusMe,0.22619047619047616,13,11
595637,Lotus,2026-01-25 06:00:00,Rex Regum Qeon,DetonatioN FocusMe,0.22619047619047616,13,8
595637,Haven,2026-01-25 06:00:00,Rex Regum Qeon,DetonatioN FocusMe,0.22619047619047616,13,10
595637,Corrode,2026-01-25 06:00:00,Rex Regum Qeon,DetonatioN FocusMe,0.22619047619047616,13,5
598926,Abyss,2026-01-25 06:30:00,Dragon Ranger Gaming,JDG Esports,-0.12962962962962965,11,13
598926,Breeze,2026-01-25 06:30:00,Dragon Ranger Gaming,JDG Esports,-0.12962962962962965,13,8
598926,Corrode,2026-01-25 06:30:00,Dragon Ranger Gaming,JDG Esports,-0.12962962962962965,13,9
596413,Haven,2026-01-25 17:00:00,100 Thieves,Sentinels,-0.08923611111111113,10,13
596413,Split,2026-01-25 17:00:00,100 Thieves,Sentinels,-0.08923611111111113,17,19
596413,Corrode,2026-01-25 17:00:00,100 Thieves,Sentinels,-0.08923611111111113,13,11
596413,Split,2026-01-25 17:00:00,100 Thieves,Sentinels,-0.08923611111111113,16,14
596414,Pearl,2026-01-25 20:00:00,ENVY,Cloud9,0.15315315315315314,18,20
596414,Breeze,2026-01-25 20:00:00,ENVY,Cloud9,0.15315315315315314,13,8
596414,Split,2026-01-25 20:00:00,ENVY,Cloud9,0.15315315315315314,11,13
594751,Abyss,2026-01-27 11:00:00,Karmine Corp,Team Liquid,-0.13461538461538464,13,2
594751,Split,2026-01-27 11:00:00,Karmine Corp,Team Liquid,-0.13461538461538464,8,13
594751,Breeze,2026-01-27 11:00:00,Karmine Corp,Team Liquid,-0.13461538461538464,10,13
598932,Split,2026-01-28 04:00:00,Nova Esports,TYLOO,-0.06907894736842107,10,13
598932,Corrode,2026-01-28 04:00:00,Nova Esports,TYLOO,-0.06907894736842107,4,13
598933,Breeze,2026-01-28 06:00:00,Titan Esports Club,Wolves Esports,-0.16447368421052633,13,11
598933,Bind,2026-01-28 06:00:00,Titan Esports Club,Wolves Esports,-0.16447368421052633,7,13
598933,Haven,2026-01-28 06:00:00,Titan Esports Club,Wolves Esports,-0.16447368421052633,13,8
594753,Abyss,2026-01-28 11:00:00,PCIFIC Esports,GIANTX,-0.4594594594594595,8,13
594753,Bind,2026-01-28 11:00:00,PCIFIC Esports,GIANTX,-0.4594594594594595,14,12
594753,Split,2026-01-28 11:00:00,PCIFIC Esports,GIANTX,-0.4594594594594595,10,13
594754,Haven,2026-01-28 14:35:00,ULF Esports,Team Heretics,-0.7058823529411765,7,13
594754,Bind,2026-01-28 14:35:00,ULF Esports,Team Heretics,-0.7058823529411765,8,13
595641,Split,2026-01-29 03:00:00,Team Secret,DetonatioN FocusMe,0.19195402298850575,2,13
595641,Bind,2026-01-29 03:00:00,Team Secret,DetonatioN FocusMe,0.19195402298850575,8,13
598934,Split,2026-01-29 04:00:00,Trace Esports,JDG Esports,0.14396284829721367,13,11
598934,Pearl,2026-01-29 04:00:00,Trace Esports,JDG Esports,0.14396284829721367,3,13
598934,Corrode,2026-01-29 04:00:00,Trace Esports,JDG Esports,0.14396284829721367,13,4
595642,Haven,2026-01-29 05:00:00,ZETA DIVISION,Global Esports,0.07142857142857145,11,13
595642,Abyss,2026-01-29 05:00:00,ZETA DIVISION,Global Esports,0.07142857142857145,9,13
598935,Lotus,2026-01-29 07:10:00,FunPlus Phoenix,Bilibili Gaming,0.16041666666666665,8,13
598935,Fracture,2026-01-29 07:10:00,FunPlus Phoenix,Bilibili Gaming,0.16041666666666665,13,9
598935,Pearl,2026-01-29 07:10:00,FunPlus Phoenix,Bilibili Gaming,0.16041666666666665,2,13
598935,Pearl,2026-01-29 07:10:00,FunPlus Phoenix,Bilibili Gaming,0.16041666666666665,9,13
598935,Bind,2026-01-29 07:10:00,FunPlus Phoenix,Bilibili Gaming,0.16041666666666665,15,17
594748,Abyss,2026-01-29 11:00:00,Natus Vincere,Gentle Mates,0.12593984962406013,7,13
594748,Bind,2026-01-29 11:00:00,Natus Vincere,Gentle Mates,0.12593984962406013,9,13
594749,Lotus,2026-01-29 13:20:00,BBL Esports,Team Vitality,-0.011111111111111072,8,13
594749,Haven,2026-01-29 13:20:00,BBL Esports,Team Vitality,-0.011111111111111072,13,10
594749,Breeze,2026-01-29 13:20:00,BBL Esports,Team Vitality,-0.011111111111111072,13,5
594749,Haven,2026-01-29 13:20:00,BBL Esports,Team Vitality,-0.011111111111111072,13,9
594749,Abyss,2026-01-29 13:20:00,BBL Esports,Team Vitality,-0.011111111111111072,13,8
598936,Split,2026-01-30 04:00:00,TYLOO,Titan Esports Club,0.22058823529411764,15,13
598936,Fracture,2026-01-30 04:00:00,TYLOO,Titan Esports Club,0.22058823529411764,13,5
598936,Corrode,2026-01-30 04:00:00,TYLOO,Titan Esports Club,0.22058823529411764,10,13
598936,Breeze,2026-01-30 04:00:00,TYLOO,Titan Esports Club,0.22058823529411764,13,9
598936,Split,2026-01-30 04:00:00,TYLOO,Titan Esports Club,0.22058823529411764,13,9
595644,Breeze,2026-01-30 06:25:00,Gen.G,T1,0.3279202279202279,13,7
595644,Bind,2026-01-30 06:25:00,Gen.G,T1,0.3279202279202279,8,13
595644,Haven,2026-01-30 06:25:00,Gen.G,T1,0.3279202279202279,9,13
598937,Abyss,2026-01-30 07:25:00,Trace Esports,Bilibili Gaming,0.17695852534562212,10,13
598937,Breeze,2026-01-30 07:25:00,Trace Esports,Bilibili Gaming,0.17695852534562212,11,13
594756,Abyss,2026-01-30 13:20:00,GIANTX,Team Heretics,-0.23646071700991617,13,10
594756,Haven,2026-01-30 13:20:00,GIANTX,Team Heretics,-0.23646071700991617,13,7
596406,Abyss,2026-01-30 17:00:00,NRG,MIBR,0.19141414141414137,13,6
596406,Split,2026-01-30 17:00:00,NRG,MIBR,0.19141414141414137,11,13
596406,Breeze,2026-01-30 17:00:00,NRG,MIBR,0.19141414141414137,8,13
596407,Abyss,2026-01-30 20:55:00,FURIA,G2 Esports,-0.5092592592592593,13,7
596407,Bind,2026-01-30 20:55:00,FURIA,G2 Esports,-0.5092592592592593,6,13
596407,Split,2026-01-30 20:55:00,FURIA,G2 Esports,-0.5092592592592593,13,3
595638,Split,2026-01-31 03:00:00,Nongshim RedForce,FULL SENSE,-0.4285714285714286,14,12
595638,Bind,2026-01-31 03:00:00,Nongshim RedForce,FULL SENSE,-0.4285714285714286,13,2
598942,Lotus,2026-01-31 04:00:00,Nova Esports,Wolves Esports,-0.010000000000000009,13,10
598942,Fracture,2026-01-31 04:00:00,Nova Esports,Wolves Esports,-0.010000000000000009,13,8
598942,Abyss,2026-01-31 04:00:00,Nova Esports,Wolves Esports,-0.010000000000000009,13,5
598942,Haven,2026-01-31 04:00:00,Nova Esports,Wolves Esports,-0.010000000000000009,3,13
598942,Pearl,2026-01-31 04:00:00,Nova Esports,Wolves Esports,-0.010000000000000009,11,13
595639,Bind,2026-01-31 05:10:00,Paper Rex,Rex Regum Qeon,0.17829457364341084,6,13
595639,Pearl,2026-01-31 05:10:00,Paper Rex,Rex Regum Qeon,0.17829457364341084,5,13
598929,Lotus,2026-01-31 07:10:00,All Gamers,Dragon Ranger Gaming,0.05158730158730157,8,13
598929,Split,2026-01-31 07:10:00,All Gamers,Dragon Ranger Gaming,0.05158730158730157,13,8
598929,Haven,2026-01-31 07:10:00,All Gamers,Dragon Ranger Gaming,0.05158730158730157,6,13
598929,Corrode,2026-01-31 07:10:00,All Gamers,Dragon Ranger Gaming,0.05158730158730157,7,13
598929,Bind,2026-01-31 07:10:00,All Gamers,Dragon Ranger Gaming,0.05158730158730157,15,13
598929,Abyss,2026-01-31 07:10:00,All Gamers,Dragon Ranger Gaming,0.05158730158730157,13,10
596419,Haven,2026-01-31 17:00:00,LOUD,Evil Geniuses,-0.09909909909909914,5,13
596419,Abyss,2026-01-31 17:00:00,LOUD,Evil Geniuses,-0.09909909909909914,12,14
595645,Breeze,2026-02-01 03:00:00,DetonatioN FocusMe,Global Esports,-0.009195402298850575,3,13
595645,Pearl,2026-02-01 03:00:00,DetonatioN FocusMe,Global Esports,-0.009195402298850575,13,9
595645,Split,2026-02-01 03:00:00,DetonatioN FocusMe,Global Esports,-0.009195402298850575,13,8
598943,Lotus,2026-02-01 04:00:00,JDG Esports,FunPlus Phoenix,-0.1257575757575758,13,8
598943,Split,2026-02-01 04:00:00,JDG Esports,FunPlus Phoenix,-0.1257575757575758,13,7
598943,Pearl,2026-02-01 04:00:00,JDG Esports,FunPlus Phoenix,-0.1257575757575758,7,13
598943,Pearl,2026-02-01 04:00:00,JDG Esports,FunPlus Phoenix,-0.1257575757575758,5,13
598943,Bind,2026-02-01 04:00:00,JDG Esports,FunPlus Phoenix,-0.1257575757575758,13,3
598943,Haven,2026-02-01 04:00:00,JDG Esports,FunPlus Phoenix,-0.1257575757575758,13,7
598930,Lotus,2026-02-01 07:00:00,Xi Lai Gaming,EDward Gaming,-0.08199643493761144,10,13
598930,Breeze,2026-02-01 07:00:00,Xi Lai Gaming,EDward Gaming,-0.08199643493761144,13,10
598930,Split,2026-02-01 07:00:00,Xi Lai Gaming,EDward Gaming,-0.08199643493761144,3,13
598930,Split,2026-02-01 07:00:00,Xi Lai Gaming,EDward Gaming,-0.08199643493761144,9,13
598930,Breeze,2026-02-01 07:00:00,Xi Lai Gaming,EDward Gaming,-0.08199643493761144,8,13
598930,Split,2026-02-01 07:00:00,Xi Lai Gaming,EDward Gaming,-0.08199643493761144,13,5
598930,Pearl,2026-02-01 07:00:00,Xi Lai Gaming,EDward Gaming,-0.08199643493761144,13,6
596415,Pearl,2026-02-01 17:00:00,NRG,100 Thieves,0.08695652173913038,9,13
596415,Lotus,2026-02-01 17:00:00,NRG,100 Thieves,0.08695652173913038,13,10
596415,Breeze,2026-02-01 17:00:00,NRG,100 Thieves,0.08695652173913038,13,2
596415,Fracture,2026-02-01 17:00:00,NRG,100 Thieves,0.08695652173913038,13,9
596415,Breeze,2026-02-01 17:00:00,NRG,100 Thieves,0.08695652173913038,13,11
596415,Haven,2026-02-01 17:00:00,NRG,100 Thieves,0.08695652173913038,13,9
596415,Corrode,2026-02-01 17:00:00,NRG,100 Thieves,0.08695652173913038,13,11
596415,Pearl,2026-02-01 17:00:00,NRG,100 Thieves,0.08695652173913038,13,3
596415,Abyss,2026-02-01 17:00:00,NRG,100 Thieves,0.08695652173913038,13,8
596416,Lotus,2026-02-01 19:25:00,G2 Esports,Cloud9,0.15861571737563085,13,6
596416,Split,2026-02-01 19:25:00,G2 Esports,Cloud9,0.15861571737563085,13,9
596416,Corrode,2026-02-01 19:25:00,G2 Esports,Cloud9,0.15861571737563085,13,11
596416,Bind,2026-02-01 19:25:00,G2 Esports,Cloud9,0.15861571737563085,13,9
598944,Abyss,2026-02-03 04:00:00,Trace Esports,Wolves Esports,0.264957264957265,13,7
598944,Haven,2026-02-03 04:00:00,Trace Esports,Wolves Esports,0.264957264957265,11,13
598944,Bind,2026-02-03 04:00:00,Trace Esports,Wolves Esports,0.264957264957265,5,13
598944,Abyss,2026-02-03 04:00:00,Trace Esports,Wolves Esports,0.264957264957265,12,14
598944,Bind,2026-02-03 04:00:00,Trace Esports,Wolves Esports,0.264957264957265,13,8
598944,Split,2026-02-03 04:00:00,Trace Esports,Wolves Esports,0.264957264957265,13,6
598938,Corrode,2026-02-03 07:30:00,Dragon Ranger Gaming,TYLOO,-0.08620689655172414,10,13
598938,Split,2026-02-03 07:30:00,Dragon Ranger Gaming,TYLOO,-0.08620689655172414,13,6
598938,Pearl,2026-02-03 07:30:00,Dragon Ranger Gaming,TYLOO,-0.08620689655172414,13,6
594761,Haven,2026-02-03 11:00:00,Karmine Corp,FUT Esports,-0.10416666666666669,14,12
594761,Split,2026-02-03 11:00:00,Karmine Corp,FUT Esports,-0.10416666666666669,8,13
594761,Pearl,2026-02-03 11:00:00,Karmine Corp,FUT Esports,-0.10416666666666669,13,7
594762,Split,2026-02-03 14:35:00,PCIFIC Esports,ULF Esports,0.0,5,13
594762,Abyss,2026-02-03 14:35:00,PCIFIC Esports,ULF Esports,0.0,8,13
598945,Bind,2026-02-04 04:00:00,Titan Esports Club,JDG Esports,-0.23809523809523808,13,5
598945,Haven,2026-02-04 04:00:00,Titan Esports Club,JDG Esports,-0.23809523809523808,10,13
598945,Split,2026-02-04 04:00:00,Titan Esports Club,JDG Esports,-0.23809523809523808,8,13
598939,Abyss,2026-02-04 07:20:00,EDward Gaming,Bilibili Gaming,0.16586538461538458,7,13
598939,Haven,2026-02-04 07:20:00,EDward Gaming,Bilibili Gaming,0.16586538461538458,13,9
598939,Breeze,2026-02-04 07:20:00,EDward Gaming,Bilibili Gaming,0.16586538461538458,5,13
594758,Haven,2026-02-04 15:00:00,Team Vitality,GIANTX,0.01282051282051283,13,8
594758,Pearl,2026-02-04 15:00:00,Team Vitality,GIANTX,0.01282051282051283,13,3
594758,Abyss,2026-02-04 15:00:00,Team Vitality,GIANTX,0.01282051282051283,13,0
594758,Breeze,2026-02-04 15:00:00,Team Vitality,GIANTX,0.01282051282051283,13,11
595651,Bind,2026-02-05 03:00:00,Team Secret,ZETA DIVISION,0.10901001112347053,13,4
595651,Split,2026-02-05 03:00:00,Team Secret,ZETA DIVISION,0.10901001112347053,4,13
595651,Abyss,2026-02-05 03:00:00,Team Secret,ZETA DIVISION,0.10901001112347053,11,13
598946,Haven,2026-02-05 04:00:00,TYLOO,Trace Esports,-0.12091038406827886,13,7
598946,Abyss,2026-02-05 04:00:00,TYLOO,Trace Esports,-0.12091038406827886,14,12
595652,Breeze,2026-02-05 05:45:00,VARREL,Gen.G,-0.7424242424242424,10,13
595652,Pearl,2026-02-05 05:45:00,VARREL,Gen.G,-0.7424242424242424,20,18
595652,Haven,2026-02-05 05:45:00,VARREL,Gen.G,-0.7424242424242424,9,13
598947,Abyss,2026-02-05 06:25:00,EDward Gaming,JDG Esports,0.12264150943396224,13,6
598947,Haven,2026-02-05 06:25:00,EDward Gaming,JDG Esports,0.12264150943396224,6,13
598947,Corrode,2026-02-05 06:25:00,EDward Gaming,JDG Esports,0.12264150943396224,13,5
594763,Haven,2026-02-05 11:00:00,Team Heretics,Karmine Corp,0.30975609756097555,13,8
594763,Corrode,2026-02-05 11:00:00,Team Heretics,Karmine Corp,0.30975609756097555,13,11
594763,Abyss,2026-02-05 11:00:00,Team Heretics,Karmine Corp,0.30975609756097555,2,13
594764,Split,2026-02-05 14:00:00,Team Liquid,ULF Esports,0.18518518518518517,8,13
594764,Pearl,2026-02-05 14:00:00,Team Liquid,ULF Esports,0.18518518518518517,14,12
594764,Breeze,2026-02-05 14:00:00,Team Liquid,ULF Esports,0.18518518518518517,13,5
595647,Pearl,2026-02-06 03:00:00,FULL SENSE,DetonatioN FocusMe,0.3763440860215053,13,7
595647,Split,2026-02-06 03:00:00,FULL SENSE,DetonatioN FocusMe,0.3763440860215053,9,13
595647,Haven,2026-02-06 03:00:00,FULL SENSE,DetonatioN FocusMe,0.3763440860215053,6,13
598940,Split,2026-02-06 04:00:00,Dragon Ranger Gaming,Bilibili Gaming,-0.051515151515151514,6,13
598940,Abyss,2026-02-06 04:00:00,Dragon Ranger Gaming,Bilibili Gaming,-0.051515151515151514,2,13
595648,Pearl,2026-02-06 06:00:00,Paper Rex,T1,0.21110567514677098,13,10
595648,Breeze,2026-02-06 06:00:00,Paper Rex,T1,0.21110567514677098,9,13
595648,Bind,2026-02-06 06:00:00,Paper Rex,T1,0.21110567514677098,8,13
598948,Bind,2026-02-06 06:00:00,TYLOO,EDward Gaming,-0.12962962962962965,13,3
598948,Haven,2026-02-06 06:00:00,TYLOO,EDward Gaming,-0.12962962962962965,9,13
598948,Corrode,2026-02-06 06:00:00,TYLOO,EDward Gaming,-0.12962962962962965,7,13
594765,Haven,2026-02-06 11:00:00,Natus Vincere,Team Heretics,-0.279225352112676,5,13
594765,Breeze,2026-02-06 11:00:00,Natus Vincere,Team Heretics,-0.279225352112676,4,13
594766,Breeze,2026-02-06 13:00:00,GIANTX,Team Liquid,-0.05227272727272725,4,13
594766,Pearl,2026-02-06 13:00:00,GIANTX,Team Liquid,-0.05227272727272725,13,6
594766,Bind,2026-02-06 13:00:00,GIANTX,Team Liquid,-0.05227272727272725,14,16
596421,Abyss,2026-02-06 17:00:00,ENVY,Evil Geniuses,0.05263157894736842,9,13
596421,Corrode,2026-02-06 17:00:00,ENVY,Evil Geniuses,0.05263157894736842,13,10
596421,Bind,2026-02-06 17:00:00,ENVY,Evil Geniuses,0.05263157894736842,13,9
596421,Pearl,2026-02-06 17:00:00,ENVY,Evil Geniuses,0.05263157894736842,14,16
596421,Corrode,2026-02-06 17:00:00,ENVY,Evil Geniuses,0.05263157894736842,5,13
596422,Corrode,2026-02-06 19:30:00,Sentinels,LEVIATÁN,-0.048037676609105184,10,13
596422,Bind,2026-02-06 19:30:00,Sentinels,LEVIATÁN,-0.048037676609105184,12,14
598949,Split,2026-02-07 02:00:00,Dragon Ranger Gaming,EDward Gaming,-0.21700879765395892,13,11
598949,Pearl,2026-02-07 02:00:00,Dragon Ranger Gaming,EDward Gaming,-0.21700879765395892,2,13
598949,Corrode,2026-02-07 02:00:00,Dragon Ranger Gaming,EDward Gaming,-0.21700879765395892,6,13
598931,Lotus,2026-02-07 05:10:00,All Gamers,Xi Lai Gaming,-0.07894736842105265,13,8
598931,Bind,2026-02-07 05:10:00,All Gamers,Xi Lai Gaming,-0.07894736842105265,5,13
598931,Split,2026-02-07 05:10:00,All Gamers,Xi Lai Gaming,-0.07894736842105265,8,13
598931,Pearl,2026-02-07 05:10:00,All Gamers,Xi Lai Gaming,-0.07894736842105265,13,5
598931,Split,2026-02-07 05:10:00,All Gamers,Xi Lai Gaming,-0.07894736842105265,13,11
598931,Bind,2026-02-07 05:10:00,All Gamers,Xi Lai Gaming,-0.07894736842105265,7,13
598931,Abyss,2026-02-07 05:10:00,All Gamers,Xi Lai Gaming,-0.07894736842105265,6,13
598931,Haven,2026-02-07 05:10:00,All Gamers,Xi Lai Gaming,-0.07894736842105265,13,10
595654,Breeze,2026-02-07 06:00:00,Global Esports,Gen.G,-0.4796019900497513,13,15
595654,Abyss,2026-02-07 06:00:00,Global Esports,Gen.G,-0.4796019900497513,13,11
595654,Haven,2026-02-07 06:00:00,Global Esports,Gen.G,-0.4796019900497513,13,11
596423,Haven,2026-02-07 15:00:00,100 Thieves,Evil Geniuses,0.03218767048554283,13,8
596423,Breeze,2026-02-07 15:00:00,100 Thieves,Evil Geniuses,0.03218767048554283,13,4
596423,Haven,2026-02-07 15:00:00,100 Thieves,Evil Geniuses,0.03218767048554283,13,11
596423,Bind,2026-02-07 15:00:00,100 Thieves,Evil Geniuses,0.03218767048554283,15,13
596424,Pearl,2026-02-07 18:20:00,Cloud9,LEVIATÁN,-0.12717948717948724,6,13
596424,Haven,2026-02-07 18:20:00,Cloud9,LEVIATÁN,-0.12717948717948724,5,13
596424,Bind,2026-02-07 18:20:00,Cloud9,LEVIATÁN,-0.12717948717948724,13,5
596424,Breeze,2026-02-07 18:20:00,Cloud9,LEVIATÁN,-0.12717948717948724,13,7
596417,Pearl,2026-02-07 20:25:00,NRG,G2 Esports,-0.11472110408280611,3,13
596417,Split,2026-02-07 20:25:00,NRG,G2 Esports,-0.11472110408280611,8,13
598941,Abyss,2026-02-08 04:00:00,Xi Lai Gaming,Bilibili Gaming,0.038461538461538436,14,16
598941,Bind,2026-02-08 04:00:00,Xi Lai Gaming,Bilibili Gaming,0.038461538461538436,13,4
598941,Breeze,2026-02-08 04:00:00,Xi Lai Gaming,Bilibili Gaming,0.038461538461538436,12,14
598941,Pearl,2026-02-08 04:00:00,Xi Lai Gaming,Bilibili Gaming,0.038461538461538436,13,11
598941,Split,2026-02-08 04:00:00,Xi Lai Gaming,Bilibili Gaming,0.038461538461538436,13,4
595656,Corrode,2026-02-08 05:00:00,Paper Rex,Global Esports,0.3583260680034874,13,10
595656,Breeze,2026-02-08 05:00:00,Paper Rex,Global Esports,0.3583260680034874,6,13
595656,Split,2026-02-08 05:00:00,Paper Rex,Global Esports,0.3583260680034874,14,12
598950,Pearl,2026-02-09 04:00:00,Bilibili Gaming,EDward Gaming,-0.1571428571428572,13,9
598950,Haven,2026-02-09 04:00:00,Bilibili Gaming,EDward Gaming,-0.1571428571428572,10,13
598950,Abyss,2026-02-09 04:00:00,Bilibili Gaming,EDward Gaming,-0.1571428571428572,10,13
598950,Split,2026-02-09 04:00:00,Bilibili Gaming,EDward Gaming,-0.1571428571428572,6,13
594767,Abyss,2026-02-12 12:00:00,Team Heretics,Team Liquid,0.17261904761904767,11,13
594767,Bind,2026-02-12 12:00:00,Team Heretics,Team Liquid,0.17261904761904767,3,13
595649,Pearl,2026-02-13 02:00:00,DetonatioN FocusMe,T1,-0.14364035087719296,13,15
595649,Lotus,2026-02-13 02:00:00,DetonatioN FocusMe,T1,-0.14364035087719296,6,13
595649,Pearl,2026-02-13 02:00:00,DetonatioN FocusMe,T1,-0.14364035087719296,7,13
595649,Split,2026-02-13 02:00:00,DetonatioN FocusMe,T1,-0.14364035087719296,10,13
595640,Corrode,2026-02-13 04:00:00,Nongshim RedForce,Rex Regum Qeon,0.09090909090909094,12,14
595640,Bind,2026-02-13 04:00:00,Nongshim RedForce,Rex Regum Qeon,0.09090909090909094,13,8
595640,Haven,2026-02-13 04:00:00,Nongshim RedForce,Rex Regum Qeon,0.09090909090909094,13,5
595640,Abyss,2026-02-13 04:00:00,Nongshim RedForce,Rex Regum Qeon,0.09090909090909094,11,13
595640,Breeze,2026-02-13 04:00:00,Nongshim RedForce,Rex Regum Qeon,0.09090909090909094,13,7
594750,Haven,2026-02-13 10:15:00,Gentle Mates,BBL Esports,-0.1686859273066169,13,11
594750,Abyss,2026-02-13 10:15:00,Gentle Mates,BBL Esports,-0.1686859273066169,13,15
594750,Pearl,2026-02-13 10:15:00,Gentle Mates,BBL Esports,-0.1686859273066169,14,16
594750,Split,2026-02-13 10:15:00,Gentle Mates,BBL Esports,-0.1686859273066169,13,4
594750,Corrode,2026-02-13 10:15:00,Gentle Mates,BBL Esports,-0.1686859273066169,6,13
596425,Pearl,2026-02-13 15:00:00,100 Thieves,Cloud9,-0.020833333333333315,14,12
596425,Split,2026-02-13 15:00:00,100 Thieves,Cloud9,-0.020833333333333315,11,13
596425,Abyss,2026-02-13 15:00:00,100 Thieves,Cloud9,-0.020833333333333315,13,2
596408,Bind,2026-02-13 18:30:00,MIBR,FURIA,0.18571428571428575,13,8
596408,Abyss,2026-02-13 18:30:00,MIBR,FURIA,0.18571428571428575,8,13
596408,Haven,2026-02-13 18:30:00,MIBR,FURIA,0.18571428571428575,11,13
596408,Breeze,2026-02-13 18:30:00,MIBR,FURIA,0.18571428571428575,13,2
596408,Split,2026-02-13 18:30:00,MIBR,FURIA,0.18571428571428575,8,13
595658,Haven,2026-02-14 02:00:00,DetonatioN FocusMe,Paper Rex,-0.35486443381180227,11,13
595658,Split,2026-02-14 02:00:00,DetonatioN FocusMe,Paper Rex,-0.35486443381180227,2,13
595650,Pearl,2026-02-14 04:00:00,Rex Regum Qeon,T1,0.02337164750957854,8,13
595650,Bind,2026-02-14 04:00:00,Rex Regum Qeon,T1,0.02337164750957854,10,13
595650,Pearl,2026-02-14 04:00:00,Rex Regum Qeon,T1,0.02337164750957854,7,13
595650,Breeze,2026-02-14 04:00:00,Rex Regum Qeon,T1,0.02337164750957854,2,13
595650,Abyss,2026-02-14 04:00:00,Rex Regum Qeon,T1,0.02337164750957854,17,19
594768,Corrode,2026-02-14 08:00:00,Team Vitality,Team Liquid,-0.04385964912280704,13,8
594768,Bind,2026-02-14 08:00:00,Team Vitality,Team Liquid,-0.04385964912280704,3,13
594768,Breeze,2026-02-14 08:00:00,Team Vitality,Team Liquid,-0.04385964912280704,9,13
596426,Pearl,2026-02-14 15:00:00,NRG,100 Thieves,0.07270408163265307,9,13
596426,Lotus,2026-02-14 15:00:00,NRG,100 Thieves,0.07270408163265307,13,10
596426,Breeze,2026-02-14 15:00:00,NRG,100 Thieves,0.07270408163265307,13,2
596426,Fracture,2026-02-14 15:00:00,NRG,100 Thieves,0.07270408163265307,13,9
596426,Breeze,2026-02-14 15:00:00,NRG,100 Thieves,0.07270408163265307,13,11
596426,Haven,2026-02-14 15:00:00,NRG,100 Thieves,0.07270408163265307,13,9
596426,Corrode,2026-02-14 15:00:00,NRG,100 Thieves,0.07270408163265307,13,11
596426,Pearl,2026-02-14 15:00:00,NRG,100 Thieves,0.07270408163265307,13,3
596426,Abyss,2026-02-14 15:00:00,NRG,100 Thieves,0.07270408163265307,13,8
596418,Breeze,2026-02-14 17:20:00,MIBR,G2 Esports,-0.3020289855072464,6,13
596418,Haven,2026-02-14 17:20:00,MIBR,G2 Esports,-0.3020289855072464,4,13
596418,Corrode,2026-02-14 17:20:00,MIBR,G2 Esports,-0.3020289855072464,7,13
595659,Haven,2026-02-15 02:00:00,Rex Regum Qeon,Paper Rex,-0.18407679277244493,8,13
595659,Corrode,2026-02-15 02:00:00,Rex Regum Qeon,Paper Rex,-0.18407679277244493,13,10
595659,Breeze,2026-02-15 02:00:00,Rex Regum Qeon,Paper Rex,-0.18407679277244493,10,13
595659,Pearl,2026-02-15 02:00:00,Rex Regum Qeon,Paper Rex,-0.18407679277244493,10,13
596427,Bind,2026-02-15 17:00:00,MIBR,NRG,-0.18844984802431608,13,9
596427,Corrode,2026-02-15 17:00:00,MIBR,NRG,-0.18844984802431608,13,5
596427,Split,2026-02-15 17:00:00,MIBR,NRG,-0.18844984802431608,10,13
596427,Abyss,2026-02-15 17:00:00,MIBR,NRG,-0.18844984802431608,4,13
596427,Haven,2026-02-15 17:00:00,MIBR,NRG,-0.18844984802431608,5,13
625788,Haven,2026-02-28 12:00:00,Gentle Mates,EDward Gaming,-0.2942840973401245,13,11
625788,Pearl,2026-02-28 12:00:00,Gentle Mates,EDward Gaming,-0.2942840973401245,13,7
625791,Pearl,2026-02-28 14:30:00,Xi Lai Gaming,NRG,-0.008571428571428563,6,13
625791,Lotus,2026-02-28 14:30:00,Xi Lai Gaming,NRG,-0.008571428571428563,11,13
625791,Haven,2026-02-28 14:30:00,Xi Lai Gaming,NRG,-0.008571428571428563,2,13
625791,Abyss,2026-02-28 14:30:00,Xi Lai Gaming,NRG,-0.008571428571428563,10,13
625790,Split,2026-03-01 12:00:00,G2 Esports,Paper Rex,0.030701754385964897,9,13
625790,Corrode,2026-03-01 12:00:00,G2 Esports,Paper Rex,0.030701754385964897,5,13
625789,Breeze,2026-03-01 14:05:00,T1,Team Liquid,-0.08474576271186435,8,13
625789,Split,2026-03-01 14:05:00,T1,Team Liquid,-0.08474576271186435,13,15
626529,Split,2026-03-02 13:00:00,Paper Rex,NRG,0.08265078183172003,13,10
626529,Pearl,2026-03-02 13:00:00,Paper Rex,NRG,0.08265078183172003,10,13
626529,Haven,2026-03-02 13:00:00,Paper Rex,NRG,0.08265078183172003,13,11
626530,Split,2026-03-02 16:30:00,Gentle Mates,Team Liquid,-0.19166666666666665,8,13
626530,Lotus,2026-03-02 16:30:00,Gentle Mates,Team Liquid,-0.19166666666666665,9,13
626530,Pearl,2026-03-02 16:30:00,Gentle Mates,Team Liquid,-0.19166666666666665,13,11
626530,Bind,2026-03-02 16:30:00,Gentle Mates,Team Liquid,-0.19166666666666665,13,3
626532,Bind,2026-03-03 13:00:00,EDward Gaming,T1,0.171264367816092,1,13
626532,Haven,2026-03-03 13:00:00,EDward Gaming,T1,0.171264367816092,10,13
626533,Abyss,2026-03-03 15:10:00,Xi Lai Gaming,G2 Esports,-0.154978354978355,8,13
626533,Haven,2026-03-03 15:10:00,Xi Lai Gaming,G2 Esports,-0.154978354978355,3,13
626535,Breeze,2026-03-04 13:00:00,NRG,Team Liquid,0.0031525851197982124,13,11
626535,Abyss,2026-03-04 13:00:00,NRG,Team Liquid,0.0031525851197982124,13,4
626534,Breeze,2026-03-04 15:20:00,G2 Esports,T1,0.21689785624211855,13,6
626534,Haven,2026-03-04 15:20:00,G2 Esports,T1,0.21689785624211855,16,14
626539,Haven,2026-03-06 13:00:00,FURIA,Paper Rex,-0.4336206896551724,13,9
626539,Breeze,2026-03-06 13:00:00,FURIA,Paper Rex,-0.4336206896551724,4,13
626539,Split,2026-03-06 13:00:00,FURIA,Paper Rex,-0.4336206896551724,7,13
626537,Haven,2026-03-06 16:00:00,Nongshim RedForce,Gentle Mates,0.24505928853754944,13,10
626537,Corrode,2026-03-06 16:00:00,Nongshim RedForce,Gentle Mates,0.24505928853754944,13,10
626540,Pearl,2026-03-07 12:00:00,BBL Esports,NRG,-0.05858987090367429,6,13
626540,Abyss,2026-03-07 12:00:00,BBL Esports,NRG,-0.05858987090367429,13,6
626540,Split,2026-03-07 12:00:00,BBL Esports,NRG,-0.05858987090367429,15,17
626538,Split,2026-03-07 15:30:00,All Gamers,G2 Esports,-0.29620253164556964,6,13
626538,Abyss,2026-03-07 15:30:00,All Gamers,G2 Esports,-0.29620253164556964,4,13
626546,Haven,2026-03-08 13:00:00,FURIA,BBL Esports,-0.27948717948717944,7,13
626546,Breeze,2026-03-08 13:00:00,FURIA,BBL Esports,-0.27948717948717944,13,10
626546,Abyss,2026-03-08 13:00:00,FURIA,BBL Esports,-0.27948717948717944,11,13
626545,Pearl,2026-03-08 16:30:00,Gentle Mates,All Gamers,-0.028011204481792673,13,5
626545,Split,2026-03-08 16:30:00,Gentle Mates,All Gamers,-0.028011204481792673,4,13
626545,Bind,2026-03-08 16:30:00,Gentle Mates,All Gamers,-0.028011204481792673,8,13
626541,Corrode,2026-03-09 14:00:00,Nongshim RedForce,G2 Esports,-0.07499999999999996,13,7
626541,Split,2026-03-09 14:00:00,Nongshim RedForce,G2 Esports,-0.07499999999999996,14,12
626541,Abyss,2026-03-09 14:00:00,Nongshim RedForce,G2 Esports,-0.07499999999999996,7,13
626542,Split,2026-03-09 17:20:00,Paper Rex,NRG,0.0864197530864198,13,10
626542,Pearl,2026-03-09 17:20:00,Paper Rex,NRG,0.0864197530864198,10,13
626542,Haven,2026-03-09 17:20:00,Paper Rex,NRG,0.0864197530864198,13,11
626542,Pearl,2026-03-09 17:20:00,Paper Rex,NRG,0.0864197530864198,12,14
626542,Bind,2026-03-09 17:20:00,Paper Rex,NRG,0.0864197530864198,11,13
626548,Haven,2026-03-10 14:00:00,G2 Esports,BBL Esports,0.16635802469135796,13,5
626548,Breeze,2026-03-10 14:00:00,G2 Esports,BBL Esports,0.16635802469135796,13,8
626547,Corrode,2026-03-10 16:10:00,Paper Rex,All Gamers,0.2738359201773836,10,13
626547,Pearl,2026-03-10 16:10:00,Paper Rex,All Gamers,0.2738359201773836,13,7
626547,Split,2026-03-10 16:10:00,Paper Rex,All Gamers,0.2738359201773836,13,4
626543,Bind,2026-03-13 13:00:00,Nongshim RedForce,NRG,0.05818181818181822,13,9
626543,Abyss,2026-03-13 13:00:00,Nongshim RedForce,NRG,0.05818181818181822,13,11
626549,Haven,2026-03-13 15:25:00,Paper Rex,G2 Esports,-0.008374963267704927,11,13
626549,Breeze,2026-03-13 15:25:00,Paper Rex,G2 Esports,-0.008374963267704927,13,9
626549,Corrode,2026-03-13 15:25:00,Paper Rex,G2 Esports,-0.008374963267704927,13,4
626550,Pearl,2026-03-14 13:00:00,NRG,Paper Rex,-0.11904761904761907,13,8
626550,Split,2026-03-14 13:00:00,NRG,Paper Rex,-0.11904761904761907,7,13
626550,Corrode,2026-03-14 13:00:00,NRG,Paper Rex,-0.11904761904761907,6,13
626550,Breeze,2026-03-14 13:00:00,NRG,Paper Rex,-0.11904761904761907,9,13
626544,Fracture,2026-03-15 14:00:00,Nongshim RedForce,Paper Rex,-0.04027149321266965,15,13
626544,Split,2026-03-15 14:00:00,Nongshim RedForce,Paper Rex,-0.04027149321266965,10,13
626544,Lotus,2026-03-15 14:00:00,Nongshim RedForce,Paper Rex,-0.04027149321266965,6,13
626544,Corrode,2026-03-15 14:00:00,Nongshim RedForce,Paper Rex,-0.04027149321266965,13,11
626544,Split,2026-03-15 14:00:00,Nongshim RedForce,Paper Rex,-0.04027149321266965,13,4
626544,Abyss,2026-03-15 14:00:00,Nongshim RedForce,Paper Rex,-0.04027149321266965,13,3
642914,Lotus,2026-03-31 05:00:00,Titan Esports Club,All Gamers,-0.1640316205533597,7,13
642914,Bind,2026-03-31 05:00:00,Titan Esports Club,All Gamers,-0.1640316205533597,13,8
642914,Breeze,2026-03-31 05:00:00,Titan Esports Club,All Gamers,-0.1640316205533597,13,15
642915,Fracture,2026-03-31 08:30:00,Nova Esports,EDward Gaming,-0.24616626311541567,2,13
642915,Breeze,2026-03-31 08:30:00,Nova Esports,EDward Gaming,-0.24616626311541567,3,13
642916,Lotus,2026-04-01 05:00:00,JDG Esports,FunPlus Phoenix,-0.08056265984654731,13,8
642916,Split,2026-04-01 05:00:00,JDG Esports,FunPlus Phoenix,-0.08056265984654731,13,7
642916,Pearl,2026-04-01 05:00:00,JDG Esports,FunPlus Phoenix,-0.08056265984654731,7,13
642916,Pearl,2026-04-01 05:00:00,JDG Esports,FunPlus Phoenix,-0.08056265984654731,5,13
642916,Bind,2026-04-01 05:00:00,JDG Esports,FunPlus Phoenix,-0.08056265984654731,13,3
642916,Haven,2026-04-01 05:00:00,JDG Esports,FunPlus Phoenix,-0.08056265984654731,13,7
642917,Haven,2026-04-01 08:10:00,Dragon Ranger Gaming,Xi Lai Gaming,-0.09375,13,4
642917,Fracture,2026-04-01 08:10:00,Dragon Ranger Gaming,Xi Lai Gaming,-0.09375,9,13
642917,Split,2026-04-01 08:10:00,Dragon Ranger Gaming,Xi Lai Gaming,-0.09375,11,13
642917,Lotus,2026-04-01 08:10:00,Dragon Ranger Gaming,Xi Lai Gaming,-0.09375,4,13
642917,Bind,2026-04-01 08:10:00,Dragon Ranger Gaming,Xi Lai Gaming,-0.09375,11,13
644710,Haven,2026-04-01 14:35:00,Team Liquid,Karmine Corp,0.1835637480798772,13,10
644710,Pearl,2026-04-01 14:35:00,Team Liquid,Karmine Corp,0.1835637480798772,13,7
642918,Lotus,2026-04-02 05:00:00,Wolves Esports,Trace Esports,-0.2085769980506823,9,13
642918,Bind,2026-04-02 05:00:00,Wolves Esports,Trace Esports,-0.2085769980506823,8,13
642919,Bind,2026-04-02 07:30:00,Bilibili Gaming,TYLOO,-0.003968253968253954,7,13
642919,Pearl,2026-04-02 07:30:00,Bilibili Gaming,TYLOO,-0.003968253968253954,13,3
642919,Breeze,2026-04-02 07:30:00,Bilibili Gaming,TYLOO,-0.003968253968253954,8,13
644711,Haven,2026-04-02 11:00:00,Team Vitality,GIANTX,0.02638128422100544,13,8
644711,Pearl,2026-04-02 11:00:00,Team Vitality,GIANTX,0.02638128422100544,13,3
644711,Abyss,2026-04-02 11:00:00,Team Vitality,GIANTX,0.02638128422100544,13,0
644711,Breeze,2026-04-02 11:00:00,Team Vitality,GIANTX,0.02638128422100544,13,11
644712,Pearl,2026-04-02 13:05:00,Gentle Mates,FUT Esports,-0.12653061224489798,13,10
644712,Bind,2026-04-02 13:05:00,Gentle Mates,FUT Esports,-0.12653061224489798,8,13
644712,Haven,2026-04-02 13:05:00,Gentle Mates,FUT Esports,-0.12653061224489798,6,13
644652,Bind,2026-04-03 04:00:00,Gen.G,Global Esports,0.4540441176470589,8,13
644652,Split,2026-04-03 04:00:00,Gen.G,Global Esports,0.4540441176470589,4,13
642920,Breeze,2026-04-03 05:00:00,Dragon Ranger Gaming,Nova Esports,0.030303030303030276,13,5
642920,Haven,2026-04-03 05:00:00,Dragon Ranger Gaming,Nova Esports,0.030303030303030276,13,7
644653,Haven,2026-04-03 06:15:00,T1,VARREL,0.46774193548387094,13,11
644653,Pearl,2026-04-03 06:15:00,T1,VARREL,0.46774193548387094,13,4
642921,Split,2026-04-03 07:10:00,FunPlus Phoenix,All Gamers,0.12619047619047613,13,5
642921,Pearl,2026-04-03 07:10:00,FunPlus Phoenix,All Gamers,0.12619047619047613,13,6
644713,Pearl,2026-04-03 11:00:00,Team Heretics,Natus Vincere,0.283995990644838,13,9
644713,Lotus,2026-04-03 11:00:00,Team Heretics,Natus Vincere,0.283995990644838,9,13
644713,Bind,2026-04-03 11:00:00,Team Heretics,Natus Vincere,0.283995990644838,9,13
644714,Split,2026-04-03 14:55:00,BBL Esports,PCIFIC Esports,0.5121951219512195,13,11
644714,Breeze,2026-04-03 14:55:00,BBL Esports,PCIFIC Esports,0.5121951219512195,13,8
644654,Fracture,2026-04-04 04:00:00,Nongshim RedForce,Paper Rex,-0.06804478897502153,15,13
644654,Split,2026-04-04 04:00:00,Nongshim RedForce,Paper Rex,-0.06804478897502153,10,13
644654,Lotus,2026-04-04 04:00:00,Nongshim RedForce,Paper Rex,-0.06804478897502153,6,13
642922,Split,2026-04-04 05:00:00,TYLOO,Titan Esports Club,0.28260869565217395,15,13
642922,Fracture,2026-04-04 05:00:00,TYLOO,Titan Esports Club,0.28260869565217395,13,5
642922,Corrode,2026-04-04 05:00:00,TYLOO,Titan Esports Club,0.28260869565217395,10,13
642922,Breeze,2026-04-04 05:00:00,TYLOO,Titan Esports Club,0.28260869565217395,13,9
642922,Split,2026-04-04 05:00:00,TYLOO,Titan Esports Club,0.28260869565217395,13,9
644655,Pearl,2026-04-04 07:10:00,FULL SENSE,DetonatioN FocusMe,0.10588235294117648,13,6
644655,Bind,2026-04-04 07:10:00,FULL SENSE,DetonatioN FocusMe,0.10588235294117648,13,8
644655,Pearl,2026-04-04 07:10:00,FULL SENSE,DetonatioN FocusMe,0.10588235294117648,13,7
644655,Split,2026-04-04 07:10:00,FULL SENSE,DetonatioN FocusMe,0.10588235294117648,9,13
644655,Haven,2026-04-04 07:10:00,FULL SENSE,DetonatioN FocusMe,0.10588235294117648,6,13
642923,Fracture,2026-04-04 07:30:00,Wolves Esports,EDward Gaming,-0.27619047619047615,9,13
642923,Lotus,2026-04-04 07:30:00,Wolves Esports,EDward Gaming,-0.27619047619047615,10,13
642924,Breeze,2026-04-05 05:00:00,Trace Esports,Xi Lai Gaming,0.0603318250377074,13,9
642924,Lotus,2026-04-05 05:00:00,Trace Esports,Xi Lai Gaming,0.0603318250377074,7,13
642924,Bind,2026-04-05 05:00:00,Trace Esports,Xi Lai Gaming,0.0603318250377074,10,13
644657,Split,2026-04-05 06:30:00,Rex Regum Qeon,ZETA DIVISION,0.14550446122168842,7,13
644657,Fracture,2026-04-05 06:30:00,Rex Regum Qeon,ZETA DIVISION,0.14550446122168842,13,6
644657,Haven,2026-04-05 06:30:00,Rex Regum Qeon,ZETA DIVISION,0.14550446122168842,13,11
642925,Haven,2026-04-05 08:25:00,Bilibili Gaming,JDG Esports,-0.040540540540540515,13,4
642925,Fracture,2026-04-05 08:25:00,Bilibili Gaming,JDG Esports,-0.040540540540540515,13,6
642927,Bind,2026-04-07 05:00:00,FunPlus Phoenix,TYLOO,0.033816425120772986,5,13
642927,Split,2026-04-07 05:00:00,FunPlus Phoenix,TYLOO,0.033816425120772986,14,12
642927,Pearl,2026-04-07 05:00:00,FunPlus Phoenix,TYLOO,0.033816425120772986,13,11
642927,Pearl,2026-04-07 05:00:00,FunPlus Phoenix,TYLOO,0.033816425120772986,3,13
642927,Haven,2026-04-07 05:00:00,FunPlus Phoenix,TYLOO,0.033816425120772986,4,13
642928,Fracture,2026-04-07 08:30:00,Titan Esports Club,Bilibili Gaming,-0.26535087719298245,13,10
642928,Breeze,2026-04-07 08:30:00,Titan Esports Club,Bilibili Gaming,-0.26535087719298245,15,13
642929,Haven,2026-04-08 05:00:00,Xi Lai Gaming,Nova Esports,0.20772946859903385,13,8
642929,Bind,2026-04-08 05:00:00,Xi Lai Gaming,Nova Esports,0.20772946859903385,13,11
642930,Lotus,2026-04-08 07:30:00,EDward Gaming,Trace Esports,0.06434426229508206,13,4
642930,Haven,2026-04-08 07:30:00,EDward Gaming,Trace Esports,0.06434426229508206,14,12
644716,Haven,2026-04-08 11:00:00,PCIFIC Esports,GIANTX,-0.4523809523809524,8,13
644716,Pearl,2026-04-08 11:00:00,PCIFIC Esports,GIANTX,-0.4523809523809524,14,12
644716,Split,2026-04-08 11:00:00,PCIFIC Esports,GIANTX,-0.4523809523809524,10,13
644717,Pearl,2026-04-08 14:25:00,BBL Esports,Eternal Fire,0.5238095238095238,6,13
644717,Split,2026-04-08 14:25:00,BBL Esports,Eternal Fire,0.5238095238095238,10,13
642931,Lotus,2026-04-09 05:00:00,JDG Esports,All Gamers,0.07999999999999996,5,13
642931,Haven,2026-04-09 05:00:00,JDG Esports,All Gamers,0.07999999999999996,10,13
642932,Breeze,2026-04-09 07:25:00,Dragon Ranger Gaming,Wolves Esports,0.06693711967545635,13,1
642932,Pearl,2026-04-09 07:25:00,Dragon Ranger Gaming,Wolves Esports,0.06693711967545635,6,13
642932,Lotus,2026-04-09 07:25:00,Dragon Ranger Gaming,Wolves Esports,0.06693711967545635,13,9
644719,Pearl,2026-04-09 13:30:00,Team Liquid,Team Heretics,-0.11776061776061775,13,10
644719,Bind,2026-04-09 13:30:00,Team Liquid,Team Heretics,-0.11776061776061775,13,8
644658,Pearl,2026-04-10 04:00:00,DetonatioN FocusMe,T1,-0.19047619047619047,13,15
644658,Lotus,2026-04-10 04:00:00,DetonatioN FocusMe,T1,-0.19047619047619047,6,13
644658,Pearl,2026-04-10 04:00:00,DetonatioN FocusMe,T1,-0.19047619047619047,7,13
644658,Split,2026-04-10 04:00:00,DetonatioN FocusMe,T1,-0.19047619047619047,10,13
642933,Lotus,2026-04-10 05:00:00,Nova Esports,Trace Esports,-0.2276422764227643,12,14
642933,Split,2026-04-10 05:00:00,Nova Esports,Trace Esports,-0.2276422764227643,10,13
642934,Lotus,2026-04-10 07:30:00,FunPlus Phoenix,Bilibili Gaming,0.10602910602910598,8,13
642934,Fracture,2026-04-10 07:30:00,FunPlus Phoenix,Bilibili Gaming,0.10602910602910598,13,9
642934,Pearl,2026-04-10 07:30:00,FunPlus Phoenix,Bilibili Gaming,0.10602910602910598,2,13
642934,Pearl,2026-04-10 07:30:00,FunPlus Phoenix,Bilibili Gaming,0.10602910602910598,9,13
642934,Bind,2026-04-10 07:30:00,FunPlus Phoenix,Bilibili Gaming,0.10602910602910598,15,17
644720,Fracture,2026-04-10 11:00:00,FUT Esports,Natus Vincere,0.051428571428571435,9,13
644720,Bind,2026-04-10 11:00:00,FUT Esports,Natus Vincere,0.051428571428571435,13,9
644720,Split,2026-04-10 11:00:00,FUT Esports,Natus Vincere,0.051428571428571435,13,6
644721,Fracture,2026-04-10 14:20:00,Gentle Mates,Karmine Corp,-0.038759689922480633,13,9
644721,Haven,2026-04-10 14:20:00,Gentle Mates,Karmine Corp,-0.038759689922480633,9,13
644721,Pearl,2026-04-10 14:20:00,Gentle Mates,Karmine Corp,-0.038759689922480633,13,9
645475,Lotus,2026-04-10 19:40:00,G2 Esports,MIBR,0.3117469879518072,8,13
645475,Split,2026-04-10 19:40:00,G2 Esports,MIBR,0.3117469879518072,14,16
644660,Split,2026-04-11 04:00:00,Team Secret,Global Esports,0.09090909090909088,9,13
644660,Lotus,2026-04-11 04:00:00,Team Secret,Global Esports,0.09090909090909088,9,13
642935,Bind,2026-04-11 05:00:00,All Gamers,TYLOO,-0.07692307692307693,5,13
642935,Haven,2026-04-11 05:00:00,All Gamers,TYLOO,-0.07692307692307693,13,9
642935,Breeze,2026-04-11 05:00:00,All Gamers,TYLOO,-0.07692307692307693,6,13
642935,Fracture,2026-04-11 05:00:00,All Gamers,TYLOO,-0.07692307692307693,13,4
642935,Haven,2026-04-11 05:00:00,All Gamers,TYLOO,-0.07692307692307693,10,13
642935,Split,2026-04-11 05:00:00,All Gamers,TYLOO,-0.07692307692307693,13,10
644661,Bind,2026-04-11 06:25:00,Rex Regum Qeon,VARREL,0.4791666666666667,13,11
644661,Split,2026-04-11 06:25:00,Rex Regum Qeon,VARREL,0.4791666666666667,16,14
642936,Breeze,2026-04-11 08:15:00,EDward Gaming,Dragon Ranger Gaming,0.21658986175115208,13,5
642936,Lotus,2026-04-11 08:15:00,EDward Gaming,Dragon Ranger Gaming,0.21658986175115208,6,13
642936,Split,2026-04-11 08:15:00,EDward Gaming,Dragon Ranger Gaming,0.21658986175115208,13,9
642936,Lotus,2026-04-11 08:15:00,EDward Gaming,Dragon Ranger Gaming,0.21658986175115208,7,13
642936,Split,2026-04-11 08:15:00,EDward Gaming,Dragon Ranger Gaming,0.21658986175115208,13,7
642936,Breeze,2026-04-11 08:15:00,EDward Gaming,Dragon Ranger Gaming,0.21658986175115208,13,7
645476,Haven,2026-04-11 17:00:00,100 Thieves,Evil Geniuses,0.05499999999999999,13,8
645476,Breeze,2026-04-11 17:00:00,100 Thieves,Evil Geniuses,0.05499999999999999,13,4
645476,Haven,2026-04-11 17:00:00,100 Thieves,Evil Geniuses,0.05499999999999999,13,11
645476,Bind,2026-04-11 17:00:00,100 Thieves,Evil Geniuses,0.05499999999999999,15,13
645477,Lotus,2026-04-11 20:35:00,ENVY,LOUD,0.27499999999999997,13,9
645477,Pearl,2026-04-11 20:35:00,ENVY,LOUD,0.27499999999999997,11,13
645477,Breeze,2026-04-11 20:35:00,ENVY,LOUD,0.27499999999999997,8,13
644662,Fracture,2026-04-12 04:00:00,FULL SENSE,ZETA DIVISION,0.1875,13,6
644662,Split,2026-04-12 04:00:00,FULL SENSE,ZETA DIVISION,0.1875,13,7
642937,Fracture,2026-04-12 05:00:00,JDG Esports,Titan Esports Club,0.22153846153846157,14,12
642937,Haven,2026-04-12 05:00:00,JDG Esports,Titan Esports Club,0.22153846153846157,13,9
642937,Corrode,2026-04-12 05:00:00,JDG Esports,Titan Esports Club,0.22153846153846157,13,6
642937,Haven,2026-04-12 05:00:00,JDG Esports,Titan Esports Club,0.22153846153846157,6,13
642937,Abyss,2026-04-12 05:00:00,JDG Esports,Titan Esports Club,0.22153846153846157,13,10
644663,Haven,2026-04-12 05:50:00,Gen.G,Paper Rex,0.023488255872063935,17,15
644663,Fracture,2026-04-12 05:50:00,Gen.G,Paper Rex,0.023488255872063935,3,13
644663,Lotus,2026-04-12 05:50:00,Gen.G,Paper Rex,0.023488255872063935,13,3
642938,Fracture,2026-04-12 07:35:00,Xi Lai Gaming,Wolves Esports,0.24561403508771934,10,13
642938,Bind,2026-04-12 07:35:00,Xi Lai Gaming,Wolves Esports,0.24561403508771934,13,10
642938,Lotus,2026-04-12 07:35:00,Xi Lai Gaming,Wolves Esports,0.24561403508771934,13,7
642938,Breeze,2026-04-12 07:35:00,Xi Lai Gaming,Wolves Esports,0.24561403508771934,13,4
642938,Abyss,2026-04-12 07:35:00,Xi Lai Gaming,Wolves Esports,0.24561403508771934,13,6
645478,Pearl,2026-04-12 17:00:00,Cloud9,LEVIATÁN,-0.15925394548063132,6,13
645478,Haven,2026-04-12 17:00:00,Cloud9,LEVIATÁN,-0.15925394548063132,5,13
645478,Bind,2026-04-12 17:00:00,Cloud9,LEVIATÁN,-0.15925394548063132,13,5
645478,Breeze,2026-04-12 17:00:00,Cloud9,LEVIATÁN,-0.15925394548063132,13,7
645479,Pearl,2026-04-12 19:05:00,FURIA,NRG,-0.33559705715902655,13,7
645479,Split,2026-04-12 19:05:00,FURIA,NRG,-0.33559705715902655,13,10
645479,Lotus,2026-04-12 19:05:00,FURIA,NRG,-0.33559705715902655,4,13
645479,Haven,2026-04-12 19:05:00,FURIA,NRG,-0.33559705715902655,8,13
642939,Bind,2026-04-14 05:00:00,TYLOO,JDG Esports,0.03851851851851856,15,17
642939,Haven,2026-04-14 05:00:00,TYLOO,JDG Esports,0.03851851851851856,8,13
642940,Lotus,2026-04-14 07:55:00,Trace Esports,Dragon Ranger Gaming,0.1547619047619047,13,5
642940,Bind,2026-04-14 07:55:00,Trace Esports,Dragon Ranger Gaming,0.1547619047619047,11,13
642940,Breeze,2026-04-14 07:55:00,Trace Esports,Dragon Ranger Gaming,0.1547619047619047,10,13
642940,Ascent,2026-04-14 07:55:00,Trace Esports,Dragon Ranger Gaming,0.1547619047619047,7,13
642940,Lotus,2026-04-14 07:55:00,Trace Esports,Dragon Ranger Gaming,0.1547619047619047,6,13
642941,Fracture,2026-04-15 05:00:00,Titan Esports Club,FunPlus Phoenix,-0.3218623481781377,13,2
642941,Split,2026-04-15 05:00:00,Titan Esports Club,FunPlus Phoenix,-0.3218623481781377,13,10
642942,Lotus,2026-04-15 07:05:00,All Gamers,Bilibili Gaming,-0.06759259259259259,13,7
642942,Pearl,2026-04-15 07:05:00,All Gamers,Bilibili Gaming,-0.06759259259259259,3,13
642942,Bind,2026-04-15 07:05:00,All Gamers,Bilibili Gaming,-0.06759259259259259,13,7
644722,Haven,2026-04-15 11:00:00,BBL Esports,GIANTX,0.04651162790697677,11,13
644722,Lotus,2026-04-15 11:00:00,BBL Esports,GIANTX,0.04651162790697677,13,7
644722,Split,2026-04-15 11:00:00,BBL Esports,GIANTX,0.04651162790697677,9,13
644723,Pearl,2026-04-15 14:20:00,Gentle Mates,Natus Vincere,-0.06725329981143935,13,10
644723,Lotus,2026-04-15 14:20:00,Gentle Mates,Natus Vincere,-0.06725329981143935,13,8
642943,Lotus,2026-04-16 05:00:00,Nova Esports,Wolves Esports,-0.002580645161290307,13,10
642943,Fracture,2026-04-16 05:00:00,Nova Esports,Wolves Esports,-0.002580645161290307,13,8
642943,Abyss,2026-04-16 05:00:00,Nova Esports,Wolves Esports,-0.002580645161290307,13,5
642943,Haven,2026-04-16 05:00:00,Nova Esports,Wolves Esports,-0.002580645161290307,3,13
642943,Pearl,2026-04-16 05:00:00,Nova Esports,Wolves Esports,-0.002580645161290307,11,13
642944,Lotus,2026-04-16 07:15:00,EDward Gaming,Xi Lai Gaming,0.050793650793650835,13,8
642944,Haven,2026-04-16 07:15:00,EDward Gaming,Xi Lai Gaming,0.050793650793650835,9,13
642944,Split,2026-04-16 07:15:00,EDward Gaming,Xi Lai Gaming,0.050793650793650835,5,13
642944,Fracture,2026-04-16 07:15:00,EDward Gaming,Xi Lai Gaming,0.050793650793650835,6,13
642944,Split,2026-04-16 07:15:00,EDward Gaming,Xi Lai Gaming,0.050793650793650835,15,13
642944,Breeze,2026-04-16 07:15:00,EDward Gaming,Xi Lai Gaming,0.050793650793650835,13,5
642944,Haven,2026-04-16 07:15:00,EDward Gaming,Xi Lai Gaming,0.050793650793650835,9,13
642944,Pearl,2026-04-16 07:15:00,EDward Gaming,Xi Lai Gaming,0.050793650793650835,13,4
644724,Bind,2026-04-16 11:00:00,Eternal Fire,Team Vitality,0.009803921568627472,13,11
644724,Lotus,2026-04-16 11:00:00,Eternal Fire,Team Vitality,0.009803921568627472,13,6
644725,Haven,2026-04-16 13:30:00,Karmine Corp,Team Heretics,-0.3163636363636364,13,6
644725,Lotus,2026-04-16 13:30:00,Karmine Corp,Team Heretics,-0.3163636363636364,2,13
644725,Fracture,2026-04-16 13:30:00,Karmine Corp,Team Heretics,-0.3163636363636364,7,13
644665,Haven,2026-04-17 04:00:00,FULL SENSE,VARREL,0.5714285714285714,13,5
644665,Lotus,2026-04-17 04:00:00,FULL SENSE,VARREL,0.5714285714285714,14,12
644666,Breeze,2026-04-17 06:20:00,Team Secret,Paper Rex,-0.31082887700534767,4,13
644666,Split,2026-04-17 06:20:00,Team Secret,Paper Rex,-0.31082887700534767,16,18
644726,Breeze,2026-04-17 11:00:00,FUT Esports,Team Liquid,-0.08792892156862747,13,9
644726,Haven,2026-04-17 11:00:00,FUT Esports,Team Liquid,-0.08792892156862747,15,13
645480,Split,2026-04-17 17:00:00,Cloud9,ENVY,-0.023809523809523836,13,11
645480,Pearl,2026-04-17 17:00:00,Cloud9,ENVY,-0.023809523809523836,5,13
645480,Haven,2026-04-17 17:00:00,Cloud9,ENVY,-0.023809523809523836,9,13
645481,Haven,2026-04-17 20:05:00,FURIA,Evil Geniuses,-0.1646341463414634,12,14
645481,Pearl,2026-04-17 20:05:00,FURIA,Evil Geniuses,-0.1646341463414634,13,5
645481,Lotus,2026-04-17 20:05:00,FURIA,Evil Geniuses,-0.1646341463414634,13,10
642947,Haven,2026-04-18 05:00:00,TYLOO,Dragon Ranger Gaming,0.06756756756756754,13,10
642947,Breeze,2026-04-18 05:00:00,TYLOO,Dragon Ranger Gaming,0.06756756756756754,13,7
644668,Bind,2026-04-18 06:20:00,ZETA DIVISION,DetonatioN FocusMe,0.02525252525252525,13,10
644668,Lotus,2026-04-18 06:20:00,ZETA DIVISION,DetonatioN FocusMe,0.02525252525252525,7,13
644668,Pearl,2026-04-18 06:20:00,ZETA DIVISION,DetonatioN FocusMe,0.02525252525252525,5,13
642946,Fracture,2026-04-18 07:15:00,JDG Esports,EDward Gaming,-0.140625,13,9
642946,Haven,2026-04-18 07:15:00,JDG Esports,EDward Gaming,-0.140625,8,13
642946,Bind,2026-04-18 07:15:00,JDG Esports,EDward Gaming,-0.140625,12,14
645482,Breeze,2026-04-18 17:00:00,G2 Esports,LEVIATÁN,0.02472527472527475,13,6
645482,Split,2026-04-18 17:00:00,G2 Esports,LEVIATÁN,0.02472527472527475,11,13
645482,Bind,2026-04-18 17:00:00,G2 Esports,LEVIATÁN,0.02472527472527475,12,14
645483,Haven,2026-04-18 20:30:00,MIBR,LOUD,0.046291687406669946,13,10
645483,Split,2026-04-18 20:30:00,MIBR,LOUD,0.046291687406669946,13,4
644669,Pearl,2026-04-19 04:00:00,Rex Regum Qeon,T1,0.0054209183673469274,8,13
644669,Bind,2026-04-19 04:00:00,Rex Regum Qeon,T1,0.0054209183673469274,10,13
644669,Pearl,2026-04-19 04:00:00,Rex Regum Qeon,T1,0.0054209183673469274,7,13
644669,Breeze,2026-04-19 04:00:00,Rex Regum Qeon,T1,0.0054209183673469274,2,13
644669,Abyss,2026-04-19 04:00:00,Rex Regum Qeon,T1,0.0054209183673469274,17,19
642948,Fracture,2026-04-19 05:00:00,Titan Esports Club,Trace Esports,-0.2988802756244617,13,8
642948,Split,2026-04-19 05:00:00,Titan Esports Club,Trace Esports,-0.2988802756244617,9,13
642948,Breeze,2026-04-19 05:00:00,Titan Esports Club,Trace Esports,-0.2988802756244617,8,13
644670,Pearl,2026-04-19 06:25:00,Nongshim RedForce,Gen.G,-0.14236453201970445,13,8
644670,Breeze,2026-04-19 06:25:00,Nongshim RedForce,Gen.G,-0.14236453201970445,13,3
642945,Lotus,2026-04-19 08:25:00,All Gamers,Xi Lai Gaming,-0.19047619047619052,13,8
642945,Bind,2026-04-19 08:25:00,All Gamers,Xi Lai Gaming,-0.19047619047619052,5,13
642945,Split,2026-04-19 08:25:00,All Gamers,Xi Lai Gaming,-0.19047619047619052,8,13
642945,Pearl,2026-04-19 08:25:00,All Gamers,Xi Lai Gaming,-0.19047619047619052,13,5
642945,Split,2026-04-19 08:25:00,All Gamers,Xi Lai Gaming,-0.19047619047619052,13,11
642945,Bind,2026-04-19 08:25:00,All Gamers,Xi Lai Gaming,-0.19047619047619052,7,13
642945,Abyss,2026-04-19 08:25:00,All Gamers,Xi Lai Gaming,-0.19047619047619052,6,13
642945,Haven,2026-04-19 08:25:00,All Gamers,Xi Lai Gaming,-0.19047619047619052,13,10
645485,Haven,2026-04-19 19:20:00,100 Thieves,Sentinels,-0.07696810067310506,10,13
645485,Split,2026-04-19 19:20:00,100 Thieves,Sentinels,-0.07696810067310506,17,19
645485,Corrode,2026-04-19 19:20:00,100 Thieves,Sentinels,-0.07696810067310506,13,11
645485,Split,2026-04-19 19:20:00,100 Thieves,Sentinels,-0.07696810067310506,16,14
644728,Split,2026-04-22 11:00:00,Eternal Fire,PCIFIC Esports,0.6666666666666666,9,13
644728,Fracture,2026-04-22 11:00:00,Eternal Fire,PCIFIC Esports,0.6666666666666666,13,11
644728,Lotus,2026-04-22 11:00:00,Eternal Fire,PCIFIC Esports,0.6666666666666666,13,11
644729,Bind,2026-04-22 14:10:00,Natus Vincere,Team Liquid,-0.1601398601398601,9,13
644729,Split,2026-04-22 14:10:00,Natus Vincere,Team Liquid,-0.1601398601398601,13,9
644729,Lotus,2026-04-22 14:10:00,Natus Vincere,Team Liquid,-0.1601398601398601,7,13
644731,Haven,2026-04-23 14:00:00,Karmine Corp,FUT Esports,-0.14444444444444443,13,9
644731,Lotus,2026-04-23 14:00:00,Karmine Corp,FUT Esports,-0.14444444444444443,10,13
644731,Bind,2026-04-23 14:00:00,Karmine Corp,FUT Esports,-0.14444444444444443,8,13
644671,Pearl,2026-04-24 04:00:00,Rex Regum Qeon,FULL SENSE,-0.14500000000000002,9,13
644671,Haven,2026-04-24 04:00:00,Rex Regum Qeon,FULL SENSE,-0.14500000000000002,13,10
644671,Fracture,2026-04-24 04:00:00,Rex Regum Qeon,FULL SENSE,-0.14500000000000002,13,3
644672,Split,2026-04-24 07:00:00,Paper Rex,Global Esports,0.3823434991974318,13,3
644672,Pearl,2026-04-24 07:00:00,Paper Rex,Global Esports,0.3823434991974318,13,8
644672,Breeze,2026-04-24 07:00:00,Paper Rex,Global Esports,0.3823434991974318,9,13
644672,Lotus,2026-04-24 07:00:00,Paper Rex,Global Esports,0.3823434991974318,13,6
644672,Pearl,2026-04-24 07:00:00,Paper Rex,Global Esports,0.3823434991974318,5,13
644672,Breeze,2026-04-24 07:00:00,Paper Rex,Global Esports,0.3823434991974318,13,10
644672,Split,2026-04-24 07:00:00,Paper Rex,Global Esports,0.3823434991974318,5,13
644672,Bind,2026-04-24 07:00:00,Paper Rex,Global Esports,0.3823434991974318,13,10
644672,Corrode,2026-04-24 07:00:00,Paper Rex,Global Esports,0.3823434991974318,13,10
644672,Breeze,2026-04-24 07:00:00,Paper Rex,Global Esports,0.3823434991974318,6,13
644672,Split,2026-04-24 07:00:00,Paper Rex,Global Esports,0.3823434991974318,14,12
644732,Fracture,2026-04-24 11:00:00,Gentle Mates,Team Heretics,-0.31578947368421056,4,13
644732,Lotus,2026-04-24 11:00:00,Gentle Mates,Team Heretics,-0.31578947368421056,10,13
644733,Lotus,2026-04-24 13:10:00,BBL Esports,Team Vitality,0.019230769230769218,8,13
644733,Haven,2026-04-24 13:10:00,BBL Esports,Team Vitality,0.019230769230769218,13,10
644733,Breeze,2026-04-24 13:10:00,BBL Esports,Team Vitality,0.019230769230769218,13,5
645486,Bind,2026-04-24 17:00:00,LEVIATÁN,ENVY,0.0889487870619946,13,4
645486,Fracture,2026-04-24 17:00:00,LEVIATÁN,ENVY,0.0889487870619946,13,4
645487,Haven,2026-04-24 18:40:00,G2 Esports,LOUD,0.3372549019607843,13,9
645487,Pearl,2026-04-24 18:40:00,G2 Esports,LOUD,0.3372549019607843,13,10
644674,Lotus,2026-04-25 07:35:00,DetonatioN FocusMe,VARREL,0.2972972972972973,13,11
644674,Haven,2026-04-25 07:35:00,DetonatioN FocusMe,VARREL,0.2972972972972973,10,13
644674,Fracture,2026-04-25 07:35:00,DetonatioN FocusMe,VARREL,0.2972972972972973,13,9
645489,Pearl,2026-04-25 19:05:00,NRG,100 Thieves,0.06160365058670142,9,13
645489,Lotus,2026-04-25 19:05:00,NRG,100 Thieves,0.06160365058670142,13,10
645489,Breeze,2026-04-25 19:05:00,NRG,100 Thieves,0.06160365058670142,13,2
644675,Haven,2026-04-26 04:00:00,T1,ZETA DIVISION,0.1981900452488688,13,6
644675,Lotus,2026-04-26 04:00:00,T1,ZETA DIVISION,0.1981900452488688,13,7
644676,Breeze,2026-04-26 06:05:00,Nongshim RedForce,Team Secret,0.22857142857142854,13,8
644676,Fracture,2026-04-26 06:05:00,Nongshim RedForce,Team Secret,0.22857142857142854,8,13
644676,Pearl,2026-04-26 06:05:00,Nongshim RedForce,Team Secret,0.22857142857142854,13,5
645490,Haven,2026-04-26 17:00:00,Evil Geniuses,Sentinels,-0.16876750700280108,7,13
645490,Bind,2026-04-26 17:00:00,Evil Geniuses,Sentinels,-0.16876750700280108,11,13
645490,Abyss,2026-04-26 17:00:00,Evil Geniuses,Sentinels,-0.16876750700280108,8,13
645490,Pearl,2026-04-26 17:00:00,Evil Geniuses,Sentinels,-0.16876750700280108,11,13
645491,Breeze,2026-04-26 19:25:00,MIBR,Cloud9,-0.06511627906976741,12,14
645491,Split,2026-04-26 19:25:00,MIBR,Cloud9,-0.06511627906976741,12,14
644734,Lotus,2026-04-29 11:00:00,Team Heretics,FUT Esports,0.17887772604753738,13,11
644734,Split,2026-04-29 11:00:00,Team Heretics,FUT Esports,0.17887772604753738,13,2
644735,Haven,2026-04-29 13:10:00,Team Vitality,PCIFIC Esports,0.4716981132075472,13,9
644735,Split,2026-04-29 13:10:00,Team Vitality,PCIFIC Esports,0.4716981132075472,13,0
644736,Lotus,2026-04-30 11:00:00,Natus Vincere,Karmine Corp,0.05217391304347829,13,9
644736,Breeze,2026-04-30 11:00:00,Natus Vincere,Karmine Corp,0.05217391304347829,13,9
644736,Split,2026-04-30 11:00:00,Natus Vincere,Karmine Corp,0.05217391304347829,13,11
644736,Haven,2026-04-30 11:00:00,Natus Vincere,Karmine Corp,0.05217391304347829,13,7
644677,Split,2026-05-01 04:00:00,Gen.G,Team Secret,0.34722222222222227,11,13
644677,Lotus,2026-05-01 04:00:00,Gen.G,Team Secret,0.34722222222222227,13,11
644677,Breeze,2026-05-01 04:00:00,Gen.G,Team Secret,0.34722222222222227,7,13
659474,Breeze,2026-05-01 05:00:00,Xi Lai Gaming,Titan Esports Club,0.38636363636363635,13,9
659474,Lotus,2026-05-01 05:00:00,Xi Lai Gaming,Titan Esports Club,0.38636363636363635,13,7
644678,Bind,2026-05-01 07:20:00,VARREL,ZETA DIVISION,-0.2857142857142857,13,10
644678,Breeze,2026-05-01 07:20:00,VARREL,ZETA DIVISION,-0.2857142857142857,9,13
644678,Fracture,2026-05-01 07:20:00,VARREL,ZETA DIVISION,-0.2857142857142857,9,13
659475,Haven,2026-05-01 07:20:00,JDG Esports,TYLOO,-0.035759897828863296,13,2
659475,Fracture,2026-05-01 07:20:00,JDG Esports,TYLOO,-0.035759897828863296,9,13
659475,Pearl,2026-05-01 07:20:00,JDG Esports,TYLOO,-0.035759897828863296,13,10
644738,Split,2026-05-01 11:00:00,GIANTX,Eternal Fire,-0.2833333333333333,11,13
644738,Breeze,2026-05-01 11:00:00,GIANTX,Eternal Fire,-0.2833333333333333,10,13
644739,Split,2026-05-01 13:05:00,Gentle Mates,Team Liquid,-0.21678321678321683,8,13
644739,Lotus,2026-05-01 13:05:00,Gentle Mates,Team Liquid,-0.21678321678321683,9,13
644739,Pearl,2026-05-01 13:05:00,Gentle Mates,Team Liquid,-0.21678321678321683,13,11
644739,Bind,2026-05-01 13:05:00,Gentle Mates,Team Liquid,-0.21678321678321683,13,3
645492,Fracture,2026-05-01 17:00:00,Evil Geniuses,NRG,-0.15465116279069774,8,13
645492,Pearl,2026-05-01 17:00:00,Evil Geniuses,NRG,-0.15465116279069774,9,13
645493,Breeze,2026-05-01 19:20:00,LEVIATÁN,MIBR,0.2745098039215686,10,13
645493,Haven,2026-05-01 19:20:00,LEVIATÁN,MIBR,0.2745098039215686,10,13
644679,Pearl,2026-05-02 04:00:00,T1,FULL SENSE,-0.05555555555555558,13,5
644679,Bind,2026-05-02 04:00:00,T1,FULL SENSE,-0.05555555555555558,7,13
644679,Breeze,2026-05-02 04:00:00,T1,FULL SENSE,-0.05555555555555558,13,9
659476,Split,2026-05-02 05:00:00,All Gamers,Trace Esports,-0.15438871473354238,13,6
659476,Lotus,2026-05-02 05:00:00,All Gamers,Trace Esports,-0.15438871473354238,13,6
644680,Breeze,2026-05-02 07:10:00,Nongshim RedForce,Global Esports,0.30734767025089604,5,13
644680,Bind,2026-05-02 07:10:00,Nongshim RedForce,Global Esports,0.30734767025089604,13,11
644680,Haven,2026-05-02 07:10:00,Nongshim RedForce,Global Esports,0.30734767025089604,12,14
659477,Breeze,2026-05-02 07:10:00,EDward Gaming,Dragon Ranger Gaming,0.22510121457489884,13,5
659477,Lotus,2026-05-02 07:10:00,EDward Gaming,Dragon Ranger Gaming,0.22510121457489884,6,13
659477,Split,2026-05-02 07:10:00,EDward Gaming,Dragon Ranger Gaming,0.22510121457489884,13,9
659477,Lotus,2026-05-02 07:10:00,EDward Gaming,Dragon Ranger Gaming,0.22510121457489884,7,13
659477,Split,2026-05-02 07:10:00,EDward Gaming,Dragon Ranger Gaming,0.22510121457489884,13,7
659477,Breeze,2026-05-02 07:10:00,EDward Gaming,Dragon Ranger Gaming,0.22510121457489884,13,7
645495,Split,2026-05-02 20:00:00,FURIA,Sentinels,-0.3150042625745951,13,4
645495,Breeze,2026-05-02 20:00:00,FURIA,Sentinels,-0.3150042625745951,7,13
645495,Haven,2026-05-02 20:00:00,FURIA,Sentinels,-0.3150042625745951,13,7
659482,Pearl,2026-05-03 05:00:00,Titan Esports Club,TYLOO,-0.2586206896551724,13,8
659482,Fracture,2026-05-03 05:00:00,Titan Esports Club,TYLOO,-0.2586206896551724,9,13
659482,Split,2026-05-03 05:00:00,Titan Esports Club,TYLOO,-0.2586206896551724,11,13
644682,Haven,2026-05-03 06:00:00,Rex Regum Qeon,DetonatioN FocusMe,0.17440660474716202,12,14
644682,Lotus,2026-05-03 06:00:00,Rex Regum Qeon,DetonatioN FocusMe,0.17440660474716202,14,12
644682,Fracture,2026-05-03 06:00:00,Rex Regum Qeon,DetonatioN FocusMe,0.17440660474716202,13,8
659483,Lotus,2026-05-03 08:30:00,Trace Esports,Dragon Ranger Gaming,0.14529914529914534,13,5
659483,Bind,2026-05-03 08:30:00,Trace Esports,Dragon Ranger Gaming,0.14529914529914534,11,13
659483,Breeze,2026-05-03 08:30:00,Trace Esports,Dragon Ranger Gaming,0.14529914529914534,10,13
659483,Ascent,2026-05-03 08:30:00,Trace Esports,Dragon Ranger Gaming,0.14529914529914534,7,13
659483,Lotus,2026-05-03 08:30:00,Trace Esports,Dragon Ranger Gaming,0.14529914529914534,6,13
645496,Lotus,2026-05-03 17:00:00,LOUD,Cloud9,-0.15169133192389006,13,1
645496,Split,2026-05-03 17:00:00,LOUD,Cloud9,-0.15169133192389006,8,13
645496,Breeze,2026-05-03 17:00:00,LOUD,Cloud9,-0.15169133192389006,13,11
645497,Haven,2026-05-03 20:00:00,G2 Esports,ENVY,0.17441860465116277,13,4
645497,Lotus,2026-05-03 20:00:00,G2 Esports,ENVY,0.17441860465116277,13,6
659478,Lotus,2026-05-04 05:00:00,Xi Lai Gaming,JDG Esports,0.15217391304347827,13,0
659478,Pearl,2026-05-04 05:00:00,Xi Lai Gaming,JDG Esports,0.15217391304347827,13,5
659479,Fracture,2026-05-04 07:00:00,All Gamers,EDward Gaming,-0.21818181818181814,7,13
659479,Lotus,2026-05-04 07:00:00,All Gamers,EDward Gaming,-0.21818181818181814,6,13
659485,Haven,2026-05-05 05:00:00,JDG Esports,Dragon Ranger Gaming,0.05887096774193551,9,13
659485,Lotus,2026-05-05 05:00:00,JDG Esports,Dragon Ranger Gaming,0.05887096774193551,4,13
659484,Bind,2026-05-05 07:00:00,All Gamers,TYLOO,-0.09788654060066743,5,13
659484,Haven,2026-05-05 07:00:00,All Gamers,TYLOO,-0.09788654060066743,13,9
659484,Breeze,2026-05-05 07:00:00,All Gamers,TYLOO,-0.09788654060066743,6,13
659484,Fracture,2026-05-05 07:00:00,All Gamers,TYLOO,-0.09788654060066743,13,4
659484,Haven,2026-05-05 07:00:00,All Gamers,TYLOO,-0.09788654060066743,10,13
659484,Split,2026-05-05 07:00:00,All Gamers,TYLOO,-0.09788654060066743,13,10
666488,Breeze,2026-05-07 04:00:00,Rex Regum Qeon,Global Esports,0.17567567567567566,11,13
666488,Pearl,2026-05-07 04:00:00,Rex Regum Qeon,Global Esports,0.17567567567567566,10,13
660381,Fracture,2026-05-07 11:00:00,Eternal Fire,Team Heretics,0.10769230769230775,7,13
660381,Pearl,2026-05-07 11:00:00,Eternal Fire,Team Heretics,0.10769230769230775,13,8
660381,Lotus,2026-05-07 11:00:00,Eternal Fire,Team Heretics,0.10769230769230775,13,5
660382,Pearl,2026-05-07 13:55:00,Team Liquid,Team Vitality,0.10060807075732453,3,13
660382,Ascent,2026-05-07 13:55:00,Team Liquid,Team Vitality,0.10060807075732453,13,11
660382,Lotus,2026-05-07 13:55:00,Team Liquid,Team Vitality,0.10060807075732453,10,13
666490,Breeze,2026-05-08 04:00:00,Paper Rex,Global Esports,0.3611914401388086,9,13
666490,Lotus,2026-05-08 04:00:00,Paper Rex,Global Esports,0.3611914401388086,13,6
666490,Pearl,2026-05-08 04:00:00,Paper Rex,Global Esports,0.3611914401388086,5,13
659480,Lotus,2026-05-08 05:00:00,Xi Lai Gaming,EDward Gaming,0.00995024875621886,10,13
659480,Breeze,2026-05-08 05:00:00,Xi Lai Gaming,EDward Gaming,0.00995024875621886,13,10
659480,Split,2026-05-08 05:00:00,Xi Lai Gaming,EDward Gaming,0.00995024875621886,3,13
659480,Split,2026-05-08 05:00:00,Xi Lai Gaming,EDward Gaming,0.00995024875621886,9,13
659480,Breeze,2026-05-08 05:00:00,Xi Lai Gaming,EDward Gaming,0.00995024875621886,8,13
659480,Split,2026-05-08 05:00:00,Xi Lai Gaming,EDward Gaming,0.00995024875621886,13,5
659480,Pearl,2026-05-08 05:00:00,Xi Lai Gaming,EDward Gaming,0.00995024875621886,13,6
659486,Lotus,2026-05-08 07:10:00,All Gamers,Dragon Ranger Gaming,-0.03277439024390244,8,13
659486,Split,2026-05-08 07:10:00,All Gamers,Dragon Ranger Gaming,-0.03277439024390244,13,8
659486,Haven,2026-05-08 07:10:00,All Gamers,Dragon Ranger Gaming,-0.03277439024390244,6,13
659486,Corrode,2026-05-08 07:10:00,All Gamers,Dragon Ranger Gaming,-0.03277439024390244,7,13
659486,Bind,2026-05-08 07:10:00,All Gamers,Dragon Ranger Gaming,-0.03277439024390244,15,13
659486,Abyss,2026-05-08 07:10:00,All Gamers,Dragon Ranger Gaming,-0.03277439024390244,13,10
666491,Pearl,2026-05-08 07:15:00,T1,FULL SENSE,-0.037991858887381214,13,5
666491,Bind,2026-05-08 07:15:00,T1,FULL SENSE,-0.037991858887381214,7,13
666491,Breeze,2026-05-08 07:15:00,T1,FULL SENSE,-0.037991858887381214,13,9
666491,Pearl,2026-05-08 07:15:00,T1,FULL SENSE,-0.037991858887381214,9,13
666491,Lotus,2026-05-08 07:15:00,T1,FULL SENSE,-0.037991858887381214,8,13
660383,Pearl,2026-05-08 11:00:00,FUT Esports,Eternal Fire,-0.33333333333333337,5,13
660383,Ascent,2026-05-08 11:00:00,FUT Esports,Eternal Fire,-0.33333333333333337,13,4
660383,Split,2026-05-08 11:00:00,FUT Esports,Eternal Fire,-0.33333333333333337,13,11
645499,Pearl,2026-05-08 20:20:00,FURIA,100 Thieves,-0.19576719576719576,13,9
645499,Haven,2026-05-08 20:20:00,FURIA,100 Thieves,-0.19576719576719576,8,13
645499,Breeze,2026-05-08 20:20:00,FURIA,100 Thieves,-0.19576719576719576,6,13
666494,Ascent,2026-05-09 04:00:00,Rex Regum Qeon,DetonatioN FocusMe,0.18287373004354135,9,13
666494,Breeze,2026-05-09 04:00:00,Rex Regum Qeon,DetonatioN FocusMe,0.18287373004354135,13,11
666494,Lotus,2026-05-09 04:00:00,Rex Regum Qeon,DetonatioN FocusMe,0.18287373004354135,13,8
659487,Lotus,2026-05-09 05:00:00,Xi Lai Gaming,Dragon Ranger Gaming,0.18761904761904763,13,2
659487,Breeze,2026-05-09 05:00:00,Xi Lai Gaming,Dragon Ranger Gaming,0.18761904761904763,13,6
659487,Haven,2026-05-09 05:00:00,Xi Lai Gaming,Dragon Ranger Gaming,0.18761904761904763,10,13
659487,Split,2026-05-09 05:00:00,Xi Lai Gaming,Dragon Ranger Gaming,0.18761904761904763,13,11
660387,Breeze,2026-05-09 11:00:00,Team Heretics,BBL Esports,0.18354430379746833,13,4
660387,Ascent,2026-05-09 11:00:00,Team Heretics,BBL Esports,0.18354430379746833,14,12
660388,Split,2026-05-09 13:30:00,Team Liquid,Gentle Mates,0.22352941176470587,13,4
660388,Ascent,2026-05-09 13:30:00,Team Liquid,Gentle Mates,0.22352941176470587,10,13
660388,Fracture,2026-05-09 13:30:00,Team Liquid,Gentle Mates,0.22352941176470587,2,13
645500,Lotus,2026-05-09 17:00:00,G2 Esports,Cloud9,0.21149425287356316,13,6
645500,Split,2026-05-09 17:00:00,G2 Esports,Cloud9,0.21149425287356316,13,9
645500,Corrode,2026-05-09 17:00:00,G2 Esports,Cloud9,0.21149425287356316,13,11
645500,Bind,2026-05-09 17:00:00,G2 Esports,Cloud9,0.21149425287356316,13,9
645501,Haven,2026-05-09 19:10:00,ENVY,MIBR,0.040598290598290565,13,1
645501,Bind,2026-05-09 19:10:00,ENVY,MIBR,0.040598290598290565,13,3
666496,Haven,2026-05-10 04:00:00,T1,Rex Regum Qeon,0.014705882352941124,13,6
666496,Lotus,2026-05-10 04:00:00,T1,Rex Regum Qeon,0.014705882352941124,10,13
666496,Breeze,2026-05-10 04:00:00,T1,Rex Regum Qeon,0.014705882352941124,13,5
659481,Lotus,2026-05-10 05:00:00,EDward Gaming,Xi Lai Gaming,0.007918552036199067,13,8
659481,Haven,2026-05-10 05:00:00,EDward Gaming,Xi Lai Gaming,0.007918552036199067,9,13
659481,Split,2026-05-10 05:00:00,EDward Gaming,Xi Lai Gaming,0.007918552036199067,5,13
659481,Fracture,2026-05-10 05:00:00,EDward Gaming,Xi Lai Gaming,0.007918552036199067,6,13
659481,Split,2026-05-10 05:00:00,EDward Gaming,Xi Lai Gaming,0.007918552036199067,15,13
659481,Breeze,2026-05-10 05:00:00,EDward Gaming,Xi Lai Gaming,0.007918552036199067,13,5
659481,Haven,2026-05-10 05:00:00,EDward Gaming,Xi Lai Gaming,0.007918552036199067,9,13
659481,Pearl,2026-05-10 05:00:00,EDward Gaming,Xi Lai Gaming,0.007918552036199067,13,4
660390,Ascent,2026-05-10 14:35:00,Eternal Fire,Gentle Mates,0.34843205574912894,13,5
660390,Lotus,2026-05-10 14:35:00,Eternal Fire,Gentle Mates,0.34843205574912894,13,9
645502,Bind,2026-05-10 17:00:00,LOUD,LEVIATÁN,-0.31363636363636366,3,13
645502,Breeze,2026-05-10 17:00:00,LOUD,LEVIATÁN,-0.31363636363636366,14,12
645502,Haven,2026-05-10 17:00:00,LOUD,LEVIATÁN,-0.31363636363636366,13,10
645503,Fracture,2026-05-10 20:10:00,Sentinels,NRG,0.014051522248243575,11,13
645503,Breeze,2026-05-10 20:10:00,Sentinels,NRG,0.014051522248243575,13,11
645503,Lotus,2026-05-10 20:10:00,Sentinels,NRG,0.014051522248243575,10,13
660369,Breeze,2026-05-14 17:00:00,FURIA,LEVIATÁN,-0.3650793650793651,13,8
660369,Split,2026-05-14 17:00:00,FURIA,LEVIATÁN,-0.3650793650793651,5,13
660369,Pearl,2026-05-14 17:00:00,FURIA,LEVIATÁN,-0.3650793650793651,1,13
660370,Pearl,2026-05-14 19:55:00,G2 Esports,100 Thieves,0.19090909090909086,13,4
660370,Lotus,2026-05-14 19:55:00,G2 Esports,100 Thieves,0.19090909090909086,13,7
660370,Bind,2026-05-14 19:55:00,G2 Esports,100 Thieves,0.19090909090909086,13,11
660370,Corrode,2026-05-14 19:55:00,G2 Esports,100 Thieves,0.19090909090909086,3,13
660370,Split,2026-05-14 19:55:00,G2 Esports,100 Thieves,0.19090909090909086,13,8
666492,Split,2026-05-15 06:00:00,Global Esports,FULL SENSE,-0.14102564102564102,9,13
666492,Breeze,2026-05-15 06:00:00,Global Esports,FULL SENSE,-0.14102564102564102,13,8
666492,Pearl,2026-05-15 06:00:00,Global Esports,FULL SENSE,-0.14102564102564102,13,8
666492,Split,2026-05-15 06:00:00,Global Esports,FULL SENSE,-0.14102564102564102,11,13
666492,Breeze,2026-05-15 06:00:00,Global Esports,FULL SENSE,-0.14102564102564102,8,13
666498,Split,2026-05-15 08:20:00,T1,Paper Rex,-0.17718560074801315,9,13
666498,Ascent,2026-05-15 08:20:00,T1,Paper Rex,-0.17718560074801315,13,10
666498,Breeze,2026-05-15 08:20:00,T1,Paper Rex,-0.17718560074801315,8,13
660385,Pearl,2026-05-15 11:00:00,FUT Esports,Team Vitality,0.026948051948051888,15,17
660385,Ascent,2026-05-15 11:00:00,FUT Esports,Team Vitality,0.026948051948051888,13,8
660385,Split,2026-05-15 11:00:00,FUT Esports,Team Vitality,0.026948051948051888,12,14
660391,Lotus,2026-05-15 14:45:00,Team Heretics,Eternal Fire,-0.058641975308642014,11,13
660391,Fracture,2026-05-15 14:45:00,Team Heretics,Eternal Fire,-0.058641975308642014,13,10
660391,Ascent,2026-05-15 14:45:00,Team Heretics,Eternal Fire,-0.058641975308642014,13,10
660371,Split,2026-05-15 17:00:00,MIBR,LEVIATÁN,-0.25289639192320423,10,13
660371,Fracture,2026-05-15 17:00:00,MIBR,LEVIATÁN,-0.25289639192320423,13,4
660371,Ascent,2026-05-15 17:00:00,MIBR,LEVIATÁN,-0.25289639192320423,7,13
666499,Haven,2026-05-16 06:00:00,Global Esports,Paper Rex,-0.3271276595744681,6,13
666499,Lotus,2026-05-16 06:00:00,Global Esports,Paper Rex,-0.3271276595744681,4,13
666499,Ascent,2026-05-16 06:00:00,Global Esports,Paper Rex,-0.3271276595744681,11,13
660392,Haven,2026-05-16 12:00:00,FUT Esports,Team Heretics,-0.19512195121951215,15,13
660392,Lotus,2026-05-16 12:00:00,FUT Esports,Team Heretics,-0.19512195121951215,4,13
660392,Ascent,2026-05-16 12:00:00,FUT Esports,Team Heretics,-0.19512195121951215,6,13
660392,Breeze,2026-05-16 12:00:00,FUT Esports,Team Heretics,-0.19512195121951215,1,13
660375,Pearl,2026-05-16 17:00:00,FURIA,NRG,-0.29424585876198783,13,7
660375,Split,2026-05-16 17:00:00,FURIA,NRG,-0.29424585876198783,13,10
660375,Lotus,2026-05-16 17:00:00,FURIA,NRG,-0.29424585876198783,4,13
660375,Haven,2026-05-16 17:00:00,FURIA,NRG,-0.29424585876198783,8,13
660376,Breeze,2026-05-16 19:15:00,100 Thieves,LOUD,0.12658730158730158,13,5
660376,Split,2026-05-16 19:15:00,100 Thieves,LOUD,0.12658730158730158,13,4
666493,Pearl,2026-05-17 06:00:00,FULL SENSE,Paper Rex,-0.24372469635627525,10,13
666493,Lotus,2026-05-17 06:00:00,FULL SENSE,Paper Rex,-0.24372469635627525,9,13
666493,Fracture,2026-05-17 06:00:00,FULL SENSE,Paper Rex,-0.24372469635627525,10,13
660386,Breeze,2026-05-17 12:00:00,Team Vitality,Team Heretics,-0.20756711054745303,13,10
660386,Lotus,2026-05-17 12:00:00,Team Vitality,Team Heretics,-0.20756711054745303,13,15
660386,Split,2026-05-17 12:00:00,Team Vitality,Team Heretics,-0.20756711054745303,11,13
660386,Haven,2026-05-17 12:00:00,Team Vitality,Team Heretics,-0.20756711054745303,13,15
660386,Pearl,2026-05-17 12:00:00,Team Vitality,Team Heretics,-0.20756711054745303,13,7
660378,Fracture,2026-05-17 19:10:00,MIBR,100 Thieves,-0.10233918128654967,11,13
660378,Breeze,2026-05-17 19:10:00,MIBR,100 Thieves,-0.10233918128654967,7,13
660373,Ascent,2026-05-22 17:00:00,LEVIATÁN,G2 Esports,-0.03371647509578546,13,7
660373,Pearl,2026-05-22 17:00:00,LEVIATÁN,G2 Esports,-0.03371647509578546,9,13
660373,Split,2026-05-22 17:00:00,LEVIATÁN,G2 Esports,-0.03371647509578546,13,5
660379,Pearl,2026-05-22 20:05:00,NRG,100 Thieves,0.0625,9,13
660379,Lotus,2026-05-22 20:05:00,NRG,100 Thieves,0.0625,13,10
660379,Breeze,2026-05-22 20:05:00,NRG,100 Thieves,0.0625,13,2
660379,Fracture,2026-05-22 20:05:00,NRG,100 Thieves,0.0625,13,9
660379,Breeze,2026-05-22 20:05:00,NRG,100 Thieves,0.0625,13,11
660379,Haven,2026-05-22 20:05:00,NRG,100 Thieves,0.0625,13,9
660379,Corrode,2026-05-22 20:05:00,NRG,100 Thieves,0.0625,13,11
660379,Pearl,2026-05-22 20:05:00,NRG,100 Thieves,0.0625,13,3
660379,Abyss,2026-05-22 20:05:00,NRG,100 Thieves,0.0625,13,8
660380,Lotus,2026-05-23 17:00:00,G2 Esports,NRG,0.11208791208791213,13,8
660380,Breeze,2026-05-23 17:00:00,G2 Esports,NRG,0.11208791208791213,6,13
660380,Pearl,2026-05-23 17:00:00,G2 Esports,NRG,0.11208791208791213,13,7
660380,Haven,2026-05-23 17:00:00,G2 Esports,NRG,0.11208791208791213,10,13
660380,Ascent,2026-05-23 17:00:00,G2 Esports,NRG,0.11208791208791213,13,10
660374,Fracture,2026-05-24 17:00:00,LEVIATÁN,G2 Esports,-0.02376565954310983,12,14
660374,Haven,2026-05-24 17:00:00,LEVIATÁN,G2 Esports,-0.02376565954310983,13,11
660374,Ascent,2026-05-24 17:00:00,LEVIATÁN,G2 Esports,-0.02376565954310983,13,9
660374,Pearl,2026-05-24 17:00:00,LEVIATÁN,G2 Esports,-0.02376565954310983,10,13
660374,Split,2026-05-24 17:00:00,LEVIATÁN,G2 Esports,-0.02376565954310983,11,13
684613,Pearl,2026-06-06 10:00:00,Xi Lai Gaming,NRG,0.10606060606060608,6,13
684613,Lotus,2026-06-06 10:00:00,Xi Lai Gaming,NRG,0.10606060606060608,11,13
684613,Haven,2026-06-06 10:00:00,Xi Lai Gaming,NRG,0.10606060606060608,2,13
684613,Abyss,2026-06-06 10:00:00,Xi Lai Gaming,NRG,0.10606060606060608,10,13
684610,Lotus,2026-06-06 12:30:00,Team Vitality,Dragon Ranger Gaming,0.040898155573376116,13,5
684610,Breeze,2026-06-06 12:30:00,Team Vitality,Dragon Ranger Gaming,0.040898155573376116,13,3
684611,Fracture,2026-06-07 10:00:00,FULL SENSE,FUT Esports,-0.06265664160401002,3,13
684611,Haven,2026-06-07 10:00:00,FULL SENSE,FUT Esports,-0.06265664160401002,7,13
684612,Pearl,2026-06-07 12:00:00,LEVIATÁN,Global Esports,0.28414634146341466,4,13
684612,Fracture,2026-06-07 12:00:00,LEVIATÁN,Global Esports,0.28414634146341466,13,11
684612,Split,2026-06-07 12:00:00,LEVIATÁN,Global Esports,0.28414634146341466,13,9
684614,Pearl,2026-06-08 10:00:00,Team Vitality,FUT Esports,-0.008474576271186418,13,11
684614,Haven,2026-06-08 10:00:00,Team Vitality,FUT Esports,-0.008474576271186418,4,13
684614,Fracture,2026-06-08 10:00:00,Team Vitality,FUT Esports,-0.008474576271186418,13,10
684615,Ascent,2026-06-08 13:15:00,NRG,LEVIATÁN,-0.08857352581355515,7,13
684615,Lotus,2026-06-08 13:15:00,NRG,LEVIATÁN,-0.08857352581355515,13,5
684615,Pearl,2026-06-08 13:15:00,NRG,LEVIATÁN,-0.08857352581355515,8,13
684616,Haven,2026-06-09 10:00:00,Dragon Ranger Gaming,Xi Lai Gaming,-0.21103896103896108,13,4
684616,Fracture,2026-06-09 10:00:00,Dragon Ranger Gaming,Xi Lai Gaming,-0.21103896103896108,9,13
684616,Split,2026-06-09 10:00:00,Dragon Ranger Gaming,Xi Lai Gaming,-0.21103896103896108,11,13
684617,Split,2026-06-09 13:20:00,Global Esports,FULL SENSE,-0.04285714285714287,9,13
684617,Breeze,2026-06-09 13:20:00,Global Esports,FULL SENSE,-0.04285714285714287,13,8
684617,Pearl,2026-06-09 13:20:00,Global Esports,FULL SENSE,-0.04285714285714287,13,8
684619,Lotus,2026-06-10 10:00:00,FUT Esports,NRG,-0.06729810568295114,11,13
684619,Haven,2026-06-10 10:00:00,FUT Esports,NRG,-0.06729810568295114,14,12
684619,Fracture,2026-06-10 10:00:00,FUT Esports,NRG,-0.06729810568295114,13,11
684618,Haven,2026-06-10 13:40:00,Global Esports,Xi Lai Gaming,-0.2830793905372895,13,10
684618,Lotus,2026-06-10 13:40:00,Global Esports,Xi Lai Gaming,-0.2830793905372895,9,13
684618,Breeze,2026-06-10 13:40:00,Global Esports,Xi Lai Gaming,-0.2830793905372895,10,13
670466,Ascent,2026-06-12 10:00:00,Paper Rex,LEVIATÁN,0.04704301075268824,13,1
670466,Lotus,2026-06-12 10:00:00,Paper Rex,LEVIATÁN,0.04704301075268824,13,10
670466,Fracture,2026-06-12 10:00:00,Paper Rex,LEVIATÁN,0.04704301075268824,13,2
670466,Split,2026-06-12 10:00:00,Paper Rex,LEVIATÁN,0.04704301075268824,6,13
670466,Breeze,2026-06-12 10:00:00,Paper Rex,LEVIATÁN,0.04704301075268824,13,11
670466,Ascent,2026-06-12 10:00:00,Paper Rex,LEVIATÁN,0.04704301075268824,10,13
670466,Lotus,2026-06-12 10:00:00,Paper Rex,LEVIATÁN,0.04704301075268824,5,13
670467,Breeze,2026-06-12 12:00:00,Team Heretics,Team Vitality,0.20238095238095233,6,13
670467,Lotus,2026-06-12 12:00:00,Team Heretics,Team Vitality,0.20238095238095233,7,13
670465,Haven,2026-06-13 10:00:00,EDward Gaming,FUT Esports,0.15217391304347827,4,13
670465,Pearl,2026-06-13 10:00:00,EDward Gaming,FUT Esports,0.15217391304347827,14,12
670465,Fracture,2026-06-13 10:00:00,EDward Gaming,FUT Esports,0.15217391304347827,13,5
670464,Lotus,2026-06-13 13:00:00,G2 Esports,Xi Lai Gaming,0.021505376344086113,13,7
670464,Ascent,2026-06-13 13:00:00,G2 Esports,Xi Lai Gaming,0.021505376344086113,4,13
670464,Split,2026-06-13 13:00:00,G2 Esports,Xi Lai Gaming,0.021505376344086113,9,13
670473,Split,2026-06-14 10:00:00,LEVIATÁN,Team Heretics,-0.04332399626517269,13,3
670473,Lotus,2026-06-14 10:00:00,LEVIATÁN,Team Heretics,-0.04332399626517269,11,13
670473,Ascent,2026-06-14 10:00:00,LEVIATÁN,Team Heretics,-0.04332399626517269,13,6
670472,Ascent,2026-06-14 13:00:00,G2 Esports,FUT Esports,0.18904778514126264,6,13
670472,Lotus,2026-06-14 13:00:00,G2 Esports,FUT Esports,0.18904778514126264,13,15
670468,Lotus,2026-06-15 10:00:00,Xi Lai Gaming,EDward Gaming,0.02027649769585249,10,13
670468,Breeze,2026-06-15 10:00:00,Xi Lai Gaming,EDward Gaming,0.02027649769585249,13,10
670468,Split,2026-06-15 10:00:00,Xi Lai Gaming,EDward Gaming,0.02027649769585249,3,13
670469,Breeze,2026-06-15 13:15:00,Paper Rex,Team Vitality,0.20314348487409162,13,3
670469,Split,2026-06-15 13:15:00,Paper Rex,Team Vitality,0.20314348487409162,6,13
670469,Fracture,2026-06-15 13:15:00,Paper Rex,Team Vitality,0.20314348487409162,13,6
670475,Haven,2026-06-16 10:00:00,Xi Lai Gaming,LEVIATÁN,0.0,7,13
670475,Lotus,2026-06-16 10:00:00,Xi Lai Gaming,LEVIATÁN,0.0,3,13
670474,Pearl,2026-06-16 12:05:00,Team Vitality,FUT Esports,0.0,13,11
670474,Haven,2026-06-16 12:05:00,Team Vitality,FUT Esports,0.0,4,13
670474,Fracture,2026-06-16 12:05:00,Team Vitality,FUT Esports,0.0,13,10
670474,Lotus,2026-06-16 12:05:00,Team Vitality,FUT Esports,0.0,13,7
670474,Ascent,2026-06-16 12:05:00,Team Vitality,FUT Esports,0.0,13,2
670470,Breeze,2026-06-19 09:00:00,EDward Gaming,Paper Rex,-0.0523138832997988,15,13
670470,Fracture,2026-06-19 09:00:00,EDward Gaming,Paper Rex,-0.0523138832997988,12,14
670470,Split,2026-06-19 09:00:00,EDward Gaming,Paper Rex,-0.0523138832997988,6,13
670476,Lotus,2026-06-19 12:35:00,Team Vitality,LEVIATÁN,-0.1536019536019536,4,13
670476,Split,2026-06-19 12:35:00,Team Vitality,LEVIATÁN,-0.1536019536019536,4,13
670477,Haven,2026-06-20 09:00:00,EDward Gaming,LEVIATÁN,-0.01388888888888884,5,13
670477,Pearl,2026-06-20 09:00:00,EDward Gaming,LEVIATÁN,-0.01388888888888884,9,13
670477,Split,2026-06-20 09:00:00,EDward Gaming,LEVIATÁN,-0.01388888888888884,11,13
670471,Fracture,2026-06-21 10:20:00,Paper Rex,LEVIATÁN,0.045529926126940956,13,2
670471,Split,2026-06-21 10:20:00,Paper Rex,LEVIATÁN,0.045529926126940956,6,13
670471,Breeze,2026-06-21 10:20:00,Paper Rex,LEVIATÁN,0.045529926126940956,13,11
670471,Ascent,2026-06-21 10:20:00,Paper Rex,LEVIATÁN,0.045529926126940956,10,13
670471,Lotus,2026-06-21 10:20:00,Paper Rex,LEVIATÁN,0.045529926126940956,5,13
698885,Split,2026-07-16 07:05:00,Team Secret,VARREL,0.3783783783783784,6,13
698885,Haven,2026-07-16 07:05:00,Team Secret,VARREL,0.3783783783783784,13,9
698885,Summit,2026-07-16 07:05:00,Team Secret,VARREL,0.3783783783783784,11,13
712806,Split,2026-07-16 13:35:00,PCIFIC Esports,Gentle Mates,-0.35714285714285715,13,5
712806,Sunset,2026-07-16 13:35:00,PCIFIC Esports,Gentle Mates,-0.35714285714285715,5,13
712806,Ascent,2026-07-16 13:35:00,PCIFIC Esports,Gentle Mates,-0.35714285714285715,4,13
706349,Haven,2026-07-16 17:00:00,LEVIATÁN,FURIA,0.38699690402476783,13,8
706349,Sunset,2026-07-16 17:00:00,LEVIATÁN,FURIA,0.38699690402476783,1,13
706349,Split,2026-07-16 17:00:00,LEVIATÁN,FURIA,0.38699690402476783,13,8
706350,Summit,2026-07-16 20:20:00,Sentinels,Cloud9,0.10685854255970612,13,4
706350,Haven,2026-07-16 20:20:00,Sentinels,Cloud9,0.10685854255970612,11,13
706350,Lotus,2026-07-16 20:20:00,Sentinels,Cloud9,0.10685854255970612,16,14
698886,Haven,2026-07-17 04:00:00,FULL SENSE,Nongshim RedForce,-0.2007575757575758,3,13
698886,Split,2026-07-17 04:00:00,FULL SENSE,Nongshim RedForce,-0.2007575757575758,13,11
698886,Ascent,2026-07-17 04:00:00,FULL SENSE,Nongshim RedForce,-0.2007575757575758,13,8
712808,Sunset,2026-07-17 13:25:00,Team Vitality,Natus Vincere,0.08695652173913043,9,13
712808,Breeze,2026-07-17 13:25:00,Team Vitality,Natus Vincere,0.08695652173913043,13,6
712808,Split,2026-07-17 13:25:00,Team Vitality,Natus Vincere,0.08695652173913043,13,9
698889,Sunset,2026-07-18 06:35:00,Paper Rex,T1,0.19571428571428573,12,14
698889,Ascent,2026-07-18 06:35:00,Paper Rex,T1,0.19571428571428573,13,11
698889,Breeze,2026-07-18 06:35:00,Paper Rex,T1,0.19571428571428573,15,17
706353,Breeze,2026-07-18 17:00:00,G2 Esports,100 Thieves,0.1821587867975022,4,13
706353,Sunset,2026-07-18 17:00:00,G2 Esports,100 Thieves,0.1821587867975022,16,14
706353,Haven,2026-07-18 17:00:00,G2 Esports,100 Thieves,0.1821587867975022,10,13
706354,Sunset,2026-07-18 20:30:00,NRG,MIBR,0.1689064558629776,9,13
706354,Breeze,2026-07-18 20:30:00,NRG,MIBR,0.1689064558629776,13,11
706354,Summit,2026-07-18 20:30:00,NRG,MIBR,0.1689064558629776,13,4
698890,Split,2026-07-19 04:00:00,Nongshim RedForce,Gen.G,-0.13980660757453667,11,13
698890,Ascent,2026-07-19 04:00:00,Nongshim RedForce,Gen.G,-0.13980660757453667,13,7
698890,Haven,2026-07-19 04:00:00,Nongshim RedForce,Gen.G,-0.13980660757453667,4,13
712814,Split,2026-07-22 11:00:00,FUT Esports,PCIFIC Esports,0.49206349206349204,13,10
712814,Lotus,2026-07-22 11:00:00,FUT Esports,PCIFIC Esports,0.49206349206349204,12,14
712814,Ascent,2026-07-22 11:00:00,FUT Esports,PCIFIC Esports,0.49206349206349204,13,1
712818,Lotus,2026-07-24 11:00:00,FUT Esports,BBL Esports,0.010638297872340441,7,13
712818,Split,2026-07-24 11:00:00,FUT Esports,BBL Esports,0.010638297872340441,13,7
712818,Sunset,2026-07-24 11:00:00,FUT Esports,BBL Esports,0.010638297872340441,13,11
698897,Ascent,2026-07-25 04:00:00,Nongshim RedForce,Global Esports,0.17922077922077917,6,13
698897,Sunset,2026-07-25 04:00:00,Nongshim RedForce,Global Esports,0.17922077922077917,13,7
698897,Breeze,2026-07-25 04:00:00,Nongshim RedForce,Global Esports,0.17922077922077917,13,7
698901,Haven,2026-07-26 05:50:00,Gen.G,Rex Regum Qeon,0.21179361179361184,7,13
698901,Summit,2026-07-26 05:50:00,Gen.G,Rex Regum Qeon,0.21179361179361184,13,11
698901,Sunset,2026-07-26 05:50:00,Gen.G,Rex Regum Qeon,0.21179361179361184,13,5
712822,Haven,2026-07-26 11:00:00,BBL Esports,Natus Vincere,0.07491134751773054,11,13
712822,Ascent,2026-07-26 11:00:00,BBL Esports,Natus Vincere,0.07491134751773054,13,9
712822,Sunset,2026-07-26 11:00:00,BBL Esports,Natus Vincere,0.07491134751773054,13,3
712825,Haven,2026-07-29 13:15:00,Gentle Mates,Team Vitality,-0.13559928443649372,16,14
712825,Split,2026-07-29 13:15:00,Gentle Mates,Team Vitality,-0.13559928443649372,7,13
712825,Ascent,2026-07-29 13:15:00,Gentle Mates,Team Vitality,-0.13559928443649372,9,13
698902,Lotus,2026-07-30 04:00:00,VARREL,DetonatioN FocusMe,-0.18157181571815717,11,13
698902,Haven,2026-07-30 04:00:00,VARREL,DetonatioN FocusMe,-0.18157181571815717,13,15
698902,Ascent,2026-07-30 04:00:00,VARREL,DetonatioN FocusMe,-0.18157181571815717,13,3
698903,Split,2026-07-30 07:15:00,FULL SENSE,ZETA DIVISION,0.10620915032679734,14,12
698903,Sunset,2026-07-30 07:15:00,FULL SENSE,ZETA DIVISION,0.10620915032679734,10,13
698903,Haven,2026-07-30 07:15:00,FULL SENSE,ZETA DIVISION,0.10620915032679734,11,13
706365,Sunset,2026-07-30 19:20:00,100 Thieves,Sentinels,-0.06944444444444442,13,15
706365,Ascent,2026-07-30 19:20:00,100 Thieves,Sentinels,-0.06944444444444442,13,8
706365,Breeze,2026-07-30 19:20:00,100 Thieves,Sentinels,-0.06944444444444442,13,5
698905,Breeze,2026-07-31 06:10:00,Global Esports,Gen.G,-0.3511111111111111,13,8
698905,Sunset,2026-07-31 06:10:00,Global Esports,Gen.G,-0.3511111111111111,12,14
698905,Summit,2026-07-31 06:10:00,Global Esports,Gen.G,-0.3511111111111111,11,13
712828,Lotus,2026-07-31 11:00:00,BBL Esports,Gentle Mates,0.12615955473098328,10,13
712828,Ascent,2026-07-31 11:00:00,BBL Esports,Gentle Mates,0.12615955473098328,13,5
712828,Sunset,2026-07-31 11:00:00,BBL Esports,Gentle Mates,0.12615955473098328,13,10
706366,Haven,2026-07-31 17:00:00,Cloud9,LOUD,0.08510638297872336,13,8
706366,Sunset,2026-07-31 17:00:00,Cloud9,LOUD,0.08510638297872336,8,13
706366,Summit,2026-07-31 17:00:00,Cloud9,LOUD,0.08510638297872336,8,13
698906,Sunset,2026-08-01 04:00:00,T1,DetonatioN FocusMe,0.21160295103957072,5,13
698906,Haven,2026-08-01 04:00:00,T1,DetonatioN FocusMe,0.21160295103957072,13,11
698906,Ascent,2026-08-01 04:00:00,T1,DetonatioN FocusMe,0.21160295103957072,5,13
698907,Summit,2026-08-01 07:25:00,FULL SENSE,Rex Regum Qeon,-0.09325396825396826,9,13
698907,Ascent,2026-08-01 07:25:00,FULL SENSE,Rex Regum Qeon,-0.09325396825396826,13,4
698907,Sunset,2026-08-01 07:25:00,FULL SENSE,Rex Regum Qeon,-0.09325396825396826,8,13
712830,Lotus,2026-08-01 11:00:00,FUT Esports,Team Vitality,-0.007459207459207473,6,13
712830,Haven,2026-08-01 11:00:00,FUT Esports,Team Vitality,-0.007459207459207473,14,12
712830,Split,2026-08-01 11:00:00,FUT Esports,Team Vitality,-0.007459207459207473,6,13
712831,Lotus,2026-08-01 14:10:00,Karmine Corp,Team Liquid,-0.23188405797101447,13,11
712831,Summit,2026-08-01 14:10:00,Karmine Corp,Team Liquid,-0.23188405797101447,11,13
712831,Haven,2026-08-01 14:10:00,Karmine Corp,Team Liquid,-0.23188405797101447,13,11
706368,Haven,2026-08-01 17:00:00,ENVY,FURIA,0.21794871794871795,15,17
706368,Sunset,2026-08-01 17:00:00,ENVY,FURIA,0.21794871794871795,13,9
706368,Ascent,2026-08-01 17:00:00,ENVY,FURIA,0.21794871794871795,13,6
706369,Summit,2026-08-01 21:00:00,LEVIATÁN,NRG,0.12401656314699794,10,13
706369,Sunset,2026-08-01 21:00:00,LEVIATÁN,NRG,0.12401656314699794,13,6
706369,Haven,2026-08-01 21:00:00,LEVIATÁN,NRG,0.12401656314699794,14,16
698909,Sunset,2026-08-02 07:00:00,ZETA DIVISION,Nongshim RedForce,-0.23123123123123124,13,10
698909,Breeze,2026-08-02 07:00:00,ZETA DIVISION,Nongshim RedForce,-0.23123123123123124,13,15
698909,Haven,2026-08-02 07:00:00,ZETA DIVISION,Nongshim RedForce,-0.23123123123123124,0,13
712832,Sunset,2026-08-02 11:00:00,BBL Esports,PCIFIC Esports,0.5,13,7
712832,Lotus,2026-08-02 11:00:00,BBL Esports,PCIFIC Esports,0.5,9,13
712832,Ascent,2026-08-02 11:00:00,BBL Esports,PCIFIC Esports,0.5,13,7
706371,Breeze,2026-08-02 19:05:00,G2 Esports,Sentinels,0.10502283105022825,11,13
706371,Lotus,2026-08-02 19:05:00,G2 Esports,Sentinels,0.10502283105022825,13,10
706371,Split,2026-08-02 19:05:00,G2 Esports,Sentinels,0.10502283105022825,13,8
