match_id,map_name,date,team1,team2,diff_win_rate,diff_attack_win_rate,diff_defense_win_rate,avg_map_rounds,target
220296,Fracture,2023-06-11 01:45:00,DRX,Attacking Soul Esports,0.0,0.0,0.0,21.18957345971564,1
220296,Pearl,2023-06-11 01:45:00,DRX,Attacking Soul Esports,0.0,0.0,0.0,21.221830985915492,1
220298,Fracture,2023-06-12 02:30:00,DRX,Evil Geniuses,0.5,0.5,0.5,21.18957345971564,0
220298,Lotus,2023-06-12 02:30:00,DRX,Evil Geniuses,0.5,0.5,0.5,21.276412776412776,0
220298,Fracture,2023-06-12 02:30:00,DRX,Evil Geniuses,0.5,0.5,0.5,21.18957345971564,0
220298,Ascent,2023-06-12 02:30:00,DRX,Evil Geniuses,0.5,0.5,0.5,21.038961038961038,0
220299,Haven,2023-06-13 02:45:00,Attacking Soul Esports,FUT Esports,-0.5,0.5,0.5,21.159926470588236,1
220299,Ascent,2023-06-13 02:45:00,Attacking Soul Esports,FUT Esports,-0.5,0.5,0.5,21.038961038961038,0
220299,Lotus,2023-06-13 02:45:00,Attacking Soul Esports,FUT Esports,-0.5,0.5,0.5,21.276412776412776,0
220294,Pearl,2023-06-13 05:45:00,Natus Vincere,EDward Gaming,-0.5,0.5,0.5,21.221830985915492,0
220294,Bind,2023-06-13 05:45:00,Natus Vincere,EDward Gaming,-0.5,0.5,0.5,21.575418994413408,0
220300,Bind,2023-06-13 23:00:00,DRX,FUT Esports,-0.5,0.0,0.0,21.575418994413408,0
220300,Fracture,2023-06-13 23:00:00,DRX,FUT Esports,-0.5,0.0,0.0,21.18957345971564,1
220300,Haven,2023-06-13 23:00:00,DRX,FUT Esports,-0.5,0.0,0.0,21.159926470588236,1
220295,Fracture,2023-06-14 02:15:00,T1,EDward Gaming,-1.0,0.0,0.0,21.18957345971564,0
220295,Haven,2023-06-14 02:15:00,T1,EDward Gaming,-1.0,0.0,0.0,21.159926470588236,0
220444,Fracture,2023-06-15 23:00:00,LOUD,Evil Geniuses,-0.5,-0.5,-0.5,21.18957345971564,0
220444,Ascent,2023-06-15 23:00:00,LOUD,Evil Geniuses,-0.5,-0.5,-0.5,21.038961038961038,0
220444,Fracture,2023-06-15 23:00:00,LOUD,Evil Geniuses,-0.5,-0.5,-0.5,21.18957345971564,1
220444,Ascent,2023-06-15 23:00:00,LOUD,Evil Geniuses,-0.5,-0.5,-0.5,21.038961038961038,0
220444,Bind,2023-06-15 23:00:00,LOUD,Evil Geniuses,-0.5,-0.5,-0.5,21.575418994413408,1
220443,Haven,2023-06-16 01:30:00,Team Liquid,EDward Gaming,-0.5,-0.5,-0.5,21.159926470588236,1
220443,Split,2023-06-16 01:30:00,Team Liquid,EDward Gaming,-0.5,-0.5,-0.5,21.295289855072465,0
220443,Lotus,2023-06-16 01:30:00,Team Liquid,EDward Gaming,-0.5,-0.5,-0.5,21.276412776412776,1
220441,Split,2023-06-17 01:30:00,Paper Rex,DRX,-0.16666666666666663,-0.5,-0.5,21.295289855072465,1
220441,Bind,2023-06-17 01:30:00,Paper Rex,DRX,-0.16666666666666663,-0.5,-0.5,21.575418994413408,1
220441,Ascent,2023-06-17 01:30:00,Paper Rex,DRX,-0.16666666666666663,-0.5,-0.5,21.038961038961038,0
220441,Split,2023-06-17 01:30:00,Paper Rex,DRX,-0.16666666666666663,-0.5,-0.5,21.295289855072465,0
220441,Fracture,2023-06-17 01:30:00,Paper Rex,DRX,-0.16666666666666663,-0.5,-0.5,21.18957345971564,0
220441,Ascent,2023-06-17 01:30:00,Paper Rex,DRX,-0.16666666666666663,-0.5,-0.5,21.038961038961038,0
220441,Pearl,2023-06-17 01:30:00,Paper Rex,DRX,-0.16666666666666663,-0.5,-0.5,21.221830985915492,1
220441,Bind,2023-06-17 01:30:00,Paper Rex,DRX,-0.16666666666666663,-0.5,-0.5,21.575418994413408,1
220441,Lotus,2023-06-17 01:30:00,Paper Rex,DRX,-0.16666666666666663,-0.5,-0.5,21.276412776412776,1
220450,Lotus,2023-06-17 23:00:00,EDward Gaming,LOUD,0.6666666666666666,0.0,0.0,21.276412776412776,1
220450,Fracture,2023-06-17 23:00:00,EDward Gaming,LOUD,0.6666666666666666,0.0,0.0,21.18957345971564,1
220446,Fracture,2023-06-18 23:00:00,Team Liquid,Evil Geniuses,0.0,0.0,0.0,21.18957345971564,0
220446,Haven,2023-06-18 23:00:00,Team Liquid,Evil Geniuses,0.0,0.0,0.0,21.159926470588236,0
220452,Fracture,2023-06-20 02:45:00,Paper Rex,EDward Gaming,-0.25,0.0,0.0,21.18957345971564,1
220452,Pearl,2023-06-20 02:45:00,Paper Rex,EDward Gaming,-0.25,0.0,0.0,21.221830985915492,1
220452,Fracture,2023-06-20 02:45:00,Paper Rex,EDward Gaming,-0.25,0.0,0.0,21.18957345971564,1
220452,Split,2023-06-20 02:45:00,Paper Rex,EDward Gaming,-0.25,0.0,0.0,21.295289855072465,0
220452,Lotus,2023-06-20 02:45:00,Paper Rex,EDward Gaming,-0.25,0.0,0.0,21.276412776412776,1
220454,Fracture,2023-06-23 23:00:00,Evil Geniuses,Paper Rex,0.0,0.0,0.0,21.18957345971564,1
220454,Lotus,2023-06-23 23:00:00,Evil Geniuses,Paper Rex,0.0,0.0,0.0,21.276412776412776,0
220454,Split,2023-06-23 23:00:00,Evil Geniuses,Paper Rex,0.0,0.0,0.0,21.295289855072465,0
220454,Pearl,2023-06-23 23:00:00,Evil Geniuses,Paper Rex,0.0,0.0,0.0,21.221830985915492,1
220454,Ascent,2023-06-23 23:00:00,Evil Geniuses,Paper Rex,0.0,0.0,0.0,21.038961038961038,1
248271,Ascent,2023-08-16 17:25:00,Paper Rex,FUT Esports,0.09999999999999998,0.0,0.0,21.038961038961038,1
248271,Pearl,2023-08-16 17:25:00,Paper Rex,FUT Esports,0.09999999999999998,0.0,0.0,21.221830985915492,1
248272,Lotus,2023-08-17 15:00:00,DRX,Bilibili Gaming,-0.09999999999999998,0.5,0.5,21.276412776412776,1
248272,Haven,2023-08-17 15:00:00,DRX,Bilibili Gaming,-0.09999999999999998,0.5,0.5,21.159926470588236,1
295606,Icebox,2024-02-16 20:00:00,Cloud9,MIBR,0.0,0.0,0.0,21.217090069284065,1
295606,Sunset,2024-02-16 20:00:00,Cloud9,MIBR,0.0,0.0,0.0,21.045673076923077,1
295606,Bind,2024-02-16 20:00:00,Cloud9,MIBR,0.0,0.0,0.0,21.575418994413408,1
295606,Split,2024-02-16 20:00:00,Cloud9,MIBR,0.0,0.0,0.0,21.295289855072465,0
295606,Lotus,2024-02-16 20:00:00,Cloud9,MIBR,0.0,0.0,0.0,21.276412776412776,1
295606,Bind,2024-02-16 20:00:00,Cloud9,MIBR,0.0,0.0,0.0,21.575418994413408,0
295606,Ascent,2024-02-16 20:00:00,Cloud9,MIBR,0.0,0.0,0.0,21.038961038961038,0
296735,Bind,2024-02-17 01:00:00,T1,BLEED,-0.5,0.5,0.5,21.575418994413408,1
296735,Lotus,2024-02-17 01:00:00,T1,BLEED,-0.5,0.5,0.5,21.276412776412776,0
296735,Ascent,2024-02-17 01:00:00,T1,BLEED,-0.5,0.5,0.5,21.038961038961038,1
296735,Breeze,2024-02-17 01:00:00,T1,BLEED,-0.5,0.5,0.5,21.06774193548387,1
296735,Lotus,2024-02-17 01:00:00,T1,BLEED,-0.5,0.5,0.5,21.276412776412776,1
296745,Haven,2024-02-17 08:45:00,Gen.G,Rex Regum Qeon,0.0,0.0,0.0,21.159926470588236,1
296745,Bind,2024-02-17 08:45:00,Gen.G,Rex Regum Qeon,0.0,0.0,0.0,21.575418994413408,1
296745,Breeze,2024-02-17 08:45:00,Gen.G,Rex Regum Qeon,0.0,0.0,0.0,21.06774193548387,1
296745,Ascent,2024-02-17 08:45:00,Gen.G,Rex Regum Qeon,0.0,0.0,0.0,21.038961038961038,0
296745,Split,2024-02-17 08:45:00,Gen.G,Rex Regum Qeon,0.0,0.0,0.0,21.295289855072465,0
296745,Icebox,2024-02-17 08:45:00,Gen.G,Rex Regum Qeon,0.0,0.0,0.0,21.217090069284065,1
296745,Split,2024-02-17 08:45:00,Gen.G,Rex Regum Qeon,0.0,0.0,0.0,21.295289855072465,0
296745,Sunset,2024-02-17 08:45:00,Gen.G,Rex Regum Qeon,0.0,0.0,0.0,21.045673076923077,1
296745,Lotus,2024-02-17 08:45:00,Gen.G,Rex Regum Qeon,0.0,0.0,0.0,21.276412776412776,1
296745,Breeze,2024-02-17 08:45:00,Gen.G,Rex Regum Qeon,0.0,0.0,0.0,21.06774193548387,0
296745,Icebox,2024-02-17 08:45:00,Gen.G,Rex Regum Qeon,0.0,0.0,0.0,21.217090069284065,1
295610,Split,2024-02-17 17:00:00,LOUD,Sentinels,-0.16666666666666669,0.5,0.5,21.295289855072465,1
295610,Ascent,2024-02-17 17:00:00,LOUD,Sentinels,-0.16666666666666669,0.5,0.5,21.038961038961038,1
295610,Sunset,2024-02-17 17:00:00,LOUD,Sentinels,-0.16666666666666669,0.5,0.5,21.045673076923077,0
295610,Split,2024-02-17 17:00:00,LOUD,Sentinels,-0.16666666666666669,0.5,0.5,21.295289855072465,0
295610,Icebox,2024-02-17 17:00:00,LOUD,Sentinels,-0.16666666666666669,0.5,0.5,21.217090069284065,1
295610,Bind,2024-02-17 17:00:00,LOUD,Sentinels,-0.16666666666666669,0.5,0.5,21.575418994413408,1
295610,Lotus,2024-02-17 17:00:00,LOUD,Sentinels,-0.16666666666666669,0.5,0.5,21.276412776412776,0
295611,Bind,2024-02-17 19:35:00,LEVIATÁN,100 Thieves,0.0,0.0,0.0,21.575418994413408,1
295611,Haven,2024-02-17 19:35:00,LEVIATÁN,100 Thieves,0.0,0.0,0.0,21.159926470588236,1
295611,Bind,2024-02-17 19:35:00,LEVIATÁN,100 Thieves,0.0,0.0,0.0,21.575418994413408,0
295611,Sunset,2024-02-17 19:35:00,LEVIATÁN,100 Thieves,0.0,0.0,0.0,21.045673076923077,1
295611,Icebox,2024-02-17 19:35:00,LEVIATÁN,100 Thieves,0.0,0.0,0.0,21.217090069284065,0
295611,Bind,2024-02-17 19:35:00,LEVIATÁN,100 Thieves,0.0,0.0,0.0,21.575418994413408,1
295611,Split,2024-02-17 19:35:00,LEVIATÁN,100 Thieves,0.0,0.0,0.0,21.295289855072465,0
295611,Icebox,2024-02-17 19:35:00,LEVIATÁN,100 Thieves,0.0,0.0,0.0,21.217090069284065,1
296730,Bind,2024-02-18 01:00:00,ZETA DIVISION,Global Esports,0.0,0.0,0.0,21.575418994413408,1
296730,Icebox,2024-02-18 01:00:00,ZETA DIVISION,Global Esports,0.0,0.0,0.0,21.217090069284065,1
296730,Bind,2024-02-18 01:00:00,ZETA DIVISION,Global Esports,0.0,0.0,0.0,21.575418994413408,1
296730,Lotus,2024-02-18 01:00:00,ZETA DIVISION,Global Esports,0.0,0.0,0.0,21.276412776412776,1
296731,Lotus,2024-02-18 03:30:00,Team Secret,Talon Esports,0.0,0.0,0.0,21.276412776412776,0
296731,Abyss,2024-02-18 03:30:00,Team Secret,Talon Esports,0.0,0.0,0.0,21.180487804878048,0
296731,Sunset,2024-02-18 03:30:00,Team Secret,Talon Esports,0.0,0.0,0.0,21.045673076923077,1
296731,Lotus,2024-02-18 03:30:00,Team Secret,Talon Esports,0.0,0.0,0.0,21.276412776412776,0
296731,Breeze,2024-02-18 03:30:00,Team Secret,Talon Esports,0.0,0.0,0.0,21.06774193548387,0
296731,Breeze,2024-02-18 03:30:00,Team Secret,Talon Esports,0.0,0.0,0.0,21.06774193548387,0
296731,Ascent,2024-02-18 03:30:00,Team Secret,Talon Esports,0.0,0.0,0.0,21.038961038961038,0
296736,Icebox,2024-02-18 05:30:00,DRX,DetonatioN FocusMe,0.0,0.5,0.5,21.217090069284065,1
296736,Ascent,2024-02-18 05:30:00,DRX,DetonatioN FocusMe,0.0,0.5,0.5,21.038961038961038,0
296736,Haven,2024-02-18 05:30:00,DRX,DetonatioN FocusMe,0.0,0.5,0.5,21.159926470588236,1
296736,Lotus,2024-02-18 05:30:00,DRX,DetonatioN FocusMe,0.0,0.5,0.5,21.276412776412776,1
296736,Breeze,2024-02-18 05:30:00,DRX,DetonatioN FocusMe,0.0,0.5,0.5,21.06774193548387,1
296747,Lotus,2024-02-19 01:00:00,Gen.G,Paper Rex,0.33333333333333337,0.0,0.0,21.276412776412776,1
296747,Icebox,2024-02-19 01:00:00,Gen.G,Paper Rex,0.33333333333333337,0.0,0.0,21.217090069284065,0
296747,Bind,2024-02-19 01:00:00,Gen.G,Paper Rex,0.33333333333333337,0.0,0.0,21.575418994413408,0
296747,Split,2024-02-19 01:00:00,Gen.G,Paper Rex,0.33333333333333337,0.0,0.0,21.295289855072465,1
296747,Lotus,2024-02-19 01:00:00,Gen.G,Paper Rex,0.33333333333333337,0.0,0.0,21.276412776412776,1
296747,Breeze,2024-02-19 01:00:00,Gen.G,Paper Rex,0.33333333333333337,0.0,0.0,21.06774193548387,1
296747,Lotus,2024-02-19 01:00:00,Gen.G,Paper Rex,0.33333333333333337,0.0,0.0,21.276412776412776,0
296747,Sunset,2024-02-19 01:00:00,Gen.G,Paper Rex,0.33333333333333337,0.0,0.0,21.045673076923077,0
296738,Sunset,2024-02-19 04:15:00,BLEED,Global Esports,0.0,0.0,0.0,21.045673076923077,0
296738,Icebox,2024-02-19 04:15:00,BLEED,Global Esports,0.0,0.0,0.0,21.217090069284065,1
296738,Split,2024-02-19 04:15:00,BLEED,Global Esports,0.0,0.0,0.0,21.295289855072465,0
296737,Bind,2024-02-19 08:00:00,T1,ZETA DIVISION,-0.6666666666666667,0.0,0.0,21.575418994413408,0
296737,Lotus,2024-02-19 08:00:00,T1,ZETA DIVISION,-0.6666666666666667,0.0,0.0,21.276412776412776,1
296737,Sunset,2024-02-19 08:00:00,T1,ZETA DIVISION,-0.6666666666666667,0.0,0.0,21.045673076923077,1
296737,Ascent,2024-02-19 08:00:00,T1,ZETA DIVISION,-0.6666666666666667,0.0,0.0,21.038961038961038,0
296737,Lotus,2024-02-19 08:00:00,T1,ZETA DIVISION,-0.6666666666666667,0.0,0.0,21.276412776412776,1
296737,Sunset,2024-02-19 08:00:00,T1,ZETA DIVISION,-0.6666666666666667,0.0,0.0,21.045673076923077,1
295608,Split,2024-02-19 17:00:00,FURIA,MIBR,0.0,0.0,0.0,21.295289855072465,0
295608,Breeze,2024-02-19 17:00:00,FURIA,MIBR,0.0,0.0,0.0,21.06774193548387,0
295613,Haven,2024-02-19 19:45:00,Sentinels,100 Thieves,0.0,0.0,0.0,21.159926470588236,0
295613,Ascent,2024-02-19 19:45:00,Sentinels,100 Thieves,0.0,0.0,0.0,21.038961038961038,0
295613,Icebox,2024-02-19 19:45:00,Sentinels,100 Thieves,0.0,0.0,0.0,21.217090069284065,1
295613,Split,2024-02-19 19:45:00,Sentinels,100 Thieves,0.0,0.0,0.0,21.295289855072465,1
295613,Lotus,2024-02-19 19:45:00,Sentinels,100 Thieves,0.0,0.0,0.0,21.276412776412776,1
295613,Bind,2024-02-19 19:45:00,Sentinels,100 Thieves,0.0,0.0,0.0,21.575418994413408,0
295613,Split,2024-02-19 19:45:00,Sentinels,100 Thieves,0.0,0.0,0.0,21.295289855072465,1
296733,Lotus,2024-02-20 03:00:00,DetonatioN FocusMe,Team Secret,0.0,0.0,0.0,21.276412776412776,0
296733,Breeze,2024-02-20 03:00:00,DetonatioN FocusMe,Team Secret,0.0,0.0,0.0,21.06774193548387,0
296732,Ascent,2024-02-20 05:20:00,DRX,Talon Esports,-0.4285714285714286,0.0,0.0,21.038961038961038,0
296732,Haven,2024-02-20 05:20:00,DRX,Talon Esports,-0.4285714285714286,0.0,0.0,21.159926470588236,1
296732,Icebox,2024-02-20 05:20:00,DRX,Talon Esports,-0.4285714285714286,0.0,0.0,21.217090069284065,1
296732,Ascent,2024-02-20 05:20:00,DRX,Talon Esports,-0.4285714285714286,0.0,0.0,21.038961038961038,1
296732,Abyss,2024-02-20 05:20:00,DRX,Talon Esports,-0.4285714285714286,0.0,0.0,21.180487804878048,1
296732,Split,2024-02-20 05:20:00,DRX,Talon Esports,-0.4285714285714286,0.0,0.0,21.295289855072465,1
296732,Ascent,2024-02-20 05:20:00,DRX,Talon Esports,-0.4285714285714286,0.0,0.0,21.038961038961038,1
297401,Lotus,2024-02-20 11:00:00,FUT Esports,Team Heretics,-0.16666666666666669,0.5,0.5,21.276412776412776,0
297401,Split,2024-02-20 11:00:00,FUT Esports,Team Heretics,-0.16666666666666669,0.5,0.5,21.295289855072465,0
297401,Lotus,2024-02-20 11:00:00,FUT Esports,Team Heretics,-0.16666666666666669,0.5,0.5,21.276412776412776,0
297401,Bind,2024-02-20 11:00:00,FUT Esports,Team Heretics,-0.16666666666666669,0.5,0.5,21.575418994413408,0
297402,Split,2024-02-20 13:35:00,GIANTX,Karmine Corp,0.0,0.0,0.0,21.295289855072465,0
297402,Sunset,2024-02-20 13:35:00,GIANTX,Karmine Corp,0.0,0.0,0.0,21.045673076923077,1
297402,Lotus,2024-02-20 13:35:00,GIANTX,Karmine Corp,0.0,0.0,0.0,21.276412776412776,0
296749,Haven,2024-02-21 01:00:00,Gen.G,Rex Regum Qeon,0.5,0.0,0.0,21.159926470588236,1
296749,Bind,2024-02-21 01:00:00,Gen.G,Rex Regum Qeon,0.5,0.0,0.0,21.575418994413408,1
296749,Breeze,2024-02-21 01:00:00,Gen.G,Rex Regum Qeon,0.5,0.0,0.0,21.06774193548387,1
296749,Ascent,2024-02-21 01:00:00,Gen.G,Rex Regum Qeon,0.5,0.0,0.0,21.038961038961038,0
296749,Split,2024-02-21 01:00:00,Gen.G,Rex Regum Qeon,0.5,0.0,0.0,21.295289855072465,0
296749,Icebox,2024-02-21 01:00:00,Gen.G,Rex Regum Qeon,0.5,0.0,0.0,21.217090069284065,1
296749,Split,2024-02-21 01:00:00,Gen.G,Rex Regum Qeon,0.5,0.0,0.0,21.295289855072465,0
296749,Sunset,2024-02-21 01:00:00,Gen.G,Rex Regum Qeon,0.5,0.0,0.0,21.045673076923077,1
296749,Lotus,2024-02-21 01:00:00,Gen.G,Rex Regum Qeon,0.5,0.0,0.0,21.276412776412776,1
296749,Breeze,2024-02-21 01:00:00,Gen.G,Rex Regum Qeon,0.5,0.0,0.0,21.06774193548387,0
296749,Icebox,2024-02-21 01:00:00,Gen.G,Rex Regum Qeon,0.5,0.0,0.0,21.217090069284065,1
296734,Breeze,2024-02-21 04:30:00,Talon Esports,Team Secret,0.0,0.0,0.0,21.06774193548387,0
296734,Ascent,2024-02-21 04:30:00,Talon Esports,Team Secret,0.0,0.0,0.0,21.038961038961038,0
296739,Bind,2024-02-21 07:15:00,ZETA DIVISION,Global Esports,0.0,0.0,0.0,21.575418994413408,1
296739,Icebox,2024-02-21 07:15:00,ZETA DIVISION,Global Esports,0.0,0.0,0.0,21.217090069284065,1
296739,Bind,2024-02-21 07:15:00,ZETA DIVISION,Global Esports,0.0,0.0,0.0,21.575418994413408,1
296739,Lotus,2024-02-21 07:15:00,ZETA DIVISION,Global Esports,0.0,0.0,0.0,21.276412776412776,1
297406,Bind,2024-02-21 08:00:00,Natus Vincere,BBL Esports,-0.5,0.5,0.5,21.575418994413408,0
297406,Ascent,2024-02-21 08:00:00,Natus Vincere,BBL Esports,-0.5,0.5,0.5,21.038961038961038,1
297406,Breeze,2024-02-21 08:00:00,Natus Vincere,BBL Esports,-0.5,0.5,0.5,21.06774193548387,1
297407,Icebox,2024-02-21 11:00:00,Team Liquid,KOI,-0.16666666666666669,0.5,0.5,21.217090069284065,1
297407,Bind,2024-02-21 11:00:00,Team Liquid,KOI,-0.16666666666666669,0.5,0.5,21.575418994413408,1
297407,Sunset,2024-02-21 11:00:00,Team Liquid,KOI,-0.16666666666666669,0.5,0.5,21.045673076923077,0
297407,Icebox,2024-02-21 11:00:00,Team Liquid,KOI,-0.16666666666666669,0.5,0.5,21.217090069284065,1
297407,Split,2024-02-21 11:00:00,Team Liquid,KOI,-0.16666666666666669,0.5,0.5,21.295289855072465,0
297412,Icebox,2024-02-21 13:45:00,Team Vitality,Gentle Mates,0.0,0.0,0.0,21.217090069284065,0
297412,Sunset,2024-02-21 13:45:00,Team Vitality,Gentle Mates,0.0,0.0,0.0,21.045673076923077,0
297412,Sunset,2024-02-21 13:45:00,Team Vitality,Gentle Mates,0.0,0.0,0.0,21.045673076923077,1
297412,Lotus,2024-02-21 13:45:00,Team Vitality,Gentle Mates,0.0,0.0,0.0,21.276412776412776,1
297412,Breeze,2024-02-21 13:45:00,Team Vitality,Gentle Mates,0.0,0.0,0.0,21.06774193548387,0
297412,Lotus,2024-02-21 13:45:00,Team Vitality,Gentle Mates,0.0,0.0,0.0,21.276412776412776,1
297412,Sunset,2024-02-21 13:45:00,Team Vitality,Gentle Mates,0.0,0.0,0.0,21.045673076923077,1
297254,Breeze,2024-02-22 01:00:00,Team Secret,Gen.G,0.0,0.0,0.0,21.06774193548387,1
297254,Lotus,2024-02-22 01:00:00,Team Secret,Gen.G,0.0,0.0,0.0,21.276412776412776,0
297254,Icebox,2024-02-22 01:00:00,Team Secret,Gen.G,0.0,0.0,0.0,21.217090069284065,0
298687,Ascent,2024-02-22 04:00:00,Trace Esports,TYLOO,0.0,0.0,0.0,21.038961038961038,1
298687,Sunset,2024-02-22 04:00:00,Trace Esports,TYLOO,0.0,0.0,0.0,21.045673076923077,1
297253,Icebox,2024-02-22 04:20:00,ZETA DIVISION,Team Secret,0.16666666666666663,0.0,0.0,21.217090069284065,0
297253,Ascent,2024-02-22 04:20:00,ZETA DIVISION,Team Secret,0.16666666666666663,0.0,0.0,21.038961038961038,0
298688,Lotus,2024-02-22 06:05:00,FunPlus Phoenix,Nova Esports,0.0,0.0,0.0,21.276412776412776,1
298688,Sunset,2024-02-22 06:05:00,FunPlus Phoenix,Nova Esports,0.0,0.0,0.0,21.045673076923077,1
297255,Split,2024-02-22 06:30:00,Gen.G,ZETA DIVISION,0.25,0.0,0.0,21.295289855072465,1
297255,Ascent,2024-02-22 06:30:00,Gen.G,ZETA DIVISION,0.25,0.0,0.0,21.038961038961038,1
297255,Icebox,2024-02-22 06:30:00,Gen.G,ZETA DIVISION,0.25,0.0,0.0,21.217090069284065,1
297255,Ascent,2024-02-22 06:30:00,Gen.G,ZETA DIVISION,0.25,0.0,0.0,21.038961038961038,1
297403,Split,2024-02-22 11:00:00,Team Heretics,Karmine Corp,0.0,0.0,0.0,21.295289855072465,1
297403,Lotus,2024-02-22 11:00:00,Team Heretics,Karmine Corp,0.0,0.0,0.0,21.276412776412776,1
297403,Sunset,2024-02-22 11:00:00,Team Heretics,Karmine Corp,0.0,0.0,0.0,21.045673076923077,1
297403,Lotus,2024-02-22 11:00:00,Team Heretics,Karmine Corp,0.0,0.0,0.0,21.276412776412776,0
297403,Icebox,2024-02-22 11:00:00,Team Heretics,Karmine Corp,0.0,0.0,0.0,21.217090069284065,0
297403,Split,2024-02-22 11:00:00,Team Heretics,Karmine Corp,0.0,0.0,0.0,21.295289855072465,0
297404,Split,2024-02-22 13:10:00,FUT Esports,GIANTX,0.25,0.0,0.0,21.295289855072465,1
297404,Lotus,2024-02-22 13:10:00,FUT Esports,GIANTX,0.25,0.0,0.0,21.276412776412776,1
297404,Split,2024-02-22 13:10:00,FUT Esports,GIANTX,0.25,0.0,0.0,21.295289855072465,1
297404,Icebox,2024-02-22 13:10:00,FUT Esports,GIANTX,0.25,0.0,0.0,21.217090069284065,0
297404,Sunset,2024-02-22 13:10:00,FUT Esports,GIANTX,0.25,0.0,0.0,21.045673076923077,1
298692,Lotus,2024-02-23 02:00:00,JDG Esports,Titan Esports Club,0.0,0.0,0.0,21.276412776412776,0
298692,Bind,2024-02-23 02:00:00,JDG Esports,Titan Esports Club,0.0,0.0,0.0,21.575418994413408,0
298693,Icebox,2024-02-23 04:55:00,Dragon Ranger Gaming,All Gamers,0.0,0.0,0.0,21.217090069284065,1
298693,Sunset,2024-02-23 04:55:00,Dragon Ranger Gaming,All Gamers,0.0,0.0,0.0,21.045673076923077,0
298693,Breeze,2024-02-23 04:55:00,Dragon Ranger Gaming,All Gamers,0.0,0.0,0.0,21.06774193548387,0
298693,Sunset,2024-02-23 04:55:00,Dragon Ranger Gaming,All Gamers,0.0,0.0,0.0,21.045673076923077,1
298693,Ascent,2024-02-23 04:55:00,Dragon Ranger Gaming,All Gamers,0.0,0.0,0.0,21.038961038961038,1
298697,Sunset,2024-02-23 07:05:00,Bilibili Gaming,Wolves Esports,-0.5,0.5,0.5,21.045673076923077,1
298697,Bind,2024-02-23 07:05:00,Bilibili Gaming,Wolves Esports,-0.5,0.5,0.5,21.575418994413408,1
298697,Ascent,2024-02-23 07:05:00,Bilibili Gaming,Wolves Esports,-0.5,0.5,0.5,21.038961038961038,0
298697,Icebox,2024-02-23 07:05:00,Bilibili Gaming,Wolves Esports,-0.5,0.5,0.5,21.217090069284065,0
297408,Split,2024-02-23 08:00:00,Natus Vincere,Team Liquid,-0.16666666666666669,0.0,0.0,21.295289855072465,1
297408,Breeze,2024-02-23 08:00:00,Natus Vincere,Team Liquid,-0.16666666666666669,0.0,0.0,21.06774193548387,1
297409,Breeze,2024-02-23 10:10:00,BBL Esports,KOI,0.0,0.0,0.0,21.06774193548387,1
297409,Icebox,2024-02-23 10:10:00,BBL Esports,KOI,0.0,0.0,0.0,21.217090069284065,1
297409,Bind,2024-02-23 10:10:00,BBL Esports,KOI,0.0,0.0,0.0,21.575418994413408,0
297409,Split,2024-02-23 10:10:00,BBL Esports,KOI,0.0,0.0,0.0,21.295289855072465,0
295612,Lotus,2024-02-23 19:25:00,LOUD,LEVIATÁN,-0.5,0.0,0.0,21.276412776412776,0
295612,Icebox,2024-02-23 19:25:00,LOUD,LEVIATÁN,-0.5,0.0,0.0,21.217090069284065,0
295612,Bind,2024-02-23 19:25:00,LOUD,LEVIATÁN,-0.5,0.0,0.0,21.575418994413408,0
295612,Split,2024-02-23 19:25:00,LOUD,LEVIATÁN,-0.5,0.0,0.0,21.295289855072465,1
295612,Ascent,2024-02-23 19:25:00,LOUD,LEVIATÁN,-0.5,0.0,0.0,21.038961038961038,1
297256,Lotus,2024-02-24 03:00:00,T1,Paper Rex,-0.2142857142857143,0.0,0.0,21.276412776412776,0
297256,Bind,2024-02-24 03:00:00,T1,Paper Rex,-0.2142857142857143,0.0,0.0,21.575418994413408,0
297256,Lotus,2024-02-24 03:00:00,T1,Paper Rex,-0.2142857142857143,0.0,0.0,21.276412776412776,0
297256,Sunset,2024-02-24 03:00:00,T1,Paper Rex,-0.2142857142857143,0.0,0.0,21.045673076923077,0
297256,Split,2024-02-24 03:00:00,T1,Paper Rex,-0.2142857142857143,0.0,0.0,21.295289855072465,0
297256,Ascent,2024-02-24 03:00:00,T1,Paper Rex,-0.2142857142857143,0.0,0.0,21.038961038961038,0
298690,Icebox,2024-02-24 04:00:00,TYLOO,Nova Esports,0.0,0.0,0.0,21.217090069284065,0
298690,Ascent,2024-02-24 04:00:00,TYLOO,Nova Esports,0.0,0.0,0.0,21.038961038961038,1
298690,Split,2024-02-24 04:00:00,TYLOO,Nova Esports,0.0,0.0,0.0,21.295289855072465,1
298690,Ascent,2024-02-24 04:00:00,TYLOO,Nova Esports,0.0,0.0,0.0,21.038961038961038,0
298690,Split,2024-02-24 04:00:00,TYLOO,Nova Esports,0.0,0.0,0.0,21.295289855072465,0
297257,Bind,2024-02-24 05:25:00,DRX,Gen.G,-0.17500000000000004,0.0,0.0,21.575418994413408,0
297257,Lotus,2024-02-24 05:25:00,DRX,Gen.G,-0.17500000000000004,0.0,0.0,21.276412776412776,0
298695,Haven,2024-02-24 06:25:00,JDG Esports,All Gamers,-1.0,0.0,0.0,21.159926470588236,1
298695,Icebox,2024-02-24 06:25:00,JDG Esports,All Gamers,-1.0,0.0,0.0,21.217090069284065,1
298695,Icebox,2024-02-24 06:25:00,JDG Esports,All Gamers,-1.0,0.0,0.0,21.217090069284065,1
298695,Sunset,2024-02-24 06:25:00,JDG Esports,All Gamers,-1.0,0.0,0.0,21.045673076923077,1
295617,Lotus,2024-02-24 17:00:00,G2 Esports,Evil Geniuses,0.33333333333333337,0.0,0.0,21.276412776412776,1
295617,Icebox,2024-02-24 17:00:00,G2 Esports,Evil Geniuses,0.33333333333333337,0.0,0.0,21.217090069284065,1
295617,Sunset,2024-02-24 17:00:00,G2 Esports,Evil Geniuses,0.33333333333333337,0.0,0.0,21.045673076923077,0
295617,Icebox,2024-02-24 17:00:00,G2 Esports,Evil Geniuses,0.33333333333333337,0.0,0.0,21.217090069284065,0
298689,Lotus,2024-02-25 02:00:00,Trace Esports,FunPlus Phoenix,0.0,0.0,0.0,21.276412776412776,1
298689,Ascent,2024-02-25 02:00:00,Trace Esports,FunPlus Phoenix,0.0,0.0,0.0,21.038961038961038,1
298689,Abyss,2024-02-25 02:00:00,Trace Esports,FunPlus Phoenix,0.0,0.0,0.0,21.180487804878048,0
298689,Bind,2024-02-25 02:00:00,Trace Esports,FunPlus Phoenix,0.0,0.0,0.0,21.575418994413408,0
298689,Haven,2024-02-25 02:00:00,Trace Esports,FunPlus Phoenix,0.0,0.0,0.0,21.159926470588236,0
298689,Sunset,2024-02-25 02:00:00,Trace Esports,FunPlus Phoenix,0.0,0.0,0.0,21.045673076923077,0
298689,Bind,2024-02-25 02:00:00,Trace Esports,FunPlus Phoenix,0.0,0.0,0.0,21.575418994413408,1
298689,Lotus,2024-02-25 02:00:00,Trace Esports,FunPlus Phoenix,0.0,0.0,0.0,21.276412776412776,0
297258,Ascent,2024-02-25 03:00:00,Paper Rex,Gen.G,-0.08333333333333337,0.0,0.0,21.038961038961038,0
297258,Icebox,2024-02-25 03:00:00,Paper Rex,Gen.G,-0.08333333333333337,0.0,0.0,21.217090069284065,0
297258,Lotus,2024-02-25 03:00:00,Paper Rex,Gen.G,-0.08333333333333337,0.0,0.0,21.276412776412776,0
297258,Sunset,2024-02-25 03:00:00,Paper Rex,Gen.G,-0.08333333333333337,0.0,0.0,21.045673076923077,1
297258,Icebox,2024-02-25 03:00:00,Paper Rex,Gen.G,-0.08333333333333337,0.0,0.0,21.217090069284065,1
297258,Bind,2024-02-25 03:00:00,Paper Rex,Gen.G,-0.08333333333333337,0.0,0.0,21.575418994413408,0
297258,Split,2024-02-25 03:00:00,Paper Rex,Gen.G,-0.08333333333333337,0.0,0.0,21.295289855072465,1
297258,Ascent,2024-02-25 03:00:00,Paper Rex,Gen.G,-0.08333333333333337,0.0,0.0,21.038961038961038,0
297258,Split,2024-02-25 03:00:00,Paper Rex,Gen.G,-0.08333333333333337,0.0,0.0,21.295289855072465,1
297258,Lotus,2024-02-25 03:00:00,Paper Rex,Gen.G,-0.08333333333333337,0.0,0.0,21.276412776412776,0
297258,Bind,2024-02-25 03:00:00,Paper Rex,Gen.G,-0.08333333333333337,0.0,0.0,21.575418994413408,0
298694,Icebox,2024-02-25 05:30:00,Titan Esports Club,Dragon Ranger Gaming,1.0,0.0,0.0,21.217090069284065,0
298694,Split,2024-02-25 05:30:00,Titan Esports Club,Dragon Ranger Gaming,1.0,0.0,0.0,21.295289855072465,1
298694,Bind,2024-02-25 05:30:00,Titan Esports Club,Dragon Ranger Gaming,1.0,0.0,0.0,21.575418994413408,0
297416,Icebox,2024-02-25 08:05:00,Team Vitality,Gentle Mates,-1.0,0.0,0.0,21.217090069284065,0
297416,Sunset,2024-02-25 08:05:00,Team Vitality,Gentle Mates,-1.0,0.0,0.0,21.045673076923077,0
297416,Sunset,2024-02-25 08:05:00,Team Vitality,Gentle Mates,-1.0,0.0,0.0,21.045673076923077,1
297416,Lotus,2024-02-25 08:05:00,Team Vitality,Gentle Mates,-1.0,0.0,0.0,21.276412776412776,1
297416,Breeze,2024-02-25 08:05:00,Team Vitality,Gentle Mates,-1.0,0.0,0.0,21.06774193548387,0
297416,Lotus,2024-02-25 08:05:00,Team Vitality,Gentle Mates,-1.0,0.0,0.0,21.276412776412776,1
297416,Sunset,2024-02-25 08:05:00,Team Vitality,Gentle Mates,-1.0,0.0,0.0,21.045673076923077,1
298698,Bind,2024-02-25 09:00:00,Wolves Esports,EDward Gaming,-0.6,0.0,0.0,21.575418994413408,0
298698,Ascent,2024-02-25 09:00:00,Wolves Esports,EDward Gaming,-0.6,0.0,0.0,21.038961038961038,1
298698,Breeze,2024-02-25 09:00:00,Wolves Esports,EDward Gaming,-0.6,0.0,0.0,21.06774193548387,0
297405,Bind,2024-02-25 11:15:00,Karmine Corp,FUT Esports,0.09999999999999998,0.0,0.0,21.575418994413408,1
297405,Lotus,2024-02-25 11:15:00,Karmine Corp,FUT Esports,0.09999999999999998,0.0,0.0,21.276412776412776,0
297405,Breeze,2024-02-25 11:15:00,Karmine Corp,FUT Esports,0.09999999999999998,0.0,0.0,21.06774193548387,0
297405,Icebox,2024-02-25 11:15:00,Karmine Corp,FUT Esports,0.09999999999999998,0.0,0.0,21.217090069284065,0
297405,Sunset,2024-02-25 11:15:00,Karmine Corp,FUT Esports,0.09999999999999998,0.0,0.0,21.045673076923077,0
297405,Lotus,2024-02-25 11:15:00,Karmine Corp,FUT Esports,0.09999999999999998,0.0,0.0,21.276412776412776,1
297405,Bind,2024-02-25 11:15:00,Karmine Corp,FUT Esports,0.09999999999999998,0.0,0.0,21.575418994413408,0
297405,Sunset,2024-02-25 11:15:00,Karmine Corp,FUT Esports,0.09999999999999998,0.0,0.0,21.045673076923077,1
297410,Icebox,2024-02-25 14:45:00,Team Liquid,KOI,0.4,0.0,0.0,21.217090069284065,1
297410,Bind,2024-02-25 14:45:00,Team Liquid,KOI,0.4,0.0,0.0,21.575418994413408,1
297410,Sunset,2024-02-25 14:45:00,Team Liquid,KOI,0.4,0.0,0.0,21.045673076923077,0
297410,Icebox,2024-02-25 14:45:00,Team Liquid,KOI,0.4,0.0,0.0,21.217090069284065,1
297410,Split,2024-02-25 14:45:00,Team Liquid,KOI,0.4,0.0,0.0,21.295289855072465,0
295609,Icebox,2024-02-25 15:00:00,Cloud9,MIBR,0.5,0.0,0.0,21.217090069284065,1
295609,Sunset,2024-02-25 15:00:00,Cloud9,MIBR,0.5,0.0,0.0,21.045673076923077,1
295609,Bind,2024-02-25 15:00:00,Cloud9,MIBR,0.5,0.0,0.0,21.575418994413408,1
295609,Split,2024-02-25 15:00:00,Cloud9,MIBR,0.5,0.0,0.0,21.295289855072465,0
295609,Lotus,2024-02-25 15:00:00,Cloud9,MIBR,0.5,0.0,0.0,21.276412776412776,1
295609,Bind,2024-02-25 15:00:00,Cloud9,MIBR,0.5,0.0,0.0,21.575418994413408,0
295609,Ascent,2024-02-25 15:00:00,Cloud9,MIBR,0.5,0.0,0.0,21.038961038961038,0
295614,Split,2024-02-25 17:40:00,LEVIATÁN,Sentinels,1.0,0.0,0.0,21.295289855072465,0
295614,Breeze,2024-02-25 17:40:00,LEVIATÁN,Sentinels,1.0,0.0,0.0,21.06774193548387,1
295614,Bind,2024-02-25 17:40:00,LEVIATÁN,Sentinels,1.0,0.0,0.0,21.575418994413408,0
298691,Split,2024-02-26 02:00:00,Trace Esports,Nova Esports,0.5,0.0,0.0,21.295289855072465,1
298691,Lotus,2024-02-26 02:00:00,Trace Esports,Nova Esports,0.5,0.0,0.0,21.276412776412776,1
298696,Icebox,2024-02-26 04:05:00,Titan Esports Club,JDG Esports,0.0,0.0,0.0,21.217090069284065,0
298696,Lotus,2024-02-26 04:05:00,Titan Esports Club,JDG Esports,0.0,0.0,0.0,21.276412776412776,0
298696,Bind,2024-02-26 04:05:00,Titan Esports Club,JDG Esports,0.0,0.0,0.0,21.575418994413408,0
298696,Icebox,2024-02-26 04:05:00,Titan Esports Club,JDG Esports,0.0,0.0,0.0,21.217090069284065,1
298696,Lotus,2024-02-26 04:05:00,Titan Esports Club,JDG Esports,0.0,0.0,0.0,21.276412776412776,1
298699,Sunset,2024-02-26 07:40:00,Wolves Esports,Bilibili Gaming,-0.5,0.0,0.0,21.045673076923077,0
298699,Icebox,2024-02-26 07:40:00,Wolves Esports,Bilibili Gaming,-0.5,0.0,0.0,21.217090069284065,0
307567,Sunset,2024-02-26 08:00:00,Karmine Corp,Team Vitality,0.3333333333333333,0.0,0.0,21.045673076923077,1
307567,Ascent,2024-02-26 08:00:00,Karmine Corp,Team Vitality,0.3333333333333333,0.0,0.0,21.038961038961038,1
307565,Sunset,2024-02-26 10:45:00,KOI,Team Vitality,0.0,0.0,0.0,21.045673076923077,0
307565,Breeze,2024-02-26 10:45:00,KOI,Team Vitality,0.0,0.0,0.0,21.06774193548387,0
307564,Sunset,2024-02-26 12:45:00,Karmine Corp,KOI,0.5,0.0,0.0,21.045673076923077,1
307564,Icebox,2024-02-26 12:45:00,Karmine Corp,KOI,0.5,0.0,0.0,21.217090069284065,0
307564,Bind,2024-02-26 12:45:00,Karmine Corp,KOI,0.5,0.0,0.0,21.575418994413408,1
307564,Sunset,2024-02-26 12:45:00,Karmine Corp,KOI,0.5,0.0,0.0,21.045673076923077,1
307564,Bind,2024-02-26 12:45:00,Karmine Corp,KOI,0.5,0.0,0.0,21.575418994413408,1
307572,Split,2024-02-26 15:00:00,MIBR,Sentinels,0.0,0.0,0.0,21.295289855072465,0
307572,Ascent,2024-02-26 15:00:00,MIBR,Sentinels,0.0,0.0,0.0,21.038961038961038,0
307573,Icebox,2024-02-26 17:10:00,G2 Esports,MIBR,0.75,0.0,0.0,21.217090069284065,1
307573,Bind,2024-02-26 17:10:00,G2 Esports,MIBR,0.75,0.0,0.0,21.575418994413408,1
307573,Sunset,2024-02-26 17:10:00,G2 Esports,MIBR,0.75,0.0,0.0,21.045673076923077,0
307573,Split,2024-02-26 17:10:00,G2 Esports,MIBR,0.75,0.0,0.0,21.295289855072465,1
307573,Breeze,2024-02-26 17:10:00,G2 Esports,MIBR,0.75,0.0,0.0,21.06774193548387,0
307574,Bind,2024-02-26 20:55:00,Sentinels,G2 Esports,-0.5,0.0,0.0,21.575418994413408,0
307574,Lotus,2024-02-26 20:55:00,Sentinels,G2 Esports,-0.5,0.0,0.0,21.276412776412776,0
307574,Sunset,2024-02-26 20:55:00,Sentinels,G2 Esports,-0.5,0.0,0.0,21.045673076923077,1
307574,Breeze,2024-02-26 20:55:00,Sentinels,G2 Esports,-0.5,0.0,0.0,21.06774193548387,0
307574,Split,2024-02-26 20:55:00,Sentinels,G2 Esports,-0.5,0.0,0.0,21.295289855072465,0
298830,Lotus,2024-02-27 02:00:00,Trace Esports,Titan Esports Club,0.3333333333333333,0.0,0.0,21.276412776412776,1
298830,Bind,2024-02-27 02:00:00,Trace Esports,Titan Esports Club,0.3333333333333333,0.0,0.0,21.575418994413408,0
298830,Haven,2024-02-27 02:00:00,Trace Esports,Titan Esports Club,0.3333333333333333,0.0,0.0,21.159926470588236,1
298830,Breeze,2024-02-27 02:00:00,Trace Esports,Titan Esports Club,0.3333333333333333,0.0,0.0,21.06774193548387,0
298830,Lotus,2024-02-27 02:00:00,Trace Esports,Titan Esports Club,0.3333333333333333,0.0,0.0,21.276412776412776,1
298830,Split,2024-02-27 02:00:00,Trace Esports,Titan Esports Club,0.3333333333333333,0.0,0.0,21.295289855072465,1
298831,Lotus,2024-02-27 05:35:00,Bilibili Gaming,Titan Esports Club,0.41666666666666663,0.0,0.0,21.276412776412776,1
298831,Ascent,2024-02-27 05:35:00,Bilibili Gaming,Titan Esports Club,0.41666666666666663,0.0,0.0,21.038961038961038,1
298832,Lotus,2024-02-27 07:35:00,Bilibili Gaming,Trace Esports,0.0,0.0,0.0,21.276412776412776,1
298832,Sunset,2024-02-27 07:35:00,Bilibili Gaming,Trace Esports,0.0,0.0,0.0,21.045673076923077,0
298832,Bind,2024-02-27 07:35:00,Bilibili Gaming,Trace Esports,0.0,0.0,0.0,21.575418994413408,0
303093,Sunset,2024-02-29 11:00:00,Team Heretics,Natus Vincere,0.5,0.0,0.0,21.045673076923077,1
303093,Bind,2024-02-29 11:00:00,Team Heretics,Natus Vincere,0.5,0.0,0.0,21.575418994413408,1
303093,Sunset,2024-02-29 11:00:00,Team Heretics,Natus Vincere,0.5,0.0,0.0,21.045673076923077,1
303093,Breeze,2024-02-29 11:00:00,Team Heretics,Natus Vincere,0.5,0.0,0.0,21.06774193548387,1
298833,Breeze,2024-03-01 04:00:00,FunPlus Phoenix,Dragon Ranger Gaming,0.5,0.0,0.0,21.06774193548387,1
298833,Icebox,2024-03-01 04:00:00,FunPlus Phoenix,Dragon Ranger Gaming,0.5,0.0,0.0,21.217090069284065,0
298833,Sunset,2024-03-01 04:00:00,FunPlus Phoenix,Dragon Ranger Gaming,0.5,0.0,0.0,21.045673076923077,1
298833,Ascent,2024-03-01 04:00:00,FunPlus Phoenix,Dragon Ranger Gaming,0.5,0.0,0.0,21.038961038961038,1
298833,Breeze,2024-03-01 04:00:00,FunPlus Phoenix,Dragon Ranger Gaming,0.5,0.0,0.0,21.06774193548387,1
298834,Sunset,2024-03-01 06:15:00,EDward Gaming,Trace Esports,-0.13333333333333341,0.0,0.0,21.045673076923077,1
298834,Bind,2024-03-01 06:15:00,EDward Gaming,Trace Esports,-0.13333333333333341,0.0,0.0,21.575418994413408,1
303095,Split,2024-03-01 11:00:00,Team Heretics,Karmine Corp,0.5,0.0,0.0,21.295289855072465,1
303095,Lotus,2024-03-01 11:00:00,Team Heretics,Karmine Corp,0.5,0.0,0.0,21.276412776412776,1
303095,Sunset,2024-03-01 11:00:00,Team Heretics,Karmine Corp,0.5,0.0,0.0,21.045673076923077,1
303095,Lotus,2024-03-01 11:00:00,Team Heretics,Karmine Corp,0.5,0.0,0.0,21.276412776412776,0
303095,Icebox,2024-03-01 11:00:00,Team Heretics,Karmine Corp,0.5,0.0,0.0,21.217090069284065,0
303095,Split,2024-03-01 11:00:00,Team Heretics,Karmine Corp,0.5,0.0,0.0,21.295289855072465,0
298835,Breeze,2024-03-02 04:00:00,FunPlus Phoenix,EDward Gaming,0.2857142857142857,0.0,0.0,21.06774193548387,0
298835,Bind,2024-03-02 04:00:00,FunPlus Phoenix,EDward Gaming,0.2857142857142857,0.0,0.0,21.575418994413408,1
298835,Ascent,2024-03-02 04:00:00,FunPlus Phoenix,EDward Gaming,0.2857142857142857,0.0,0.0,21.038961038961038,1
298835,Icebox,2024-03-02 04:00:00,FunPlus Phoenix,EDward Gaming,0.2857142857142857,0.0,0.0,21.217090069284065,1
298835,Breeze,2024-03-02 04:00:00,FunPlus Phoenix,EDward Gaming,0.2857142857142857,0.0,0.0,21.06774193548387,1
298835,Lotus,2024-03-02 04:00:00,FunPlus Phoenix,EDward Gaming,0.2857142857142857,0.0,0.0,21.276412776412776,1
298835,Bind,2024-03-02 04:00:00,FunPlus Phoenix,EDward Gaming,0.2857142857142857,0.0,0.0,21.575418994413408,0
298835,Icebox,2024-03-02 04:00:00,FunPlus Phoenix,EDward Gaming,0.2857142857142857,0.0,0.0,21.217090069284065,0
298835,Breeze,2024-03-02 04:00:00,FunPlus Phoenix,EDward Gaming,0.2857142857142857,0.0,0.0,21.06774193548387,0
298835,Breeze,2024-03-02 04:00:00,FunPlus Phoenix,EDward Gaming,0.2857142857142857,0.0,0.0,21.06774193548387,0
298835,Split,2024-03-02 04:00:00,FunPlus Phoenix,EDward Gaming,0.2857142857142857,0.0,0.0,21.295289855072465,0
298835,Icebox,2024-03-02 04:00:00,FunPlus Phoenix,EDward Gaming,0.2857142857142857,0.0,0.0,21.217090069284065,1
298835,Ascent,2024-03-02 04:00:00,FunPlus Phoenix,EDward Gaming,0.2857142857142857,0.0,0.0,21.038961038961038,0
303087,Ascent,2024-03-02 17:00:00,Evil Geniuses,LOUD,0.17142857142857137,0.0,0.0,21.038961038961038,1
303087,Icebox,2024-03-02 17:00:00,Evil Geniuses,LOUD,0.17142857142857137,0.0,0.0,21.217090069284065,0
303087,Sunset,2024-03-02 17:00:00,Evil Geniuses,LOUD,0.17142857142857137,0.0,0.0,21.045673076923077,0
303086,Split,2024-03-03 17:00:00,LOUD,Sentinels,0.0,0.0,0.0,21.295289855072465,1
303086,Ascent,2024-03-03 17:00:00,LOUD,Sentinels,0.0,0.0,0.0,21.038961038961038,1
303086,Sunset,2024-03-03 17:00:00,LOUD,Sentinels,0.0,0.0,0.0,21.045673076923077,0
303086,Split,2024-03-03 17:00:00,LOUD,Sentinels,0.0,0.0,0.0,21.295289855072465,0
303086,Icebox,2024-03-03 17:00:00,LOUD,Sentinels,0.0,0.0,0.0,21.217090069284065,1
303086,Bind,2024-03-03 17:00:00,LOUD,Sentinels,0.0,0.0,0.0,21.575418994413408,1
303086,Lotus,2024-03-03 17:00:00,LOUD,Sentinels,0.0,0.0,0.0,21.276412776412776,0
312765,Icebox,2024-03-14 11:00:00,Karmine Corp,FunPlus Phoenix,-0.5714285714285714,0.0,0.0,21.217090069284065,1
312765,Lotus,2024-03-14 11:00:00,Karmine Corp,FunPlus Phoenix,-0.5714285714285714,0.0,0.0,21.276412776412776,1
312766,Icebox,2024-03-14 13:25:00,Gen.G,LOUD,0.2857142857142857,0.0,0.0,21.217090069284065,1
312766,Breeze,2024-03-14 13:25:00,Gen.G,LOUD,0.2857142857142857,0.0,0.0,21.06774193548387,0
312766,Ascent,2024-03-14 13:25:00,Gen.G,LOUD,0.2857142857142857,0.0,0.0,21.038961038961038,1
312767,Icebox,2024-03-15 11:00:00,EDward Gaming,Paper Rex,-0.04166666666666663,0.0,0.0,21.217090069284065,0
312767,Sunset,2024-03-15 11:00:00,EDward Gaming,Paper Rex,-0.04166666666666663,0.0,0.0,21.045673076923077,1
312767,Lotus,2024-03-15 11:00:00,EDward Gaming,Paper Rex,-0.04166666666666663,0.0,0.0,21.276412776412776,1
312767,Sunset,2024-03-15 11:00:00,EDward Gaming,Paper Rex,-0.04166666666666663,0.0,0.0,21.045673076923077,0
312767,Bind,2024-03-15 11:00:00,EDward Gaming,Paper Rex,-0.04166666666666663,0.0,0.0,21.575418994413408,1
312767,Split,2024-03-15 11:00:00,EDward Gaming,Paper Rex,-0.04166666666666663,0.0,0.0,21.295289855072465,1
312768,Lotus,2024-03-15 14:15:00,Sentinels,Team Heretics,-0.5714285714285714,0.0,0.0,21.276412776412776,1
312768,Sunset,2024-03-15 14:15:00,Sentinels,Team Heretics,-0.5714285714285714,0.0,0.0,21.045673076923077,0
312768,Bind,2024-03-15 14:15:00,Sentinels,Team Heretics,-0.5714285714285714,0.0,0.0,21.575418994413408,1
312798,Split,2024-03-16 11:00:00,Sentinels,Karmine Corp,0.0,0.0,0.0,21.295289855072465,1
312798,Lotus,2024-03-16 11:00:00,Sentinels,Karmine Corp,0.0,0.0,0.0,21.276412776412776,1
312797,Icebox,2024-03-16 13:25:00,EDward Gaming,Gen.G,-0.20833333333333337,0.0,0.0,21.217090069284065,1
312797,Split,2024-03-16 13:25:00,EDward Gaming,Gen.G,-0.20833333333333337,0.0,0.0,21.295289855072465,0
312797,Breeze,2024-03-16 13:25:00,EDward Gaming,Gen.G,-0.20833333333333337,0.0,0.0,21.06774193548387,0
312800,Sunset,2024-03-17 11:00:00,FunPlus Phoenix,LOUD,0.30000000000000004,0.0,0.0,21.045673076923077,0
312800,Breeze,2024-03-17 11:00:00,FunPlus Phoenix,LOUD,0.30000000000000004,0.0,0.0,21.06774193548387,0
312799,Sunset,2024-03-17 13:20:00,Team Heretics,Paper Rex,0.20000000000000007,0.0,0.0,21.045673076923077,0
312799,Lotus,2024-03-17 13:20:00,Team Heretics,Paper Rex,0.20000000000000007,0.0,0.0,21.276412776412776,1
312799,Split,2024-03-17 13:20:00,Team Heretics,Paper Rex,0.20000000000000007,0.0,0.0,21.295289855072465,0
312803,Icebox,2024-03-18 11:00:00,LOUD,EDward Gaming,-0.0444444444444444,0.0,0.0,21.217090069284065,1
312803,Sunset,2024-03-18 11:00:00,LOUD,EDward Gaming,-0.0444444444444444,0.0,0.0,21.045673076923077,1
312802,Bind,2024-03-18 12:55:00,Karmine Corp,Paper Rex,-0.19191919191919193,0.0,0.0,21.575418994413408,0
312802,Lotus,2024-03-18 12:55:00,Karmine Corp,Paper Rex,-0.19191919191919193,0.0,0.0,21.276412776412776,1
312802,Ascent,2024-03-18 12:55:00,Karmine Corp,Paper Rex,-0.19191919191919193,0.0,0.0,21.038961038961038,0
312777,Lotus,2024-03-21 11:00:00,Gen.G,Paper Rex,0.2222222222222222,0.0,0.0,21.276412776412776,1
312777,Icebox,2024-03-21 11:00:00,Gen.G,Paper Rex,0.2222222222222222,0.0,0.0,21.217090069284065,0
312777,Bind,2024-03-21 11:00:00,Gen.G,Paper Rex,0.2222222222222222,0.0,0.0,21.575418994413408,0
312777,Split,2024-03-21 11:00:00,Gen.G,Paper Rex,0.2222222222222222,0.0,0.0,21.295289855072465,1
312777,Lotus,2024-03-21 11:00:00,Gen.G,Paper Rex,0.2222222222222222,0.0,0.0,21.276412776412776,1
312777,Breeze,2024-03-21 11:00:00,Gen.G,Paper Rex,0.2222222222222222,0.0,0.0,21.06774193548387,1
312777,Lotus,2024-03-21 11:00:00,Gen.G,Paper Rex,0.2222222222222222,0.0,0.0,21.276412776412776,0
312777,Sunset,2024-03-21 11:00:00,Gen.G,Paper Rex,0.2222222222222222,0.0,0.0,21.045673076923077,0
312776,Lotus,2024-03-21 13:10:00,Sentinels,LOUD,-0.0444444444444444,0.0,0.0,21.276412776412776,0
312776,Icebox,2024-03-21 13:10:00,Sentinels,LOUD,-0.0444444444444444,0.0,0.0,21.217090069284065,0
312776,Split,2024-03-21 13:10:00,Sentinels,LOUD,-0.0444444444444444,0.0,0.0,21.295289855072465,1
312776,Icebox,2024-03-21 13:10:00,Sentinels,LOUD,-0.0444444444444444,0.0,0.0,21.217090069284065,0
312776,Sunset,2024-03-21 13:10:00,Sentinels,LOUD,-0.0444444444444444,0.0,0.0,21.045673076923077,1
312778,Haven,2024-03-22 11:00:00,Gen.G,Sentinels,0.30000000000000004,0.0,0.0,21.159926470588236,1
312778,Ascent,2024-03-22 11:00:00,Gen.G,Sentinels,0.30000000000000004,0.0,0.0,21.038961038961038,1
312778,Lotus,2024-03-22 11:00:00,Gen.G,Sentinels,0.30000000000000004,0.0,0.0,21.276412776412776,0
312778,Icebox,2024-03-22 11:00:00,Gen.G,Sentinels,0.30000000000000004,0.0,0.0,21.217090069284065,0
312778,Split,2024-03-22 11:00:00,Gen.G,Sentinels,0.30000000000000004,0.0,0.0,21.295289855072465,1
312778,Lotus,2024-03-22 11:00:00,Gen.G,Sentinels,0.30000000000000004,0.0,0.0,21.276412776412776,0
312778,Breeze,2024-03-22 11:00:00,Gen.G,Sentinels,0.30000000000000004,0.0,0.0,21.06774193548387,1
312778,Breeze,2024-03-22 11:00:00,Gen.G,Sentinels,0.30000000000000004,0.0,0.0,21.06774193548387,1
312778,Bind,2024-03-22 11:00:00,Gen.G,Sentinels,0.30000000000000004,0.0,0.0,21.575418994413408,0
312778,Ascent,2024-03-22 11:00:00,Gen.G,Sentinels,0.30000000000000004,0.0,0.0,21.038961038961038,1
312778,Split,2024-03-22 11:00:00,Gen.G,Sentinels,0.30000000000000004,0.0,0.0,21.295289855072465,0
312778,Icebox,2024-03-22 11:00:00,Gen.G,Sentinels,0.30000000000000004,0.0,0.0,21.217090069284065,0
312780,Ascent,2024-03-22 13:55:00,Paper Rex,LOUD,0.05594405594405594,0.0,0.0,21.038961038961038,1
312780,Sunset,2024-03-22 13:55:00,Paper Rex,LOUD,0.05594405594405594,0.0,0.0,21.045673076923077,1
312781,Lotus,2024-03-23 11:00:00,Sentinels,Paper Rex,-0.25974025974025977,0.0,0.0,21.276412776412776,1
312781,Ascent,2024-03-23 11:00:00,Sentinels,Paper Rex,-0.25974025974025977,0.0,0.0,21.038961038961038,1
312781,Split,2024-03-23 11:00:00,Sentinels,Paper Rex,-0.25974025974025977,0.0,0.0,21.295289855072465,0
312781,Sunset,2024-03-23 11:00:00,Sentinels,Paper Rex,-0.25974025974025977,0.0,0.0,21.045673076923077,1
312779,Haven,2024-03-24 12:15:00,Gen.G,Sentinels,0.31818181818181823,0.0,0.0,21.159926470588236,1
312779,Ascent,2024-03-24 12:15:00,Gen.G,Sentinels,0.31818181818181823,0.0,0.0,21.038961038961038,1
312779,Lotus,2024-03-24 12:15:00,Gen.G,Sentinels,0.31818181818181823,0.0,0.0,21.276412776412776,0
312779,Icebox,2024-03-24 12:15:00,Gen.G,Sentinels,0.31818181818181823,0.0,0.0,21.217090069284065,0
312779,Split,2024-03-24 12:15:00,Gen.G,Sentinels,0.31818181818181823,0.0,0.0,21.295289855072465,1
312779,Lotus,2024-03-24 12:15:00,Gen.G,Sentinels,0.31818181818181823,0.0,0.0,21.276412776412776,0
312779,Breeze,2024-03-24 12:15:00,Gen.G,Sentinels,0.31818181818181823,0.0,0.0,21.06774193548387,1
312779,Breeze,2024-03-24 12:15:00,Gen.G,Sentinels,0.31818181818181823,0.0,0.0,21.06774193548387,1
312779,Bind,2024-03-24 12:15:00,Gen.G,Sentinels,0.31818181818181823,0.0,0.0,21.575418994413408,0
312779,Ascent,2024-03-24 12:15:00,Gen.G,Sentinels,0.31818181818181823,0.0,0.0,21.038961038961038,1
312779,Split,2024-03-24 12:15:00,Gen.G,Sentinels,0.31818181818181823,0.0,0.0,21.295289855072465,0
312779,Icebox,2024-03-24 12:15:00,Gen.G,Sentinels,0.31818181818181823,0.0,0.0,21.217090069284065,0
318911,Breeze,2024-04-03 11:00:00,Karmine Corp,GIANTX,0.4,0.0,0.0,21.06774193548387,1
318911,Sunset,2024-04-03 11:00:00,Karmine Corp,GIANTX,0.4,0.0,0.0,21.045673076923077,1
318913,Split,2024-04-03 13:05:00,KOI,Team Liquid,-0.5,0.0,0.0,21.295289855072465,0
318913,Ascent,2024-04-03 13:05:00,KOI,Team Liquid,-0.5,0.0,0.0,21.038961038961038,0
318914,Haven,2024-04-04 11:00:00,Team Vitality,Natus Vincere,-0.2,0.0,0.0,21.159926470588236,0
318914,Sunset,2024-04-04 11:00:00,Team Vitality,Natus Vincere,-0.2,0.0,0.0,21.045673076923077,1
318914,Ascent,2024-04-04 11:00:00,Team Vitality,Natus Vincere,-0.2,0.0,0.0,21.038961038961038,1
318914,Bind,2024-04-04 11:00:00,Team Vitality,Natus Vincere,-0.2,0.0,0.0,21.575418994413408,0
318914,Lotus,2024-04-04 11:00:00,Team Vitality,Natus Vincere,-0.2,0.0,0.0,21.276412776412776,0
319765,Bind,2024-04-05 05:00:00,Bilibili Gaming,TYLOO,0.09999999999999998,0.0,0.0,21.575418994413408,0
319765,Icebox,2024-04-05 05:00:00,Bilibili Gaming,TYLOO,0.09999999999999998,0.0,0.0,21.217090069284065,1
319765,Lotus,2024-04-05 05:00:00,Bilibili Gaming,TYLOO,0.09999999999999998,0.0,0.0,21.276412776412776,1
319766,Split,2024-04-05 08:10:00,Wolves Esports,Titan Esports Club,-0.2,0.0,0.0,21.295289855072465,1
319766,Bind,2024-04-05 08:10:00,Wolves Esports,Titan Esports Club,-0.2,0.0,0.0,21.575418994413408,0
319766,Lotus,2024-04-05 08:10:00,Wolves Esports,Titan Esports Club,-0.2,0.0,0.0,21.276412776412776,0
318916,Split,2024-04-05 11:00:00,Team Liquid,FUT Esports,0.0714285714285714,0.0,0.0,21.295289855072465,0
318916,Icebox,2024-04-05 11:00:00,Team Liquid,FUT Esports,0.0714285714285714,0.0,0.0,21.217090069284065,0
318917,Ascent,2024-04-05 13:00:00,BBL Esports,Gentle Mates,-0.5,0.0,0.0,21.038961038961038,0
318917,Sunset,2024-04-05 13:00:00,BBL Esports,Gentle Mates,-0.5,0.0,0.0,21.045673076923077,0
314301,Sunset,2024-04-06 04:00:00,Global Esports,ZETA DIVISION,-0.06666666666666671,0.0,0.0,21.045673076923077,0
314301,Icebox,2024-04-06 04:00:00,Global Esports,ZETA DIVISION,-0.06666666666666671,0.0,0.0,21.217090069284065,1
314301,Ascent,2024-04-06 04:00:00,Global Esports,ZETA DIVISION,-0.06666666666666671,0.0,0.0,21.038961038961038,0
319767,Icebox,2024-04-06 05:00:00,Dragon Ranger Gaming,All Gamers,-0.16666666666666669,0.0,0.0,21.217090069284065,1
319767,Sunset,2024-04-06 05:00:00,Dragon Ranger Gaming,All Gamers,-0.16666666666666669,0.0,0.0,21.045673076923077,0
319767,Breeze,2024-04-06 05:00:00,Dragon Ranger Gaming,All Gamers,-0.16666666666666669,0.0,0.0,21.06774193548387,0
319767,Sunset,2024-04-06 05:00:00,Dragon Ranger Gaming,All Gamers,-0.16666666666666669,0.0,0.0,21.045673076923077,1
319767,Ascent,2024-04-06 05:00:00,Dragon Ranger Gaming,All Gamers,-0.16666666666666669,0.0,0.0,21.038961038961038,1
314302,Sunset,2024-04-06 07:00:00,Team Secret,DRX,0.0444444444444444,0.0,0.0,21.045673076923077,0
314302,Lotus,2024-04-06 07:00:00,Team Secret,DRX,0.0444444444444444,0.0,0.0,21.276412776412776,0
319768,Ascent,2024-04-06 08:45:00,EDward Gaming,JDG Esports,-0.12121212121212122,0.0,0.0,21.038961038961038,1
319768,Bind,2024-04-06 08:45:00,EDward Gaming,JDG Esports,-0.12121212121212122,0.0,0.0,21.575418994413408,0
319768,Split,2024-04-06 08:45:00,EDward Gaming,JDG Esports,-0.12121212121212122,0.0,0.0,21.295289855072465,1
314622,Icebox,2024-04-06 17:00:00,Cloud9,LEVIATÁN,0.33333333333333337,0.0,0.0,21.217090069284065,0
314622,Sunset,2024-04-06 17:00:00,Cloud9,LEVIATÁN,0.33333333333333337,0.0,0.0,21.045673076923077,1
314622,Ascent,2024-04-06 17:00:00,Cloud9,LEVIATÁN,0.33333333333333337,0.0,0.0,21.038961038961038,1
314303,Lotus,2024-04-07 04:00:00,BLEED,Talon Esports,-0.3333333333333333,0.0,0.0,21.276412776412776,1
314303,Bind,2024-04-07 04:00:00,BLEED,Talon Esports,-0.3333333333333333,0.0,0.0,21.575418994413408,0
314303,Icebox,2024-04-07 04:00:00,BLEED,Talon Esports,-0.3333333333333333,0.0,0.0,21.217090069284065,0
319769,Lotus,2024-04-07 05:00:00,Nova Esports,Trace Esports,-0.6666666666666666,0.0,0.0,21.276412776412776,0
319769,Ascent,2024-04-07 05:00:00,Nova Esports,Trace Esports,-0.6666666666666666,0.0,0.0,21.038961038961038,0
314304,Lotus,2024-04-07 07:15:00,T1,Paper Rex,-0.2666666666666666,0.0,0.0,21.276412776412776,0
314304,Bind,2024-04-07 07:15:00,T1,Paper Rex,-0.2666666666666666,0.0,0.0,21.575418994413408,0
314304,Lotus,2024-04-07 07:15:00,T1,Paper Rex,-0.2666666666666666,0.0,0.0,21.276412776412776,0
314304,Sunset,2024-04-07 07:15:00,T1,Paper Rex,-0.2666666666666666,0.0,0.0,21.045673076923077,0
314304,Split,2024-04-07 07:15:00,T1,Paper Rex,-0.2666666666666666,0.0,0.0,21.295289855072465,0
314304,Ascent,2024-04-07 07:15:00,T1,Paper Rex,-0.2666666666666666,0.0,0.0,21.038961038961038,0
319770,Ascent,2024-04-07 07:15:00,FunPlus Phoenix,Wolves Esports,0.6666666666666666,0.0,0.0,21.038961038961038,1
319770,Lotus,2024-04-07 07:15:00,FunPlus Phoenix,Wolves Esports,0.6666666666666666,0.0,0.0,21.276412776412776,1
314624,Lotus,2024-04-07 17:00:00,G2 Esports,Evil Geniuses,0.5,0.0,0.0,21.276412776412776,1
314624,Icebox,2024-04-07 17:00:00,G2 Esports,Evil Geniuses,0.5,0.0,0.0,21.217090069284065,1
314624,Sunset,2024-04-07 17:00:00,G2 Esports,Evil Geniuses,0.5,0.0,0.0,21.045673076923077,0
314624,Icebox,2024-04-07 17:00:00,G2 Esports,Evil Geniuses,0.5,0.0,0.0,21.217090069284065,0
314625,Haven,2024-04-07 19:10:00,Sentinels,100 Thieves,-0.038461538461538436,0.0,0.0,21.159926470588236,0
314625,Ascent,2024-04-07 19:10:00,Sentinels,100 Thieves,-0.038461538461538436,0.0,0.0,21.038961038961038,0
314625,Icebox,2024-04-07 19:10:00,Sentinels,100 Thieves,-0.038461538461538436,0.0,0.0,21.217090069284065,1
314625,Split,2024-04-07 19:10:00,Sentinels,100 Thieves,-0.038461538461538436,0.0,0.0,21.295289855072465,1
314625,Lotus,2024-04-07 19:10:00,Sentinels,100 Thieves,-0.038461538461538436,0.0,0.0,21.276412776412776,1
314625,Bind,2024-04-07 19:10:00,Sentinels,100 Thieves,-0.038461538461538436,0.0,0.0,21.575418994413408,0
314625,Split,2024-04-07 19:10:00,Sentinels,100 Thieves,-0.038461538461538436,0.0,0.0,21.295289855072465,1
314305,Breeze,2024-04-08 04:00:00,Team Secret,Rex Regum Qeon,0.5,0.0,0.0,21.06774193548387,0
314305,Split,2024-04-08 04:00:00,Team Secret,Rex Regum Qeon,0.5,0.0,0.0,21.295289855072465,1
314305,Icebox,2024-04-08 04:00:00,Team Secret,Rex Regum Qeon,0.5,0.0,0.0,21.217090069284065,0
314306,Ascent,2024-04-08 07:20:00,Global Esports,DRX,-0.35,0.0,0.0,21.038961038961038,0
314306,Lotus,2024-04-08 07:20:00,Global Esports,DRX,-0.35,0.0,0.0,21.276412776412776,0
314307,Lotus,2024-04-09 04:00:00,Gen.G,Talon Esports,0.33333333333333337,0.0,0.0,21.276412776412776,1
314307,Ascent,2024-04-09 04:00:00,Gen.G,Talon Esports,0.33333333333333337,0.0,0.0,21.038961038961038,1
314308,Ascent,2024-04-09 06:10:00,T1,DetonatioN FocusMe,0.3333333333333333,0.0,0.0,21.038961038961038,0
314308,Lotus,2024-04-09 06:10:00,T1,DetonatioN FocusMe,0.3333333333333333,0.0,0.0,21.276412776412776,1
314308,Sunset,2024-04-09 06:10:00,T1,DetonatioN FocusMe,0.3333333333333333,0.0,0.0,21.045673076923077,0
318918,Bind,2024-04-10 11:00:00,Karmine Corp,FUT Esports,-0.11688311688311687,0.0,0.0,21.575418994413408,1
318918,Lotus,2024-04-10 11:00:00,Karmine Corp,FUT Esports,-0.11688311688311687,0.0,0.0,21.276412776412776,0
318918,Breeze,2024-04-10 11:00:00,Karmine Corp,FUT Esports,-0.11688311688311687,0.0,0.0,21.06774193548387,0
318918,Icebox,2024-04-10 11:00:00,Karmine Corp,FUT Esports,-0.11688311688311687,0.0,0.0,21.217090069284065,0
318918,Sunset,2024-04-10 11:00:00,Karmine Corp,FUT Esports,-0.11688311688311687,0.0,0.0,21.045673076923077,0
318918,Lotus,2024-04-10 11:00:00,Karmine Corp,FUT Esports,-0.11688311688311687,0.0,0.0,21.276412776412776,1
318918,Bind,2024-04-10 11:00:00,Karmine Corp,FUT Esports,-0.11688311688311687,0.0,0.0,21.575418994413408,0
318918,Sunset,2024-04-10 11:00:00,Karmine Corp,FUT Esports,-0.11688311688311687,0.0,0.0,21.045673076923077,1
318919,Icebox,2024-04-10 14:10:00,Team Vitality,Team Heretics,-0.380952380952381,0.0,0.0,21.217090069284065,0
318919,Sunset,2024-04-10 14:10:00,Team Vitality,Team Heretics,-0.380952380952381,0.0,0.0,21.045673076923077,1
318919,Lotus,2024-04-10 14:10:00,Team Vitality,Team Heretics,-0.380952380952381,0.0,0.0,21.276412776412776,1
318919,Haven,2024-04-10 14:10:00,Team Vitality,Team Heretics,-0.380952380952381,0.0,0.0,21.159926470588236,1
318919,Breeze,2024-04-10 14:10:00,Team Vitality,Team Heretics,-0.380952380952381,0.0,0.0,21.06774193548387,1
318919,Sunset,2024-04-10 14:10:00,Team Vitality,Team Heretics,-0.380952380952381,0.0,0.0,21.045673076923077,0
318919,Icebox,2024-04-10 14:10:00,Team Vitality,Team Heretics,-0.380952380952381,0.0,0.0,21.217090069284065,1
318920,Lotus,2024-04-11 11:00:00,Team Liquid,Natus Vincere,0.16666666666666669,0.0,0.0,21.276412776412776,1
318920,Split,2024-04-11 11:00:00,Team Liquid,Natus Vincere,0.16666666666666669,0.0,0.0,21.295289855072465,0
318920,Ascent,2024-04-11 11:00:00,Team Liquid,Natus Vincere,0.16666666666666669,0.0,0.0,21.038961038961038,0
318921,Breeze,2024-04-11 14:20:00,BBL Esports,KOI,0.3333333333333333,0.0,0.0,21.06774193548387,1
318921,Icebox,2024-04-11 14:20:00,BBL Esports,KOI,0.3333333333333333,0.0,0.0,21.217090069284065,1
318921,Bind,2024-04-11 14:20:00,BBL Esports,KOI,0.3333333333333333,0.0,0.0,21.575418994413408,0
318921,Split,2024-04-11 14:20:00,BBL Esports,KOI,0.3333333333333333,0.0,0.0,21.295289855072465,0
319771,Sunset,2024-04-12 05:00:00,JDG Esports,Nova Esports,0.5,0.0,0.0,21.045673076923077,1
319771,Bind,2024-04-12 05:00:00,JDG Esports,Nova Esports,0.5,0.0,0.0,21.575418994413408,0
319771,Ascent,2024-04-12 05:00:00,JDG Esports,Nova Esports,0.5,0.0,0.0,21.038961038961038,0
319772,Breeze,2024-04-12 08:15:00,FunPlus Phoenix,Dragon Ranger Gaming,0.4642857142857143,0.0,0.0,21.06774193548387,1
319772,Icebox,2024-04-12 08:15:00,FunPlus Phoenix,Dragon Ranger Gaming,0.4642857142857143,0.0,0.0,21.217090069284065,0
319772,Sunset,2024-04-12 08:15:00,FunPlus Phoenix,Dragon Ranger Gaming,0.4642857142857143,0.0,0.0,21.045673076923077,1
319772,Ascent,2024-04-12 08:15:00,FunPlus Phoenix,Dragon Ranger Gaming,0.4642857142857143,0.0,0.0,21.038961038961038,1
319772,Breeze,2024-04-12 08:15:00,FunPlus Phoenix,Dragon Ranger Gaming,0.4642857142857143,0.0,0.0,21.06774193548387,1
318923,Split,2024-04-12 13:45:00,Karmine Corp,Gentle Mates,-0.5833333333333333,0.0,0.0,21.295289855072465,1
318923,Icebox,2024-04-12 13:45:00,Karmine Corp,Gentle Mates,-0.5833333333333333,0.0,0.0,21.217090069284065,1
314309,Lotus,2024-04-13 04:00:00,Gen.G,Paper Rex,0.15865384615384615,0.0,0.0,21.276412776412776,1
314309,Icebox,2024-04-13 04:00:00,Gen.G,Paper Rex,0.15865384615384615,0.0,0.0,21.217090069284065,0
314309,Bind,2024-04-13 04:00:00,Gen.G,Paper Rex,0.15865384615384615,0.0,0.0,21.575418994413408,0
314309,Split,2024-04-13 04:00:00,Gen.G,Paper Rex,0.15865384615384615,0.0,0.0,21.295289855072465,1
314309,Lotus,2024-04-13 04:00:00,Gen.G,Paper Rex,0.15865384615384615,0.0,0.0,21.276412776412776,1
314309,Breeze,2024-04-13 04:00:00,Gen.G,Paper Rex,0.15865384615384615,0.0,0.0,21.06774193548387,1
314309,Lotus,2024-04-13 04:00:00,Gen.G,Paper Rex,0.15865384615384615,0.0,0.0,21.276412776412776,0
314309,Sunset,2024-04-13 04:00:00,Gen.G,Paper Rex,0.15865384615384615,0.0,0.0,21.045673076923077,0
319773,Breeze,2024-04-13 05:00:00,All Gamers,Wolves Esports,0.6666666666666666,0.0,0.0,21.06774193548387,0
319773,Icebox,2024-04-13 05:00:00,All Gamers,Wolves Esports,0.6666666666666666,0.0,0.0,21.217090069284065,0
314310,Breeze,2024-04-13 07:10:00,T1,DRX,-0.35064935064935066,0.0,0.0,21.06774193548387,1
314310,Split,2024-04-13 07:10:00,T1,DRX,-0.35064935064935066,0.0,0.0,21.295289855072465,0
314310,Bind,2024-04-13 07:10:00,T1,DRX,-0.35064935064935066,0.0,0.0,21.575418994413408,0
319774,Split,2024-04-13 07:45:00,Trace Esports,Bilibili Gaming,0.04761904761904767,0.0,0.0,21.295289855072465,0
319774,Breeze,2024-04-13 07:45:00,Trace Esports,Bilibili Gaming,0.04761904761904767,0.0,0.0,21.06774193548387,1
319774,Bind,2024-04-13 07:45:00,Trace Esports,Bilibili Gaming,0.04761904761904767,0.0,0.0,21.575418994413408,1
314628,Lotus,2024-04-13 17:00:00,G2 Esports,100 Thieves,0.33333333333333337,0.0,0.0,21.276412776412776,1
314628,Abyss,2024-04-13 17:00:00,G2 Esports,100 Thieves,0.33333333333333337,0.0,0.0,21.180487804878048,1
314628,Bind,2024-04-13 17:00:00,G2 Esports,100 Thieves,0.33333333333333337,0.0,0.0,21.575418994413408,0
314628,Split,2024-04-13 17:00:00,G2 Esports,100 Thieves,0.33333333333333337,0.0,0.0,21.295289855072465,0
314628,Ascent,2024-04-13 17:00:00,G2 Esports,100 Thieves,0.33333333333333337,0.0,0.0,21.038961038961038,0
314628,Bind,2024-04-13 17:00:00,G2 Esports,100 Thieves,0.33333333333333337,0.0,0.0,21.575418994413408,1
314628,Split,2024-04-13 17:00:00,G2 Esports,100 Thieves,0.33333333333333337,0.0,0.0,21.295289855072465,0
314629,Lotus,2024-04-13 19:25:00,Sentinels,LEVIATÁN,-0.07142857142857145,0.0,0.0,21.276412776412776,0
314629,Icebox,2024-04-13 19:25:00,Sentinels,LEVIATÁN,-0.07142857142857145,0.0,0.0,21.217090069284065,0
314311,Icebox,2024-04-14 04:00:00,Team Secret,ZETA DIVISION,-0.07142857142857145,0.0,0.0,21.217090069284065,1
314311,Lotus,2024-04-14 04:00:00,Team Secret,ZETA DIVISION,-0.07142857142857145,0.0,0.0,21.276412776412776,0
314311,Sunset,2024-04-14 04:00:00,Team Secret,ZETA DIVISION,-0.07142857142857145,0.0,0.0,21.045673076923077,1
319775,Breeze,2024-04-14 05:00:00,Dragon Ranger Gaming,Titan Esports Club,-0.1333333333333333,0.0,0.0,21.06774193548387,0
319775,Split,2024-04-14 05:00:00,Dragon Ranger Gaming,Titan Esports Club,-0.1333333333333333,0.0,0.0,21.295289855072465,1
319775,Icebox,2024-04-14 05:00:00,Dragon Ranger Gaming,Titan Esports Club,-0.1333333333333333,0.0,0.0,21.217090069284065,1
314312,Lotus,2024-04-14 07:00:00,BLEED,Rex Regum Qeon,-0.3333333333333333,0.0,0.0,21.276412776412776,0
314312,Icebox,2024-04-14 07:00:00,BLEED,Rex Regum Qeon,-0.3333333333333333,0.0,0.0,21.217090069284065,0
319776,Sunset,2024-04-14 07:50:00,TYLOO,EDward Gaming,-0.25000000000000006,0.0,0.0,21.045673076923077,0
319776,Bind,2024-04-14 07:50:00,TYLOO,EDward Gaming,-0.25000000000000006,0.0,0.0,21.575418994413408,0
314313,Split,2024-04-15 04:00:00,Gen.G,DetonatioN FocusMe,0.4523809523809524,0.0,0.0,21.295289855072465,1
314313,Lotus,2024-04-15 04:00:00,Gen.G,DetonatioN FocusMe,0.4523809523809524,0.0,0.0,21.276412776412776,1
314314,Icebox,2024-04-15 06:10:00,Global Esports,Talon Esports,-0.2,0.0,0.0,21.217090069284065,1
314314,Breeze,2024-04-15 06:10:00,Global Esports,Talon Esports,-0.2,0.0,0.0,21.06774193548387,0
314314,Lotus,2024-04-15 06:10:00,Global Esports,Talon Esports,-0.2,0.0,0.0,21.276412776412776,0
314632,Lotus,2024-04-15 17:00:00,Cloud9,Evil Geniuses,0.5555555555555556,0.0,0.0,21.276412776412776,0
314632,Sunset,2024-04-15 17:00:00,Cloud9,Evil Geniuses,0.5555555555555556,0.0,0.0,21.045673076923077,1
314632,Split,2024-04-15 17:00:00,Cloud9,Evil Geniuses,0.5555555555555556,0.0,0.0,21.295289855072465,1
314315,Ascent,2024-04-16 04:00:00,T1,Rex Regum Qeon,-0.25,0.0,0.0,21.038961038961038,1
314315,Lotus,2024-04-16 04:00:00,T1,Rex Regum Qeon,-0.25,0.0,0.0,21.276412776412776,1
314316,Sunset,2024-04-16 06:00:00,BLEED,ZETA DIVISION,-0.42857142857142855,0.0,0.0,21.045673076923077,0
314316,Ascent,2024-04-16 06:00:00,BLEED,ZETA DIVISION,-0.42857142857142855,0.0,0.0,21.038961038961038,1
314316,Lotus,2024-04-16 06:00:00,BLEED,ZETA DIVISION,-0.42857142857142855,0.0,0.0,21.276412776412776,0
318925,Bind,2024-04-17 13:00:00,Karmine Corp,Natus Vincere,0.032967032967033016,0.0,0.0,21.575418994413408,1
318925,Sunset,2024-04-17 13:00:00,Karmine Corp,Natus Vincere,0.032967032967033016,0.0,0.0,21.045673076923077,0
318925,Split,2024-04-17 13:00:00,Karmine Corp,Natus Vincere,0.032967032967033016,0.0,0.0,21.295289855072465,0
318926,Split,2024-04-18 11:00:00,BBL Esports,Team Heretics,-0.125,0.0,0.0,21.295289855072465,1
318926,Sunset,2024-04-18 11:00:00,BBL Esports,Team Heretics,-0.125,0.0,0.0,21.045673076923077,1
318927,Ascent,2024-04-18 13:15:00,Team Vitality,FUT Esports,-0.19642857142857145,0.0,0.0,21.038961038961038,0
318927,Icebox,2024-04-18 13:15:00,Team Vitality,FUT Esports,-0.19642857142857145,0.0,0.0,21.217090069284065,1
318927,Sunset,2024-04-18 13:15:00,Team Vitality,FUT Esports,-0.19642857142857145,0.0,0.0,21.045673076923077,1
319777,Ascent,2024-04-19 05:00:00,Wolves Esports,Trace Esports,-0.5833333333333334,0.0,0.0,21.038961038961038,0
319777,Lotus,2024-04-19 05:00:00,Wolves Esports,Trace Esports,-0.5833333333333334,0.0,0.0,21.276412776412776,0
319778,Ascent,2024-04-19 07:25:00,Nova Esports,FunPlus Phoenix,-0.55,0.0,0.0,21.038961038961038,0
319778,Lotus,2024-04-19 07:25:00,Nova Esports,FunPlus Phoenix,-0.55,0.0,0.0,21.276412776412776,0
318928,Lotus,2024-04-19 11:00:00,Team Liquid,GIANTX,0.4444444444444444,0.0,0.0,21.276412776412776,0
318928,Icebox,2024-04-19 11:00:00,Team Liquid,GIANTX,0.4444444444444444,0.0,0.0,21.217090069284065,1
318928,Ascent,2024-04-19 11:00:00,Team Liquid,GIANTX,0.4444444444444444,0.0,0.0,21.038961038961038,1
314317,Haven,2024-04-20 04:00:00,Gen.G,DRX,0.13333333333333341,0.0,0.0,21.159926470588236,1
314317,Sunset,2024-04-20 04:00:00,Gen.G,DRX,0.13333333333333341,0.0,0.0,21.045673076923077,0
314317,Bind,2024-04-20 04:00:00,Gen.G,DRX,0.13333333333333341,0.0,0.0,21.575418994413408,1
314317,Haven,2024-04-20 04:00:00,Gen.G,DRX,0.13333333333333341,0.0,0.0,21.159926470588236,0
314317,Bind,2024-04-20 04:00:00,Gen.G,DRX,0.13333333333333341,0.0,0.0,21.575418994413408,1
314317,Lotus,2024-04-20 04:00:00,Gen.G,DRX,0.13333333333333341,0.0,0.0,21.276412776412776,1
314317,Icebox,2024-04-20 04:00:00,Gen.G,DRX,0.13333333333333341,0.0,0.0,21.217090069284065,1
314317,Bind,2024-04-20 04:00:00,Gen.G,DRX,0.13333333333333341,0.0,0.0,21.575418994413408,0
314317,Ascent,2024-04-20 04:00:00,Gen.G,DRX,0.13333333333333341,0.0,0.0,21.038961038961038,1
314317,Split,2024-04-20 04:00:00,Gen.G,DRX,0.13333333333333341,0.0,0.0,21.295289855072465,0
314317,Bind,2024-04-20 04:00:00,Gen.G,DRX,0.13333333333333341,0.0,0.0,21.575418994413408,0
314317,Sunset,2024-04-20 04:00:00,Gen.G,DRX,0.13333333333333341,0.0,0.0,21.045673076923077,1
314317,Ascent,2024-04-20 04:00:00,Gen.G,DRX,0.13333333333333341,0.0,0.0,21.038961038961038,1
319779,Lotus,2024-04-20 05:00:00,Bilibili Gaming,All Gamers,0.0714285714285714,0.0,0.0,21.276412776412776,0
319779,Bind,2024-04-20 05:00:00,Bilibili Gaming,All Gamers,0.0714285714285714,0.0,0.0,21.575418994413408,0
314318,Lotus,2024-04-20 07:15:00,BLEED,DetonatioN FocusMe,-0.25,0.0,0.0,21.276412776412776,0
314318,Split,2024-04-20 07:15:00,BLEED,DetonatioN FocusMe,-0.25,0.0,0.0,21.295289855072465,1
314318,Ascent,2024-04-20 07:15:00,BLEED,DetonatioN FocusMe,-0.25,0.0,0.0,21.038961038961038,1
319780,Breeze,2024-04-20 07:40:00,Dragon Ranger Gaming,JDG Esports,-0.06666666666666671,0.0,0.0,21.06774193548387,1
319780,Icebox,2024-04-20 07:40:00,Dragon Ranger Gaming,JDG Esports,-0.06666666666666671,0.0,0.0,21.217090069284065,0
319780,Bind,2024-04-20 07:40:00,Dragon Ranger Gaming,JDG Esports,-0.06666666666666671,0.0,0.0,21.575418994413408,1
314634,Lotus,2024-04-20 17:00:00,Sentinels,MIBR,0.23333333333333336,0.0,0.0,21.276412776412776,1
314634,Bind,2024-04-20 17:00:00,Sentinels,MIBR,0.23333333333333336,0.0,0.0,21.575418994413408,1
314635,Bind,2024-04-20 19:30:00,Cloud9,LOUD,0.46153846153846156,0.0,0.0,21.575418994413408,0
314635,Icebox,2024-04-20 19:30:00,Cloud9,LOUD,0.46153846153846156,0.0,0.0,21.217090069284065,1
314635,Lotus,2024-04-20 19:30:00,Cloud9,LOUD,0.46153846153846156,0.0,0.0,21.276412776412776,1
314319,Lotus,2024-04-21 04:00:00,Global Esports,Rex Regum Qeon,-0.23333333333333336,0.0,0.0,21.276412776412776,1
314319,Icebox,2024-04-21 04:00:00,Global Esports,Rex Regum Qeon,-0.23333333333333336,0.0,0.0,21.217090069284065,1
319781,Icebox,2024-04-21 05:00:00,TYLOO,Nova Esports,0.08333333333333334,0.0,0.0,21.217090069284065,0
319781,Ascent,2024-04-21 05:00:00,TYLOO,Nova Esports,0.08333333333333334,0.0,0.0,21.038961038961038,1
319781,Split,2024-04-21 05:00:00,TYLOO,Nova Esports,0.08333333333333334,0.0,0.0,21.295289855072465,1
319781,Ascent,2024-04-21 05:00:00,TYLOO,Nova Esports,0.08333333333333334,0.0,0.0,21.038961038961038,0
319781,Split,2024-04-21 05:00:00,TYLOO,Nova Esports,0.08333333333333334,0.0,0.0,21.295289855072465,0
314320,Icebox,2024-04-21 07:00:00,Team Secret,Paper Rex,-0.20588235294117652,0.0,0.0,21.217090069284065,1
314320,Sunset,2024-04-21 07:00:00,Team Secret,Paper Rex,-0.20588235294117652,0.0,0.0,21.045673076923077,1
319782,Ascent,2024-04-21 09:00:00,EDward Gaming,Titan Esports Club,0.3296703296703297,0.0,0.0,21.038961038961038,1
319782,Sunset,2024-04-21 09:00:00,EDward Gaming,Titan Esports Club,0.3296703296703297,0.0,0.0,21.045673076923077,1
314321,Lotus,2024-04-22 04:00:00,T1,Talon Esports,-0.16666666666666669,0.0,0.0,21.276412776412776,0
314321,Bind,2024-04-22 04:00:00,T1,Talon Esports,-0.16666666666666669,0.0,0.0,21.575418994413408,0
314322,Split,2024-04-22 06:15:00,Gen.G,ZETA DIVISION,0.3125,0.0,0.0,21.295289855072465,1
314322,Ascent,2024-04-22 06:15:00,Gen.G,ZETA DIVISION,0.3125,0.0,0.0,21.038961038961038,1
314322,Icebox,2024-04-22 06:15:00,Gen.G,ZETA DIVISION,0.3125,0.0,0.0,21.217090069284065,1
314322,Ascent,2024-04-22 06:15:00,Gen.G,ZETA DIVISION,0.3125,0.0,0.0,21.038961038961038,1
314638,Lotus,2024-04-22 17:00:00,G2 Esports,FURIA,1.0,0.0,0.0,21.276412776412776,1
314638,Icebox,2024-04-22 17:00:00,G2 Esports,FURIA,1.0,0.0,0.0,21.217090069284065,1
314639,Bind,2024-04-22 19:00:00,Cloud9,100 Thieves,0.5,0.0,0.0,21.575418994413408,0
314639,Ascent,2024-04-22 19:00:00,Cloud9,100 Thieves,0.5,0.0,0.0,21.038961038961038,0
314323,Lotus,2024-04-23 04:00:00,Team Secret,DetonatioN FocusMe,0.35555555555555557,0.0,0.0,21.276412776412776,1
314323,Breeze,2024-04-23 04:00:00,Team Secret,DetonatioN FocusMe,0.35555555555555557,0.0,0.0,21.06774193548387,0
314323,Sunset,2024-04-23 04:00:00,Team Secret,DetonatioN FocusMe,0.35555555555555557,0.0,0.0,21.045673076923077,1
314324,Sunset,2024-04-23 06:50:00,Global Esports,Paper Rex,-0.38095238095238093,0.0,0.0,21.045673076923077,0
314324,Icebox,2024-04-23 06:50:00,Global Esports,Paper Rex,-0.38095238095238093,0.0,0.0,21.217090069284065,0
314640,Lotus,2024-04-23 17:00:00,Sentinels,Evil Geniuses,0.07386363636363635,0.0,0.0,21.276412776412776,1
314640,Bind,2024-04-23 17:00:00,Sentinels,Evil Geniuses,0.07386363636363635,0.0,0.0,21.575418994413408,0
314640,Sunset,2024-04-23 17:00:00,Sentinels,Evil Geniuses,0.07386363636363635,0.0,0.0,21.045673076923077,0
318930,Sunset,2024-04-24 11:00:00,Team Liquid,Team Heretics,-0.05555555555555558,0.0,0.0,21.045673076923077,0
318930,Bind,2024-04-24 11:00:00,Team Liquid,Team Heretics,-0.05555555555555558,0.0,0.0,21.575418994413408,0
318931,Icebox,2024-04-24 13:00:00,Team Vitality,Gentle Mates,-0.09999999999999998,0.0,0.0,21.217090069284065,0
318931,Sunset,2024-04-24 13:00:00,Team Vitality,Gentle Mates,-0.09999999999999998,0.0,0.0,21.045673076923077,0
318931,Sunset,2024-04-24 13:00:00,Team Vitality,Gentle Mates,-0.09999999999999998,0.0,0.0,21.045673076923077,1
318931,Lotus,2024-04-24 13:00:00,Team Vitality,Gentle Mates,-0.09999999999999998,0.0,0.0,21.276412776412776,1
318931,Breeze,2024-04-24 13:00:00,Team Vitality,Gentle Mates,-0.09999999999999998,0.0,0.0,21.06774193548387,0
318931,Lotus,2024-04-24 13:00:00,Team Vitality,Gentle Mates,-0.09999999999999998,0.0,0.0,21.276412776412776,1
318931,Sunset,2024-04-24 13:00:00,Team Vitality,Gentle Mates,-0.09999999999999998,0.0,0.0,21.045673076923077,1
314642,Icebox,2024-04-24 17:00:00,G2 Esports,LEVIATÁN,0.33333333333333337,0.0,0.0,21.217090069284065,0
314642,Abyss,2024-04-24 17:00:00,G2 Esports,LEVIATÁN,0.33333333333333337,0.0,0.0,21.180487804878048,0
314642,Lotus,2024-04-24 17:00:00,G2 Esports,LEVIATÁN,0.33333333333333337,0.0,0.0,21.276412776412776,0
314642,Haven,2024-04-24 17:00:00,G2 Esports,LEVIATÁN,0.33333333333333337,0.0,0.0,21.159926470588236,0
314642,Bind,2024-04-24 17:00:00,G2 Esports,LEVIATÁN,0.33333333333333337,0.0,0.0,21.575418994413408,1
314642,Ascent,2024-04-24 17:00:00,G2 Esports,LEVIATÁN,0.33333333333333337,0.0,0.0,21.038961038961038,0
314642,Breeze,2024-04-24 17:00:00,G2 Esports,LEVIATÁN,0.33333333333333337,0.0,0.0,21.06774193548387,0
314642,Icebox,2024-04-24 17:00:00,G2 Esports,LEVIATÁN,0.33333333333333337,0.0,0.0,21.217090069284065,1
314642,Lotus,2024-04-24 17:00:00,G2 Esports,LEVIATÁN,0.33333333333333337,0.0,0.0,21.276412776412776,0
314642,Bind,2024-04-24 17:00:00,G2 Esports,LEVIATÁN,0.33333333333333337,0.0,0.0,21.575418994413408,0
314642,Breeze,2024-04-24 17:00:00,G2 Esports,LEVIATÁN,0.33333333333333337,0.0,0.0,21.06774193548387,1
314642,Icebox,2024-04-24 17:00:00,G2 Esports,LEVIATÁN,0.33333333333333337,0.0,0.0,21.217090069284065,0
314642,Lotus,2024-04-24 17:00:00,G2 Esports,LEVIATÁN,0.33333333333333337,0.0,0.0,21.276412776412776,1
314642,Ascent,2024-04-24 17:00:00,G2 Esports,LEVIATÁN,0.33333333333333337,0.0,0.0,21.038961038961038,1
318933,Ascent,2024-04-25 13:30:00,BBL Esports,Natus Vincere,0.09999999999999998,0.0,0.0,21.038961038961038,0
318933,Sunset,2024-04-25 13:30:00,BBL Esports,Natus Vincere,0.09999999999999998,0.0,0.0,21.045673076923077,1
318933,Split,2024-04-25 13:30:00,BBL Esports,Natus Vincere,0.09999999999999998,0.0,0.0,21.295289855072465,1
319783,Sunset,2024-04-26 05:00:00,Titan Esports Club,Bilibili Gaming,-0.25,0.0,0.0,21.045673076923077,1
319783,Bind,2024-04-26 05:00:00,Titan Esports Club,Bilibili Gaming,-0.25,0.0,0.0,21.575418994413408,0
319783,Icebox,2024-04-26 05:00:00,Titan Esports Club,Bilibili Gaming,-0.25,0.0,0.0,21.217090069284065,1
319784,Breeze,2024-04-26 08:05:00,Trace Esports,Dragon Ranger Gaming,0.34920634920634924,0.0,0.0,21.06774193548387,0
319784,Sunset,2024-04-26 08:05:00,Trace Esports,Dragon Ranger Gaming,0.34920634920634924,0.0,0.0,21.045673076923077,0
319784,Sunset,2024-04-26 08:05:00,Trace Esports,Dragon Ranger Gaming,0.34920634920634924,0.0,0.0,21.045673076923077,1
319784,Split,2024-04-26 08:05:00,Trace Esports,Dragon Ranger Gaming,0.34920634920634924,0.0,0.0,21.295289855072465,0
319784,Bind,2024-04-26 08:05:00,Trace Esports,Dragon Ranger Gaming,0.34920634920634924,0.0,0.0,21.575418994413408,0
318934,Lotus,2024-04-26 11:00:00,Team Vitality,GIANTX,0.4444444444444444,0.0,0.0,21.276412776412776,0
318934,Breeze,2024-04-26 11:00:00,Team Vitality,GIANTX,0.4444444444444444,0.0,0.0,21.06774193548387,1
318934,Sunset,2024-04-26 11:00:00,Team Vitality,GIANTX,0.4444444444444444,0.0,0.0,21.045673076923077,1
318935,Sunset,2024-04-26 14:10:00,Karmine Corp,KOI,0.42857142857142855,0.0,0.0,21.045673076923077,1
318935,Icebox,2024-04-26 14:10:00,Karmine Corp,KOI,0.42857142857142855,0.0,0.0,21.217090069284065,0
318935,Bind,2024-04-26 14:10:00,Karmine Corp,KOI,0.42857142857142855,0.0,0.0,21.575418994413408,1
318935,Sunset,2024-04-26 14:10:00,Karmine Corp,KOI,0.42857142857142855,0.0,0.0,21.045673076923077,1
318935,Bind,2024-04-26 14:10:00,Karmine Corp,KOI,0.42857142857142855,0.0,0.0,21.575418994413408,1
314325,Ascent,2024-04-27 04:00:00,BLEED,Paper Rex,-0.5175438596491229,0.0,0.0,21.038961038961038,0
314325,Bind,2024-04-27 04:00:00,BLEED,Paper Rex,-0.5175438596491229,0.0,0.0,21.575418994413408,0
319785,Sunset,2024-04-27 05:00:00,TYLOO,Wolves Esports,0.2571428571428572,0.0,0.0,21.045673076923077,0
319785,Split,2024-04-27 05:00:00,TYLOO,Wolves Esports,0.2571428571428572,0.0,0.0,21.295289855072465,1
319785,Ascent,2024-04-27 05:00:00,TYLOO,Wolves Esports,0.2571428571428572,0.0,0.0,21.038961038961038,0
314326,Split,2024-04-27 06:00:00,Global Esports,DetonatioN FocusMe,0.08333333333333334,0.0,0.0,21.295289855072465,0
314326,Lotus,2024-04-27 06:00:00,Global Esports,DetonatioN FocusMe,0.08333333333333334,0.0,0.0,21.276412776412776,1
314326,Ascent,2024-04-27 06:00:00,Global Esports,DetonatioN FocusMe,0.08333333333333334,0.0,0.0,21.038961038961038,1
319786,Breeze,2024-04-27 08:30:00,FunPlus Phoenix,EDward Gaming,0.13492063492063489,0.0,0.0,21.06774193548387,0
319786,Bind,2024-04-27 08:30:00,FunPlus Phoenix,EDward Gaming,0.13492063492063489,0.0,0.0,21.575418994413408,1
319786,Ascent,2024-04-27 08:30:00,FunPlus Phoenix,EDward Gaming,0.13492063492063489,0.0,0.0,21.038961038961038,1
319786,Icebox,2024-04-27 08:30:00,FunPlus Phoenix,EDward Gaming,0.13492063492063489,0.0,0.0,21.217090069284065,1
319786,Breeze,2024-04-27 08:30:00,FunPlus Phoenix,EDward Gaming,0.13492063492063489,0.0,0.0,21.06774193548387,1
319786,Lotus,2024-04-27 08:30:00,FunPlus Phoenix,EDward Gaming,0.13492063492063489,0.0,0.0,21.276412776412776,1
319786,Bind,2024-04-27 08:30:00,FunPlus Phoenix,EDward Gaming,0.13492063492063489,0.0,0.0,21.575418994413408,0
319786,Icebox,2024-04-27 08:30:00,FunPlus Phoenix,EDward Gaming,0.13492063492063489,0.0,0.0,21.217090069284065,0
319786,Breeze,2024-04-27 08:30:00,FunPlus Phoenix,EDward Gaming,0.13492063492063489,0.0,0.0,21.06774193548387,0
319786,Breeze,2024-04-27 08:30:00,FunPlus Phoenix,EDward Gaming,0.13492063492063489,0.0,0.0,21.06774193548387,0
319786,Split,2024-04-27 08:30:00,FunPlus Phoenix,EDward Gaming,0.13492063492063489,0.0,0.0,21.295289855072465,0
319786,Icebox,2024-04-27 08:30:00,FunPlus Phoenix,EDward Gaming,0.13492063492063489,0.0,0.0,21.217090069284065,1
319786,Ascent,2024-04-27 08:30:00,FunPlus Phoenix,EDward Gaming,0.13492063492063489,0.0,0.0,21.038961038961038,0
314644,Icebox,2024-04-27 17:00:00,G2 Esports,MIBR,0.7638888888888888,0.0,0.0,21.217090069284065,1
314644,Bind,2024-04-27 17:00:00,G2 Esports,MIBR,0.7638888888888888,0.0,0.0,21.575418994413408,1
314644,Sunset,2024-04-27 17:00:00,G2 Esports,MIBR,0.7638888888888888,0.0,0.0,21.045673076923077,0
314644,Split,2024-04-27 17:00:00,G2 Esports,MIBR,0.7638888888888888,0.0,0.0,21.295289855072465,1
314644,Breeze,2024-04-27 17:00:00,G2 Esports,MIBR,0.7638888888888888,0.0,0.0,21.06774193548387,0
314645,Lotus,2024-04-27 19:05:00,Sentinels,LOUD,-0.05490196078431375,0.0,0.0,21.276412776412776,0
314645,Icebox,2024-04-27 19:05:00,Sentinels,LOUD,-0.05490196078431375,0.0,0.0,21.217090069284065,0
314645,Split,2024-04-27 19:05:00,Sentinels,LOUD,-0.05490196078431375,0.0,0.0,21.295289855072465,1
314645,Icebox,2024-04-27 19:05:00,Sentinels,LOUD,-0.05490196078431375,0.0,0.0,21.217090069284065,0
314645,Sunset,2024-04-27 19:05:00,Sentinels,LOUD,-0.05490196078431375,0.0,0.0,21.045673076923077,1
314327,Bind,2024-04-28 04:00:00,T1,ZETA DIVISION,-0.14444444444444443,0.0,0.0,21.575418994413408,0
314327,Lotus,2024-04-28 04:00:00,T1,ZETA DIVISION,-0.14444444444444443,0.0,0.0,21.276412776412776,1
314327,Sunset,2024-04-28 04:00:00,T1,ZETA DIVISION,-0.14444444444444443,0.0,0.0,21.045673076923077,1
314327,Ascent,2024-04-28 04:00:00,T1,ZETA DIVISION,-0.14444444444444443,0.0,0.0,21.038961038961038,0
314327,Lotus,2024-04-28 04:00:00,T1,ZETA DIVISION,-0.14444444444444443,0.0,0.0,21.276412776412776,1
314327,Sunset,2024-04-28 04:00:00,T1,ZETA DIVISION,-0.14444444444444443,0.0,0.0,21.045673076923077,1
319787,Lotus,2024-04-28 05:00:00,All Gamers,Nova Esports,0.45714285714285713,0.0,0.0,21.276412776412776,1
319787,Bind,2024-04-28 05:00:00,All Gamers,Nova Esports,0.45714285714285713,0.0,0.0,21.575418994413408,0
319787,Split,2024-04-28 05:00:00,All Gamers,Nova Esports,0.45714285714285713,0.0,0.0,21.295289855072465,1
314328,Lotus,2024-04-28 07:10:00,Team Secret,Talon Esports,0.02857142857142858,0.0,0.0,21.276412776412776,0
314328,Abyss,2024-04-28 07:10:00,Team Secret,Talon Esports,0.02857142857142858,0.0,0.0,21.180487804878048,0
314328,Sunset,2024-04-28 07:10:00,Team Secret,Talon Esports,0.02857142857142858,0.0,0.0,21.045673076923077,1
314328,Lotus,2024-04-28 07:10:00,Team Secret,Talon Esports,0.02857142857142858,0.0,0.0,21.276412776412776,0
314328,Breeze,2024-04-28 07:10:00,Team Secret,Talon Esports,0.02857142857142858,0.0,0.0,21.06774193548387,0
314328,Breeze,2024-04-28 07:10:00,Team Secret,Talon Esports,0.02857142857142858,0.0,0.0,21.06774193548387,0
314328,Ascent,2024-04-28 07:10:00,Team Secret,Talon Esports,0.02857142857142858,0.0,0.0,21.038961038961038,0
319788,Icebox,2024-04-28 08:40:00,Bilibili Gaming,JDG Esports,0.1111111111111111,0.0,0.0,21.217090069284065,1
319788,Lotus,2024-04-28 08:40:00,Bilibili Gaming,JDG Esports,0.1111111111111111,0.0,0.0,21.276412776412776,1
314646,Ascent,2024-04-28 17:00:00,Cloud9,FURIA,0.8571428571428571,0.0,0.0,21.038961038961038,0
314646,Lotus,2024-04-28 17:00:00,Cloud9,FURIA,0.8571428571428571,0.0,0.0,21.276412776412776,1
314646,Bind,2024-04-28 17:00:00,Cloud9,FURIA,0.8571428571428571,0.0,0.0,21.575418994413408,1
314329,Bind,2024-04-29 04:00:00,BLEED,DRX,-0.47252747252747257,0.0,0.0,21.575418994413408,0
314329,Breeze,2024-04-29 04:00:00,BLEED,DRX,-0.47252747252747257,0.0,0.0,21.06774193548387,0
314330,Haven,2024-04-29 06:05:00,Gen.G,Rex Regum Qeon,0.49019607843137253,0.0,0.0,21.159926470588236,1
314330,Bind,2024-04-29 06:05:00,Gen.G,Rex Regum Qeon,0.49019607843137253,0.0,0.0,21.575418994413408,1
314330,Breeze,2024-04-29 06:05:00,Gen.G,Rex Regum Qeon,0.49019607843137253,0.0,0.0,21.06774193548387,1
314330,Ascent,2024-04-29 06:05:00,Gen.G,Rex Regum Qeon,0.49019607843137253,0.0,0.0,21.038961038961038,0
314330,Split,2024-04-29 06:05:00,Gen.G,Rex Regum Qeon,0.49019607843137253,0.0,0.0,21.295289855072465,0
314330,Icebox,2024-04-29 06:05:00,Gen.G,Rex Regum Qeon,0.49019607843137253,0.0,0.0,21.217090069284065,1
314330,Split,2024-04-29 06:05:00,Gen.G,Rex Regum Qeon,0.49019607843137253,0.0,0.0,21.295289855072465,0
314330,Sunset,2024-04-29 06:05:00,Gen.G,Rex Regum Qeon,0.49019607843137253,0.0,0.0,21.045673076923077,1
314330,Lotus,2024-04-29 06:05:00,Gen.G,Rex Regum Qeon,0.49019607843137253,0.0,0.0,21.276412776412776,1
314330,Breeze,2024-04-29 06:05:00,Gen.G,Rex Regum Qeon,0.49019607843137253,0.0,0.0,21.06774193548387,0
314330,Icebox,2024-04-29 06:05:00,Gen.G,Rex Regum Qeon,0.49019607843137253,0.0,0.0,21.217090069284065,1
318936,Bind,2024-05-01 11:00:00,BBL Esports,GIANTX,0.6666666666666666,0.0,0.0,21.575418994413408,0
318936,Sunset,2024-05-01 11:00:00,BBL Esports,GIANTX,0.6666666666666666,0.0,0.0,21.045673076923077,0
318937,Icebox,2024-05-01 13:00:00,Karmine Corp,Team Heretics,-0.1333333333333333,0.0,0.0,21.217090069284065,0
318937,Lotus,2024-05-01 13:00:00,Karmine Corp,Team Heretics,-0.1333333333333333,0.0,0.0,21.276412776412776,1
318937,Bind,2024-05-01 13:00:00,Karmine Corp,Team Heretics,-0.1333333333333333,0.0,0.0,21.575418994413408,0
319789,Sunset,2024-05-02 07:00:00,EDward Gaming,All Gamers,-0.06666666666666665,0.0,0.0,21.045673076923077,1
319789,Icebox,2024-05-02 07:00:00,EDward Gaming,All Gamers,-0.06666666666666665,0.0,0.0,21.217090069284065,1
318938,Split,2024-05-02 11:00:00,Team Vitality,KOI,0.5,0.0,0.0,21.295289855072465,0
318938,Breeze,2024-05-02 11:00:00,Team Vitality,KOI,0.5,0.0,0.0,21.06774193548387,1
318938,Icebox,2024-05-02 11:00:00,Team Vitality,KOI,0.5,0.0,0.0,21.217090069284065,0
329907,Haven,2024-05-03 04:00:00,Team Secret,T1,0.18181818181818177,0.0,0.0,21.159926470588236,0
329907,Split,2024-05-03 04:00:00,Team Secret,T1,0.18181818181818177,0.0,0.0,21.295289855072465,1
329907,Icebox,2024-05-03 04:00:00,Team Secret,T1,0.18181818181818177,0.0,0.0,21.217090069284065,1
329907,Lotus,2024-05-03 04:00:00,Team Secret,T1,0.18181818181818177,0.0,0.0,21.276412776412776,0
329907,Sunset,2024-05-03 04:00:00,Team Secret,T1,0.18181818181818177,0.0,0.0,21.045673076923077,0
329908,Icebox,2024-05-03 06:10:00,Paper Rex,Talon Esports,0.07499999999999996,0.0,0.0,21.217090069284065,1
329908,Sunset,2024-05-03 06:10:00,Paper Rex,Talon Esports,0.07499999999999996,0.0,0.0,21.045673076923077,1
329908,Ascent,2024-05-03 06:10:00,Paper Rex,Talon Esports,0.07499999999999996,0.0,0.0,21.038961038961038,1
329908,Sunset,2024-05-03 06:10:00,Paper Rex,Talon Esports,0.07499999999999996,0.0,0.0,21.045673076923077,1
329908,Lotus,2024-05-03 06:10:00,Paper Rex,Talon Esports,0.07499999999999996,0.0,0.0,21.276412776412776,1
329908,Sunset,2024-05-03 06:10:00,Paper Rex,Talon Esports,0.07499999999999996,0.0,0.0,21.045673076923077,1
329908,Bind,2024-05-03 06:10:00,Paper Rex,Talon Esports,0.07499999999999996,0.0,0.0,21.575418994413408,0
319790,Lotus,2024-05-03 07:00:00,Wolves Esports,JDG Esports,-0.0357142857142857,0.0,0.0,21.276412776412776,0
319790,Ascent,2024-05-03 07:00:00,Wolves Esports,JDG Esports,-0.0357142857142857,0.0,0.0,21.038961038961038,0
318940,Lotus,2024-05-03 11:00:00,Team Liquid,Gentle Mates,-0.2121212121212121,0.0,0.0,21.276412776412776,1
318940,Icebox,2024-05-03 11:00:00,Team Liquid,Gentle Mates,-0.2121212121212121,0.0,0.0,21.217090069284065,1
318941,Bind,2024-05-03 12:50:00,BBL Esports,FUT Esports,-0.02857142857142858,0.0,0.0,21.575418994413408,0
318941,Icebox,2024-05-03 12:50:00,BBL Esports,FUT Esports,-0.02857142857142858,0.0,0.0,21.217090069284065,0
314650,Split,2024-05-03 20:00:00,Sentinels,FURIA,0.3888888888888889,0.0,0.0,21.295289855072465,1
314650,Icebox,2024-05-03 20:00:00,Sentinels,FURIA,0.3888888888888889,0.0,0.0,21.217090069284065,1
329909,Ascent,2024-05-04 04:00:00,Gen.G,T1,0.5,0.0,0.0,21.038961038961038,0
329909,Sunset,2024-05-04 04:00:00,Gen.G,T1,0.5,0.0,0.0,21.045673076923077,1
329909,Breeze,2024-05-04 04:00:00,Gen.G,T1,0.5,0.0,0.0,21.06774193548387,0
319791,Bind,2024-05-04 05:00:00,Dragon Ranger Gaming,TYLOO,0.16666666666666669,0.0,0.0,21.575418994413408,0
319791,Breeze,2024-05-04 05:00:00,Dragon Ranger Gaming,TYLOO,0.16666666666666669,0.0,0.0,21.06774193548387,0
329910,Abyss,2024-05-04 07:10:00,DRX,Paper Rex,-0.0714285714285714,0.0,0.0,21.180487804878048,0
329910,Lotus,2024-05-04 07:10:00,DRX,Paper Rex,-0.0714285714285714,0.0,0.0,21.276412776412776,0
329910,Bind,2024-05-04 07:10:00,DRX,Paper Rex,-0.0714285714285714,0.0,0.0,21.575418994413408,1
329910,Icebox,2024-05-04 07:10:00,DRX,Paper Rex,-0.0714285714285714,0.0,0.0,21.217090069284065,1
329910,Ascent,2024-05-04 07:10:00,DRX,Paper Rex,-0.0714285714285714,0.0,0.0,21.038961038961038,1
329910,Lotus,2024-05-04 07:10:00,DRX,Paper Rex,-0.0714285714285714,0.0,0.0,21.276412776412776,0
329910,Ascent,2024-05-04 07:10:00,DRX,Paper Rex,-0.0714285714285714,0.0,0.0,21.038961038961038,1
329910,Bind,2024-05-04 07:10:00,DRX,Paper Rex,-0.0714285714285714,0.0,0.0,21.575418994413408,0
319792,Icebox,2024-05-04 07:30:00,Bilibili Gaming,FunPlus Phoenix,-0.30000000000000004,0.0,0.0,21.217090069284065,0
319792,Lotus,2024-05-04 07:30:00,Bilibili Gaming,FunPlus Phoenix,-0.30000000000000004,0.0,0.0,21.276412776412776,0
329912,Lotus,2024-05-05 04:00:00,T1,Paper Rex,-0.29720279720279713,0.0,0.0,21.276412776412776,0
329912,Bind,2024-05-05 04:00:00,T1,Paper Rex,-0.29720279720279713,0.0,0.0,21.575418994413408,0
329912,Lotus,2024-05-05 04:00:00,T1,Paper Rex,-0.29720279720279713,0.0,0.0,21.276412776412776,0
329912,Sunset,2024-05-05 04:00:00,T1,Paper Rex,-0.29720279720279713,0.0,0.0,21.045673076923077,0
329912,Split,2024-05-05 04:00:00,T1,Paper Rex,-0.29720279720279713,0.0,0.0,21.295289855072465,0
329912,Ascent,2024-05-05 04:00:00,T1,Paper Rex,-0.29720279720279713,0.0,0.0,21.038961038961038,0
319793,Split,2024-05-05 05:00:00,Nova Esports,Titan Esports Club,-0.20833333333333331,0.0,0.0,21.295289855072465,1
319793,Lotus,2024-05-05 05:00:00,Nova Esports,Titan Esports Club,-0.20833333333333331,0.0,0.0,21.276412776412776,1
329911,Haven,2024-05-05 06:00:00,Gen.G,DRX,0.1228070175438597,0.0,0.0,21.159926470588236,1
329911,Sunset,2024-05-05 06:00:00,Gen.G,DRX,0.1228070175438597,0.0,0.0,21.045673076923077,0
329911,Bind,2024-05-05 06:00:00,Gen.G,DRX,0.1228070175438597,0.0,0.0,21.575418994413408,1
329911,Haven,2024-05-05 06:00:00,Gen.G,DRX,0.1228070175438597,0.0,0.0,21.159926470588236,0
329911,Bind,2024-05-05 06:00:00,Gen.G,DRX,0.1228070175438597,0.0,0.0,21.575418994413408,1
329911,Lotus,2024-05-05 06:00:00,Gen.G,DRX,0.1228070175438597,0.0,0.0,21.276412776412776,1
329911,Icebox,2024-05-05 06:00:00,Gen.G,DRX,0.1228070175438597,0.0,0.0,21.217090069284065,1
329911,Bind,2024-05-05 06:00:00,Gen.G,DRX,0.1228070175438597,0.0,0.0,21.575418994413408,0
329911,Ascent,2024-05-05 06:00:00,Gen.G,DRX,0.1228070175438597,0.0,0.0,21.038961038961038,1
329911,Split,2024-05-05 06:00:00,Gen.G,DRX,0.1228070175438597,0.0,0.0,21.295289855072465,0
329911,Bind,2024-05-05 06:00:00,Gen.G,DRX,0.1228070175438597,0.0,0.0,21.575418994413408,0
329911,Sunset,2024-05-05 06:00:00,Gen.G,DRX,0.1228070175438597,0.0,0.0,21.045673076923077,1
329911,Ascent,2024-05-05 06:00:00,Gen.G,DRX,0.1228070175438597,0.0,0.0,21.038961038961038,1
319794,Bind,2024-05-05 07:05:00,Trace Esports,EDward Gaming,0.07499999999999996,0.0,0.0,21.575418994413408,0
319794,Sunset,2024-05-05 07:05:00,Trace Esports,EDward Gaming,0.07499999999999996,0.0,0.0,21.045673076923077,0
319794,Sunset,2024-05-05 07:05:00,Trace Esports,EDward Gaming,0.07499999999999996,0.0,0.0,21.045673076923077,0
319794,Abyss,2024-05-05 07:05:00,Trace Esports,EDward Gaming,0.07499999999999996,0.0,0.0,21.180487804878048,0
319794,Sunset,2024-05-05 07:05:00,Trace Esports,EDward Gaming,0.07499999999999996,0.0,0.0,21.045673076923077,0
319794,Breeze,2024-05-05 07:05:00,Trace Esports,EDward Gaming,0.07499999999999996,0.0,0.0,21.06774193548387,0
314653,Icebox,2024-05-05 17:00:00,Cloud9,MIBR,0.7638888888888888,0.0,0.0,21.217090069284065,1
314653,Sunset,2024-05-05 17:00:00,Cloud9,MIBR,0.7638888888888888,0.0,0.0,21.045673076923077,1
314653,Bind,2024-05-05 17:00:00,Cloud9,MIBR,0.7638888888888888,0.0,0.0,21.575418994413408,1
314653,Split,2024-05-05 17:00:00,Cloud9,MIBR,0.7638888888888888,0.0,0.0,21.295289855072465,0
314653,Lotus,2024-05-05 17:00:00,Cloud9,MIBR,0.7638888888888888,0.0,0.0,21.276412776412776,1
314653,Bind,2024-05-05 17:00:00,Cloud9,MIBR,0.7638888888888888,0.0,0.0,21.575418994413408,0
314653,Ascent,2024-05-05 17:00:00,Cloud9,MIBR,0.7638888888888888,0.0,0.0,21.038961038961038,0
314654,Bind,2024-05-05 19:35:00,G2 Esports,LOUD,0.4,0.0,0.0,21.575418994413408,0
314654,Icebox,2024-05-05 19:35:00,G2 Esports,LOUD,0.4,0.0,0.0,21.217090069284065,0
342356,Lotus,2024-05-08 05:00:00,Trace Esports,All Gamers,0.06493506493506496,0.0,0.0,21.276412776412776,1
342356,Sunset,2024-05-08 05:00:00,Trace Esports,All Gamers,0.06493506493506496,0.0,0.0,21.045673076923077,1
342356,Sunset,2024-05-08 05:00:00,Trace Esports,All Gamers,0.06493506493506496,0.0,0.0,21.045673076923077,1
342356,Breeze,2024-05-08 05:00:00,Trace Esports,All Gamers,0.06493506493506496,0.0,0.0,21.06774193548387,1
342357,Ascent,2024-05-08 07:15:00,Dragon Ranger Gaming,Nova Esports,0.2222222222222222,0.0,0.0,21.038961038961038,1
342357,Lotus,2024-05-08 07:15:00,Dragon Ranger Gaming,Nova Esports,0.2222222222222222,0.0,0.0,21.276412776412776,0
342357,Sunset,2024-05-08 07:15:00,Dragon Ranger Gaming,Nova Esports,0.2222222222222222,0.0,0.0,21.045673076923077,0
342357,Bind,2024-05-08 07:15:00,Dragon Ranger Gaming,Nova Esports,0.2222222222222222,0.0,0.0,21.575418994413408,1
342357,Ascent,2024-05-08 07:15:00,Dragon Ranger Gaming,Nova Esports,0.2222222222222222,0.0,0.0,21.038961038961038,1
341817,Lotus,2024-05-08 14:20:00,Natus Vincere,Team Heretics,-0.13636363636363635,0.0,0.0,21.276412776412776,0
341817,Split,2024-05-08 14:20:00,Natus Vincere,Team Heretics,-0.13636363636363635,0.0,0.0,21.295289855072465,0
337407,Lotus,2024-05-08 17:00:00,Cloud9,G2 Esports,0.07070707070707061,0.0,0.0,21.276412776412776,0
337407,Ascent,2024-05-08 17:00:00,Cloud9,G2 Esports,0.07070707070707061,0.0,0.0,21.038961038961038,0
337408,Bind,2024-05-08 19:25:00,100 Thieves,LOUD,0.04201680672268904,0.0,0.0,21.575418994413408,1
337408,Icebox,2024-05-08 19:25:00,100 Thieves,LOUD,0.04201680672268904,0.0,0.0,21.217090069284065,1
342358,Haven,2024-05-09 05:00:00,FunPlus Phoenix,Trace Esports,0.1515151515151516,0.0,0.0,21.159926470588236,1
342358,Lotus,2024-05-09 05:00:00,FunPlus Phoenix,Trace Esports,0.1515151515151516,0.0,0.0,21.276412776412776,0
342358,Sunset,2024-05-09 05:00:00,FunPlus Phoenix,Trace Esports,0.1515151515151516,0.0,0.0,21.045673076923077,0
342358,Ascent,2024-05-09 05:00:00,FunPlus Phoenix,Trace Esports,0.1515151515151516,0.0,0.0,21.038961038961038,0
342358,Haven,2024-05-09 05:00:00,FunPlus Phoenix,Trace Esports,0.1515151515151516,0.0,0.0,21.159926470588236,0
342358,Bind,2024-05-09 05:00:00,FunPlus Phoenix,Trace Esports,0.1515151515151516,0.0,0.0,21.575418994413408,1
342358,Lotus,2024-05-09 05:00:00,FunPlus Phoenix,Trace Esports,0.1515151515151516,0.0,0.0,21.276412776412776,1
342359,Lotus,2024-05-09 07:30:00,EDward Gaming,Dragon Ranger Gaming,0.24705882352941178,0.0,0.0,21.276412776412776,0
342359,Haven,2024-05-09 07:30:00,EDward Gaming,Dragon Ranger Gaming,0.24705882352941178,0.0,0.0,21.159926470588236,0
342359,Ascent,2024-05-09 07:30:00,EDward Gaming,Dragon Ranger Gaming,0.24705882352941178,0.0,0.0,21.038961038961038,1
342359,Split,2024-05-09 07:30:00,EDward Gaming,Dragon Ranger Gaming,0.24705882352941178,0.0,0.0,21.295289855072465,1
342359,Breeze,2024-05-09 07:30:00,EDward Gaming,Dragon Ranger Gaming,0.24705882352941178,0.0,0.0,21.06774193548387,1
342359,Split,2024-05-09 07:30:00,EDward Gaming,Dragon Ranger Gaming,0.24705882352941178,0.0,0.0,21.295289855072465,1
342359,Ascent,2024-05-09 07:30:00,EDward Gaming,Dragon Ranger Gaming,0.24705882352941178,0.0,0.0,21.038961038961038,0
342359,Bind,2024-05-09 07:30:00,EDward Gaming,Dragon Ranger Gaming,0.24705882352941178,0.0,0.0,21.575418994413408,1
341819,Lotus,2024-05-09 13:30:00,FUT Esports,Team Heretics,-0.030303030303030276,0.0,0.0,21.276412776412776,0
341819,Split,2024-05-09 13:30:00,FUT Esports,Team Heretics,-0.030303030303030276,0.0,0.0,21.295289855072465,0
341819,Lotus,2024-05-09 13:30:00,FUT Esports,Team Heretics,-0.030303030303030276,0.0,0.0,21.276412776412776,0
341819,Bind,2024-05-09 13:30:00,FUT Esports,Team Heretics,-0.030303030303030276,0.0,0.0,21.575418994413408,0
337410,Bind,2024-05-09 19:05:00,LEVIATÁN,100 Thieves,0.125,0.0,0.0,21.575418994413408,1
337410,Haven,2024-05-09 19:05:00,LEVIATÁN,100 Thieves,0.125,0.0,0.0,21.159926470588236,1
337410,Bind,2024-05-09 19:05:00,LEVIATÁN,100 Thieves,0.125,0.0,0.0,21.575418994413408,0
337410,Sunset,2024-05-09 19:05:00,LEVIATÁN,100 Thieves,0.125,0.0,0.0,21.045673076923077,1
337410,Icebox,2024-05-09 19:05:00,LEVIATÁN,100 Thieves,0.125,0.0,0.0,21.217090069284065,0
337410,Bind,2024-05-09 19:05:00,LEVIATÁN,100 Thieves,0.125,0.0,0.0,21.575418994413408,1
337410,Split,2024-05-09 19:05:00,LEVIATÁN,100 Thieves,0.125,0.0,0.0,21.295289855072465,0
337410,Icebox,2024-05-09 19:05:00,LEVIATÁN,100 Thieves,0.125,0.0,0.0,21.217090069284065,1
342360,Breeze,2024-05-10 05:00:00,FunPlus Phoenix,EDward Gaming,0.13888888888888884,0.0,0.0,21.06774193548387,0
342360,Bind,2024-05-10 05:00:00,FunPlus Phoenix,EDward Gaming,0.13888888888888884,0.0,0.0,21.575418994413408,1
342360,Ascent,2024-05-10 05:00:00,FunPlus Phoenix,EDward Gaming,0.13888888888888884,0.0,0.0,21.038961038961038,1
342360,Icebox,2024-05-10 05:00:00,FunPlus Phoenix,EDward Gaming,0.13888888888888884,0.0,0.0,21.217090069284065,1
342360,Breeze,2024-05-10 05:00:00,FunPlus Phoenix,EDward Gaming,0.13888888888888884,0.0,0.0,21.06774193548387,1
342360,Lotus,2024-05-10 05:00:00,FunPlus Phoenix,EDward Gaming,0.13888888888888884,0.0,0.0,21.276412776412776,1
342360,Bind,2024-05-10 05:00:00,FunPlus Phoenix,EDward Gaming,0.13888888888888884,0.0,0.0,21.575418994413408,0
342360,Icebox,2024-05-10 05:00:00,FunPlus Phoenix,EDward Gaming,0.13888888888888884,0.0,0.0,21.217090069284065,0
342360,Breeze,2024-05-10 05:00:00,FunPlus Phoenix,EDward Gaming,0.13888888888888884,0.0,0.0,21.06774193548387,0
342360,Breeze,2024-05-10 05:00:00,FunPlus Phoenix,EDward Gaming,0.13888888888888884,0.0,0.0,21.06774193548387,0
342360,Split,2024-05-10 05:00:00,FunPlus Phoenix,EDward Gaming,0.13888888888888884,0.0,0.0,21.295289855072465,0
342360,Icebox,2024-05-10 05:00:00,FunPlus Phoenix,EDward Gaming,0.13888888888888884,0.0,0.0,21.217090069284065,1
342360,Ascent,2024-05-10 05:00:00,FunPlus Phoenix,EDward Gaming,0.13888888888888884,0.0,0.0,21.038961038961038,0
342361,Breeze,2024-05-10 07:45:00,Trace Esports,Dragon Ranger Gaming,0.23776223776223776,0.0,0.0,21.06774193548387,0
342361,Sunset,2024-05-10 07:45:00,Trace Esports,Dragon Ranger Gaming,0.23776223776223776,0.0,0.0,21.045673076923077,0
342361,Sunset,2024-05-10 07:45:00,Trace Esports,Dragon Ranger Gaming,0.23776223776223776,0.0,0.0,21.045673076923077,1
342361,Split,2024-05-10 07:45:00,Trace Esports,Dragon Ranger Gaming,0.23776223776223776,0.0,0.0,21.295289855072465,0
342361,Bind,2024-05-10 07:45:00,Trace Esports,Dragon Ranger Gaming,0.23776223776223776,0.0,0.0,21.575418994413408,0
341822,Bind,2024-05-10 13:30:00,Karmine Corp,FUT Esports,-0.17156862745098045,0.0,0.0,21.575418994413408,1
341822,Lotus,2024-05-10 13:30:00,Karmine Corp,FUT Esports,-0.17156862745098045,0.0,0.0,21.276412776412776,0
341822,Breeze,2024-05-10 13:30:00,Karmine Corp,FUT Esports,-0.17156862745098045,0.0,0.0,21.06774193548387,0
341822,Icebox,2024-05-10 13:30:00,Karmine Corp,FUT Esports,-0.17156862745098045,0.0,0.0,21.217090069284065,0
341822,Sunset,2024-05-10 13:30:00,Karmine Corp,FUT Esports,-0.17156862745098045,0.0,0.0,21.045673076923077,0
341822,Lotus,2024-05-10 13:30:00,Karmine Corp,FUT Esports,-0.17156862745098045,0.0,0.0,21.276412776412776,1
341822,Bind,2024-05-10 13:30:00,Karmine Corp,FUT Esports,-0.17156862745098045,0.0,0.0,21.575418994413408,0
341822,Sunset,2024-05-10 13:30:00,Karmine Corp,FUT Esports,-0.17156862745098045,0.0,0.0,21.045673076923077,1
337411,Lotus,2024-05-10 17:00:00,G2 Esports,100 Thieves,0.29059829059829057,0.0,0.0,21.276412776412776,1
337411,Abyss,2024-05-10 17:00:00,G2 Esports,100 Thieves,0.29059829059829057,0.0,0.0,21.180487804878048,1
337411,Bind,2024-05-10 17:00:00,G2 Esports,100 Thieves,0.29059829059829057,0.0,0.0,21.575418994413408,0
337411,Split,2024-05-10 17:00:00,G2 Esports,100 Thieves,0.29059829059829057,0.0,0.0,21.295289855072465,0
337411,Ascent,2024-05-10 17:00:00,G2 Esports,100 Thieves,0.29059829059829057,0.0,0.0,21.038961038961038,0
337411,Bind,2024-05-10 17:00:00,G2 Esports,100 Thieves,0.29059829059829057,0.0,0.0,21.575418994413408,1
337411,Split,2024-05-10 17:00:00,G2 Esports,100 Thieves,0.29059829059829057,0.0,0.0,21.295289855072465,0
329913,Split,2024-05-11 04:00:00,T1,Gen.G,-0.4428571428571429,0.0,0.0,21.295289855072465,0
329913,Lotus,2024-05-11 04:00:00,T1,Gen.G,-0.4428571428571429,0.0,0.0,21.276412776412776,1
329913,Sunset,2024-05-11 04:00:00,T1,Gen.G,-0.4428571428571429,0.0,0.0,21.045673076923077,0
329913,Lotus,2024-05-11 04:00:00,T1,Gen.G,-0.4428571428571429,0.0,0.0,21.276412776412776,0
329913,Icebox,2024-05-11 04:00:00,T1,Gen.G,-0.4428571428571429,0.0,0.0,21.217090069284065,0
329913,Bind,2024-05-11 04:00:00,T1,Gen.G,-0.4428571428571429,0.0,0.0,21.575418994413408,0
342362,Lotus,2024-05-11 05:00:00,EDward Gaming,Dragon Ranger Gaming,0.07894736842105265,0.0,0.0,21.276412776412776,0
342362,Haven,2024-05-11 05:00:00,EDward Gaming,Dragon Ranger Gaming,0.07894736842105265,0.0,0.0,21.159926470588236,0
342362,Ascent,2024-05-11 05:00:00,EDward Gaming,Dragon Ranger Gaming,0.07894736842105265,0.0,0.0,21.038961038961038,1
342362,Split,2024-05-11 05:00:00,EDward Gaming,Dragon Ranger Gaming,0.07894736842105265,0.0,0.0,21.295289855072465,1
342362,Breeze,2024-05-11 05:00:00,EDward Gaming,Dragon Ranger Gaming,0.07894736842105265,0.0,0.0,21.06774193548387,1
342362,Split,2024-05-11 05:00:00,EDward Gaming,Dragon Ranger Gaming,0.07894736842105265,0.0,0.0,21.295289855072465,1
342362,Ascent,2024-05-11 05:00:00,EDward Gaming,Dragon Ranger Gaming,0.07894736842105265,0.0,0.0,21.038961038961038,0
342362,Bind,2024-05-11 05:00:00,EDward Gaming,Dragon Ranger Gaming,0.07894736842105265,0.0,0.0,21.575418994413408,1
337414,Icebox,2024-05-11 17:00:00,G2 Esports,LEVIATÁN,0.05714285714285705,0.0,0.0,21.217090069284065,0
337414,Abyss,2024-05-11 17:00:00,G2 Esports,LEVIATÁN,0.05714285714285705,0.0,0.0,21.180487804878048,0
337414,Lotus,2024-05-11 17:00:00,G2 Esports,LEVIATÁN,0.05714285714285705,0.0,0.0,21.276412776412776,0
337414,Haven,2024-05-11 17:00:00,G2 Esports,LEVIATÁN,0.05714285714285705,0.0,0.0,21.159926470588236,0
337414,Bind,2024-05-11 17:00:00,G2 Esports,LEVIATÁN,0.05714285714285705,0.0,0.0,21.575418994413408,1
337414,Ascent,2024-05-11 17:00:00,G2 Esports,LEVIATÁN,0.05714285714285705,0.0,0.0,21.038961038961038,0
337414,Breeze,2024-05-11 17:00:00,G2 Esports,LEVIATÁN,0.05714285714285705,0.0,0.0,21.06774193548387,0
337414,Icebox,2024-05-11 17:00:00,G2 Esports,LEVIATÁN,0.05714285714285705,0.0,0.0,21.217090069284065,1
337414,Lotus,2024-05-11 17:00:00,G2 Esports,LEVIATÁN,0.05714285714285705,0.0,0.0,21.276412776412776,0
337414,Bind,2024-05-11 17:00:00,G2 Esports,LEVIATÁN,0.05714285714285705,0.0,0.0,21.575418994413408,0
337414,Breeze,2024-05-11 17:00:00,G2 Esports,LEVIATÁN,0.05714285714285705,0.0,0.0,21.06774193548387,1
337414,Icebox,2024-05-11 17:00:00,G2 Esports,LEVIATÁN,0.05714285714285705,0.0,0.0,21.217090069284065,0
337414,Lotus,2024-05-11 17:00:00,G2 Esports,LEVIATÁN,0.05714285714285705,0.0,0.0,21.276412776412776,1
337414,Ascent,2024-05-11 17:00:00,G2 Esports,LEVIATÁN,0.05714285714285705,0.0,0.0,21.038961038961038,1
329914,Ascent,2024-05-12 04:00:00,Paper Rex,Gen.G,-0.11387163561076608,0.0,0.0,21.038961038961038,0
329914,Icebox,2024-05-12 04:00:00,Paper Rex,Gen.G,-0.11387163561076608,0.0,0.0,21.217090069284065,0
329914,Lotus,2024-05-12 04:00:00,Paper Rex,Gen.G,-0.11387163561076608,0.0,0.0,21.276412776412776,0
329914,Sunset,2024-05-12 04:00:00,Paper Rex,Gen.G,-0.11387163561076608,0.0,0.0,21.045673076923077,1
329914,Icebox,2024-05-12 04:00:00,Paper Rex,Gen.G,-0.11387163561076608,0.0,0.0,21.217090069284065,1
329914,Bind,2024-05-12 04:00:00,Paper Rex,Gen.G,-0.11387163561076608,0.0,0.0,21.575418994413408,0
329914,Split,2024-05-12 04:00:00,Paper Rex,Gen.G,-0.11387163561076608,0.0,0.0,21.295289855072465,1
329914,Ascent,2024-05-12 04:00:00,Paper Rex,Gen.G,-0.11387163561076608,0.0,0.0,21.038961038961038,0
329914,Split,2024-05-12 04:00:00,Paper Rex,Gen.G,-0.11387163561076608,0.0,0.0,21.295289855072465,1
329914,Lotus,2024-05-12 04:00:00,Paper Rex,Gen.G,-0.11387163561076608,0.0,0.0,21.276412776412776,0
329914,Bind,2024-05-12 04:00:00,Paper Rex,Gen.G,-0.11387163561076608,0.0,0.0,21.575418994413408,0
342363,Breeze,2024-05-12 05:00:00,FunPlus Phoenix,EDward Gaming,0.21923076923076923,0.0,0.0,21.06774193548387,0
342363,Bind,2024-05-12 05:00:00,FunPlus Phoenix,EDward Gaming,0.21923076923076923,0.0,0.0,21.575418994413408,1
342363,Ascent,2024-05-12 05:00:00,FunPlus Phoenix,EDward Gaming,0.21923076923076923,0.0,0.0,21.038961038961038,1
342363,Icebox,2024-05-12 05:00:00,FunPlus Phoenix,EDward Gaming,0.21923076923076923,0.0,0.0,21.217090069284065,1
342363,Breeze,2024-05-12 05:00:00,FunPlus Phoenix,EDward Gaming,0.21923076923076923,0.0,0.0,21.06774193548387,1
342363,Lotus,2024-05-12 05:00:00,FunPlus Phoenix,EDward Gaming,0.21923076923076923,0.0,0.0,21.276412776412776,1
342363,Bind,2024-05-12 05:00:00,FunPlus Phoenix,EDward Gaming,0.21923076923076923,0.0,0.0,21.575418994413408,0
342363,Icebox,2024-05-12 05:00:00,FunPlus Phoenix,EDward Gaming,0.21923076923076923,0.0,0.0,21.217090069284065,0
342363,Breeze,2024-05-12 05:00:00,FunPlus Phoenix,EDward Gaming,0.21923076923076923,0.0,0.0,21.06774193548387,0
342363,Breeze,2024-05-12 05:00:00,FunPlus Phoenix,EDward Gaming,0.21923076923076923,0.0,0.0,21.06774193548387,0
342363,Split,2024-05-12 05:00:00,FunPlus Phoenix,EDward Gaming,0.21923076923076923,0.0,0.0,21.295289855072465,0
342363,Icebox,2024-05-12 05:00:00,FunPlus Phoenix,EDward Gaming,0.21923076923076923,0.0,0.0,21.217090069284065,1
342363,Ascent,2024-05-12 05:00:00,FunPlus Phoenix,EDward Gaming,0.21923076923076923,0.0,0.0,21.038961038961038,0
337412,Bind,2024-05-12 17:00:00,100 Thieves,G2 Esports,-0.30000000000000004,0.0,0.0,21.575418994413408,1
337412,Breeze,2024-05-12 17:00:00,100 Thieves,G2 Esports,-0.30000000000000004,0.0,0.0,21.06774193548387,1
337412,Sunset,2024-05-12 17:00:00,100 Thieves,G2 Esports,-0.30000000000000004,0.0,0.0,21.045673076923077,1
348063,Breeze,2024-05-23 04:00:00,G2 Esports,T1,0.4166666666666667,0.0,0.0,21.06774193548387,1
348063,Icebox,2024-05-23 04:00:00,G2 Esports,T1,0.4166666666666667,0.0,0.0,21.217090069284065,0
348063,Lotus,2024-05-23 04:00:00,G2 Esports,T1,0.4166666666666667,0.0,0.0,21.276412776412776,1
348061,Sunset,2024-05-23 07:10:00,FunPlus Phoenix,FUT Esports,0.1428571428571428,0.0,0.0,21.045673076923077,1
348061,Lotus,2024-05-23 07:10:00,FunPlus Phoenix,FUT Esports,0.1428571428571428,0.0,0.0,21.276412776412776,0
348061,Icebox,2024-05-23 07:10:00,FunPlus Phoenix,FUT Esports,0.1428571428571428,0.0,0.0,21.217090069284065,1
348064,Icebox,2024-05-24 04:00:00,Gen.G,LEVIATÁN,0.0,0.0,0.0,21.217090069284065,0
348064,Lotus,2024-05-24 04:00:00,Gen.G,LEVIATÁN,0.0,0.0,0.0,21.276412776412776,1
348064,Breeze,2024-05-24 04:00:00,Gen.G,LEVIATÁN,0.0,0.0,0.0,21.06774193548387,1
348059,Icebox,2024-05-24 07:00:00,Team Heretics,Dragon Ranger Gaming,0.19487179487179485,0.0,0.0,21.217090069284065,1
348059,Sunset,2024-05-24 07:00:00,Team Heretics,Dragon Ranger Gaming,0.19487179487179485,0.0,0.0,21.045673076923077,1
348458,Lotus,2024-05-25 04:00:00,FunPlus Phoenix,Gen.G,-0.02608695652173909,0.0,0.0,21.276412776412776,1
348458,Sunset,2024-05-25 04:00:00,FunPlus Phoenix,Gen.G,-0.02608695652173909,0.0,0.0,21.045673076923077,0
348458,Ascent,2024-05-25 04:00:00,FunPlus Phoenix,Gen.G,-0.02608695652173909,0.0,0.0,21.038961038961038,0
348457,Lotus,2024-05-25 07:40:00,G2 Esports,Team Heretics,0.014705882352941124,0.0,0.0,21.276412776412776,0
348457,Bind,2024-05-25 07:40:00,G2 Esports,Team Heretics,0.014705882352941124,0.0,0.0,21.575418994413408,1
348457,Split,2024-05-25 07:40:00,G2 Esports,Team Heretics,0.014705882352941124,0.0,0.0,21.295289855072465,1
348457,Icebox,2024-05-25 07:40:00,G2 Esports,Team Heretics,0.014705882352941124,0.0,0.0,21.217090069284065,0
348457,Ascent,2024-05-25 07:40:00,G2 Esports,Team Heretics,0.014705882352941124,0.0,0.0,21.038961038961038,1
348457,Lotus,2024-05-25 07:40:00,G2 Esports,Team Heretics,0.014705882352941124,0.0,0.0,21.276412776412776,1
348457,Bind,2024-05-25 07:40:00,G2 Esports,Team Heretics,0.014705882352941124,0.0,0.0,21.575418994413408,0
348457,Icebox,2024-05-25 07:40:00,G2 Esports,Team Heretics,0.014705882352941124,0.0,0.0,21.217090069284065,0
348457,Lotus,2024-05-25 07:40:00,G2 Esports,Team Heretics,0.014705882352941124,0.0,0.0,21.276412776412776,0
348459,Breeze,2024-05-26 04:00:00,LEVIATÁN,T1,0.4375,0.0,0.0,21.06774193548387,1
348459,Sunset,2024-05-26 04:00:00,LEVIATÁN,T1,0.4375,0.0,0.0,21.045673076923077,1
348460,Bind,2024-05-26 06:10:00,Dragon Ranger Gaming,FUT Esports,-0.09999999999999998,0.0,0.0,21.575418994413408,0
348460,Ascent,2024-05-26 06:10:00,Dragon Ranger Gaming,FUT Esports,-0.09999999999999998,0.0,0.0,21.038961038961038,0
348462,Abyss,2024-05-27 04:00:00,FunPlus Phoenix,Team Heretics,0.044117647058823484,0.0,0.0,21.180487804878048,0
348462,Bind,2024-05-27 04:00:00,FunPlus Phoenix,Team Heretics,0.044117647058823484,0.0,0.0,21.575418994413408,1
348462,Lotus,2024-05-27 04:00:00,FunPlus Phoenix,Team Heretics,0.044117647058823484,0.0,0.0,21.276412776412776,0
348462,Sunset,2024-05-27 04:00:00,FunPlus Phoenix,Team Heretics,0.044117647058823484,0.0,0.0,21.045673076923077,0
348462,Lotus,2024-05-27 04:00:00,FunPlus Phoenix,Team Heretics,0.044117647058823484,0.0,0.0,21.276412776412776,1
348462,Icebox,2024-05-27 04:00:00,FunPlus Phoenix,Team Heretics,0.044117647058823484,0.0,0.0,21.217090069284065,0
348461,Sunset,2024-05-27 07:35:00,FUT Esports,LEVIATÁN,-0.14423076923076927,0.0,0.0,21.045673076923077,1
348461,Lotus,2024-05-27 07:35:00,FUT Esports,LEVIATÁN,-0.14423076923076927,0.0,0.0,21.276412776412776,0
348461,Bind,2024-05-27 07:35:00,FUT Esports,LEVIATÁN,-0.14423076923076927,0.0,0.0,21.575418994413408,1
348465,Icebox,2024-05-30 04:00:00,100 Thieves,FUT Esports,-0.10160427807486638,0.0,0.0,21.217090069284065,1
348465,Bind,2024-05-30 04:00:00,100 Thieves,FUT Esports,-0.10160427807486638,0.0,0.0,21.575418994413408,1
348463,Split,2024-05-31 04:00:00,Paper Rex,G2 Esports,-0.11111111111111116,0.0,0.0,21.295289855072465,1
348463,Lotus,2024-05-31 04:00:00,Paper Rex,G2 Esports,-0.11111111111111116,0.0,0.0,21.276412776412776,0
348463,Bind,2024-05-31 04:00:00,Paper Rex,G2 Esports,-0.11111111111111116,0.0,0.0,21.575418994413408,0
348464,Haven,2024-05-31 07:00:00,EDward Gaming,Team Heretics,-0.19841269841269837,0.0,0.0,21.159926470588236,0
348464,Sunset,2024-05-31 07:00:00,EDward Gaming,Team Heretics,-0.19841269841269837,0.0,0.0,21.045673076923077,1
348464,Lotus,2024-05-31 07:00:00,EDward Gaming,Team Heretics,-0.19841269841269837,0.0,0.0,21.276412776412776,1
348464,Bind,2024-05-31 07:00:00,EDward Gaming,Team Heretics,-0.19841269841269837,0.0,0.0,21.575418994413408,0
348464,Abyss,2024-05-31 07:00:00,EDward Gaming,Team Heretics,-0.19841269841269837,0.0,0.0,21.180487804878048,1
348464,Sunset,2024-05-31 07:00:00,EDward Gaming,Team Heretics,-0.19841269841269837,0.0,0.0,21.045673076923077,0
348464,Split,2024-05-31 07:00:00,EDward Gaming,Team Heretics,-0.19841269841269837,0.0,0.0,21.295289855072465,0
348467,Bind,2024-06-01 07:00:00,Paper Rex,EDward Gaming,0.0945454545454546,0.0,0.0,21.575418994413408,1
348467,Sunset,2024-06-01 07:00:00,Paper Rex,EDward Gaming,0.0945454545454546,0.0,0.0,21.045673076923077,1
348470,Icebox,2024-06-02 04:00:00,100 Thieves,Gen.G,-0.2566666666666666,0.0,0.0,21.217090069284065,0
348470,Ascent,2024-06-02 04:00:00,100 Thieves,Gen.G,-0.2566666666666666,0.0,0.0,21.038961038961038,0
348469,Lotus,2024-06-02 06:15:00,G2 Esports,Team Heretics,0.10526315789473684,0.0,0.0,21.276412776412776,0
348469,Bind,2024-06-02 06:15:00,G2 Esports,Team Heretics,0.10526315789473684,0.0,0.0,21.575418994413408,1
348469,Split,2024-06-02 06:15:00,G2 Esports,Team Heretics,0.10526315789473684,0.0,0.0,21.295289855072465,1
348469,Icebox,2024-06-02 06:15:00,G2 Esports,Team Heretics,0.10526315789473684,0.0,0.0,21.217090069284065,0
348469,Ascent,2024-06-02 06:15:00,G2 Esports,Team Heretics,0.10526315789473684,0.0,0.0,21.038961038961038,1
348469,Lotus,2024-06-02 06:15:00,G2 Esports,Team Heretics,0.10526315789473684,0.0,0.0,21.276412776412776,1
348469,Bind,2024-06-02 06:15:00,G2 Esports,Team Heretics,0.10526315789473684,0.0,0.0,21.575418994413408,0
348469,Icebox,2024-06-02 06:15:00,G2 Esports,Team Heretics,0.10526315789473684,0.0,0.0,21.217090069284065,0
348469,Lotus,2024-06-02 06:15:00,G2 Esports,Team Heretics,0.10526315789473684,0.0,0.0,21.276412776412776,0
348471,Breeze,2024-06-03 04:00:00,100 Thieves,Paper Rex,-0.11538461538461542,0.0,0.0,21.06774193548387,1
348471,Sunset,2024-06-03 04:00:00,100 Thieves,Paper Rex,-0.11538461538461542,0.0,0.0,21.045673076923077,0
348471,Icebox,2024-06-03 04:00:00,100 Thieves,Paper Rex,-0.11538461538461542,0.0,0.0,21.217090069284065,1
348472,Sunset,2024-06-03 07:10:00,Team Heretics,FUT Esports,0.07105263157894737,0.0,0.0,21.045673076923077,1
348472,Split,2024-06-03 07:10:00,Team Heretics,FUT Esports,0.07105263157894737,0.0,0.0,21.295289855072465,1
348472,Abyss,2024-06-03 07:10:00,Team Heretics,FUT Esports,0.07105263157894737,0.0,0.0,21.180487804878048,1
348472,Sunset,2024-06-03 07:10:00,Team Heretics,FUT Esports,0.07105263157894737,0.0,0.0,21.045673076923077,1
348472,Bind,2024-06-03 07:10:00,Team Heretics,FUT Esports,0.07105263157894737,0.0,0.0,21.575418994413408,1
348472,Sunset,2024-06-03 07:10:00,Team Heretics,FUT Esports,0.07105263157894737,0.0,0.0,21.045673076923077,1
348473,Lotus,2024-06-07 03:00:00,G2 Esports,Gen.G,-0.0461538461538461,0.0,0.0,21.276412776412776,0
348473,Ascent,2024-06-07 03:00:00,G2 Esports,Gen.G,-0.0461538461538461,0.0,0.0,21.038961038961038,0
348474,Bind,2024-06-07 05:25:00,100 Thieves,Team Heretics,-0.09523809523809523,0.0,0.0,21.575418994413408,0
348474,Sunset,2024-06-07 05:25:00,100 Thieves,Team Heretics,-0.09523809523809523,0.0,0.0,21.045673076923077,0
348475,Lotus,2024-06-08 03:00:00,G2 Esports,Team Heretics,0.0800865800865801,0.0,0.0,21.276412776412776,0
348475,Bind,2024-06-08 03:00:00,G2 Esports,Team Heretics,0.0800865800865801,0.0,0.0,21.575418994413408,1
348475,Split,2024-06-08 03:00:00,G2 Esports,Team Heretics,0.0800865800865801,0.0,0.0,21.295289855072465,1
348475,Icebox,2024-06-08 03:00:00,G2 Esports,Team Heretics,0.0800865800865801,0.0,0.0,21.217090069284065,0
348475,Ascent,2024-06-08 03:00:00,G2 Esports,Team Heretics,0.0800865800865801,0.0,0.0,21.038961038961038,1
348475,Lotus,2024-06-08 03:00:00,G2 Esports,Team Heretics,0.0800865800865801,0.0,0.0,21.276412776412776,1
348475,Bind,2024-06-08 03:00:00,G2 Esports,Team Heretics,0.0800865800865801,0.0,0.0,21.575418994413408,0
348475,Icebox,2024-06-08 03:00:00,G2 Esports,Team Heretics,0.0800865800865801,0.0,0.0,21.217090069284065,0
348475,Lotus,2024-06-08 03:00:00,G2 Esports,Team Heretics,0.0800865800865801,0.0,0.0,21.276412776412776,0
348476,Abyss,2024-06-09 04:15:00,Gen.G,Team Heretics,0.1996779388083736,0.0,0.0,21.180487804878048,1
348476,Lotus,2024-06-09 04:15:00,Gen.G,Team Heretics,0.1996779388083736,0.0,0.0,21.276412776412776,0
348476,Bind,2024-06-09 04:15:00,Gen.G,Team Heretics,0.1996779388083736,0.0,0.0,21.575418994413408,0
348476,Breeze,2024-06-09 04:15:00,Gen.G,Team Heretics,0.1996779388083736,0.0,0.0,21.06774193548387,1
348476,Icebox,2024-06-09 04:15:00,Gen.G,Team Heretics,0.1996779388083736,0.0,0.0,21.217090069284065,0
348476,Ascent,2024-06-09 04:15:00,Gen.G,Team Heretics,0.1996779388083736,0.0,0.0,21.038961038961038,0
348476,Lotus,2024-06-09 04:15:00,Gen.G,Team Heretics,0.1996779388083736,0.0,0.0,21.276412776412776,1
348476,Split,2024-06-09 04:15:00,Gen.G,Team Heretics,0.1996779388083736,0.0,0.0,21.295289855072465,1
314340,Icebox,2024-06-15 04:00:00,ZETA DIVISION,DRX,-0.22499999999999998,0.0,0.0,21.217090069284065,0
314340,Sunset,2024-06-15 04:00:00,ZETA DIVISION,DRX,-0.22499999999999998,0.0,0.0,21.045673076923077,1
314340,Breeze,2024-06-15 04:00:00,ZETA DIVISION,DRX,-0.22499999999999998,0.0,0.0,21.06774193548387,0
314341,Ascent,2024-06-15 06:40:00,Team Secret,BLEED,0.45833333333333337,0.0,0.0,21.038961038961038,0
314341,Sunset,2024-06-15 06:40:00,Team Secret,BLEED,0.45833333333333337,0.0,0.0,21.045673076923077,1
314341,Split,2024-06-15 06:40:00,Team Secret,BLEED,0.45833333333333337,0.0,0.0,21.295289855072465,1
359603,Icebox,2024-06-15 07:00:00,Titan Esports Club,JDG Esports,-0.07500000000000001,0.0,0.0,21.217090069284065,0
359603,Lotus,2024-06-15 07:00:00,Titan Esports Club,JDG Esports,-0.07500000000000001,0.0,0.0,21.276412776412776,0
359603,Bind,2024-06-15 07:00:00,Titan Esports Club,JDG Esports,-0.07500000000000001,0.0,0.0,21.575418994413408,0
359603,Icebox,2024-06-15 07:00:00,Titan Esports Club,JDG Esports,-0.07500000000000001,0.0,0.0,21.217090069284065,1
359603,Lotus,2024-06-15 07:00:00,Titan Esports Club,JDG Esports,-0.07500000000000001,0.0,0.0,21.276412776412776,1
314342,Split,2024-06-16 04:00:00,T1,Gen.G,-0.5273109243697478,0.0,0.0,21.295289855072465,0
314342,Lotus,2024-06-16 04:00:00,T1,Gen.G,-0.5273109243697478,0.0,0.0,21.276412776412776,1
314342,Sunset,2024-06-16 04:00:00,T1,Gen.G,-0.5273109243697478,0.0,0.0,21.045673076923077,0
314342,Lotus,2024-06-16 04:00:00,T1,Gen.G,-0.5273109243697478,0.0,0.0,21.276412776412776,0
314342,Icebox,2024-06-16 04:00:00,T1,Gen.G,-0.5273109243697478,0.0,0.0,21.217090069284065,0
314342,Bind,2024-06-16 04:00:00,T1,Gen.G,-0.5273109243697478,0.0,0.0,21.575418994413408,0
359604,Sunset,2024-06-16 05:00:00,All Gamers,TYLOO,0.07142857142857145,0.0,0.0,21.045673076923077,1
359604,Icebox,2024-06-16 05:00:00,All Gamers,TYLOO,0.07142857142857145,0.0,0.0,21.217090069284065,1
359605,Sunset,2024-06-16 07:05:00,Bilibili Gaming,Wolves Esports,0.23232323232323232,0.0,0.0,21.045673076923077,1
359605,Bind,2024-06-16 07:05:00,Bilibili Gaming,Wolves Esports,0.23232323232323232,0.0,0.0,21.575418994413408,1
359605,Ascent,2024-06-16 07:05:00,Bilibili Gaming,Wolves Esports,0.23232323232323232,0.0,0.0,21.038961038961038,0
359605,Icebox,2024-06-16 07:05:00,Bilibili Gaming,Wolves Esports,0.23232323232323232,0.0,0.0,21.217090069284065,0
314343,Icebox,2024-06-16 07:30:00,Paper Rex,Talon Esports,0.07407407407407407,0.0,0.0,21.217090069284065,1
314343,Sunset,2024-06-16 07:30:00,Paper Rex,Talon Esports,0.07407407407407407,0.0,0.0,21.045673076923077,1
314343,Ascent,2024-06-16 07:30:00,Paper Rex,Talon Esports,0.07407407407407407,0.0,0.0,21.038961038961038,1
314343,Sunset,2024-06-16 07:30:00,Paper Rex,Talon Esports,0.07407407407407407,0.0,0.0,21.045673076923077,1
314343,Lotus,2024-06-16 07:30:00,Paper Rex,Talon Esports,0.07407407407407407,0.0,0.0,21.276412776412776,1
314343,Sunset,2024-06-16 07:30:00,Paper Rex,Talon Esports,0.07407407407407407,0.0,0.0,21.045673076923077,1
314343,Bind,2024-06-16 07:30:00,Paper Rex,Talon Esports,0.07407407407407407,0.0,0.0,21.575418994413408,0
314344,Icebox,2024-06-17 04:00:00,Rex Regum Qeon,DetonatioN FocusMe,0.14285714285714285,0.0,0.0,21.217090069284065,1
314344,Ascent,2024-06-17 04:00:00,Rex Regum Qeon,DetonatioN FocusMe,0.14285714285714285,0.0,0.0,21.038961038961038,1
314345,Sunset,2024-06-17 06:35:00,Team Secret,Global Esports,0.2820512820512821,0.0,0.0,21.045673076923077,1
314345,Ascent,2024-06-17 06:35:00,Team Secret,Global Esports,0.2820512820512821,0.0,0.0,21.038961038961038,1
353153,Split,2024-06-18 14:00:00,FUT Esports,KOI,0.45000000000000007,0.0,0.0,21.295289855072465,1
353153,Lotus,2024-06-18 14:00:00,FUT Esports,KOI,0.45000000000000007,0.0,0.0,21.276412776412776,0
353153,Sunset,2024-06-18 14:00:00,FUT Esports,KOI,0.45000000000000007,0.0,0.0,21.045673076923077,1
353155,Sunset,2024-06-19 15:30:00,Team Heretics,Natus Vincere,0.2121212121212121,0.0,0.0,21.045673076923077,1
353155,Bind,2024-06-19 15:30:00,Team Heretics,Natus Vincere,0.2121212121212121,0.0,0.0,21.575418994413408,1
353155,Sunset,2024-06-19 15:30:00,Team Heretics,Natus Vincere,0.2121212121212121,0.0,0.0,21.045673076923077,1
353155,Breeze,2024-06-19 15:30:00,Team Heretics,Natus Vincere,0.2121212121212121,0.0,0.0,21.06774193548387,1
353157,Split,2024-06-20 12:00:00,GIANTX,Gentle Mates,-0.42857142857142855,0.0,0.0,21.295289855072465,0
353157,Sunset,2024-06-20 12:00:00,GIANTX,Gentle Mates,-0.42857142857142855,0.0,0.0,21.045673076923077,1
353157,Breeze,2024-06-20 12:00:00,GIANTX,Gentle Mates,-0.42857142857142855,0.0,0.0,21.06774193548387,1
353156,Lotus,2024-06-20 15:10:00,Team Vitality,Team Liquid,-0.006993006993007034,0.0,0.0,21.276412776412776,1
353156,Icebox,2024-06-20 15:10:00,Team Vitality,Team Liquid,-0.006993006993007034,0.0,0.0,21.217090069284065,1
359606,Ascent,2024-06-21 05:00:00,Dragon Ranger Gaming,Nova Esports,0.16666666666666669,0.0,0.0,21.038961038961038,1
359606,Lotus,2024-06-21 05:00:00,Dragon Ranger Gaming,Nova Esports,0.16666666666666669,0.0,0.0,21.276412776412776,0
359606,Sunset,2024-06-21 05:00:00,Dragon Ranger Gaming,Nova Esports,0.16666666666666669,0.0,0.0,21.045673076923077,0
359606,Bind,2024-06-21 05:00:00,Dragon Ranger Gaming,Nova Esports,0.16666666666666669,0.0,0.0,21.575418994413408,1
359606,Ascent,2024-06-21 05:00:00,Dragon Ranger Gaming,Nova Esports,0.16666666666666669,0.0,0.0,21.038961038961038,1
359607,Haven,2024-06-21 08:15:00,FunPlus Phoenix,Trace Esports,0.06302521008403361,0.0,0.0,21.159926470588236,1
359607,Lotus,2024-06-21 08:15:00,FunPlus Phoenix,Trace Esports,0.06302521008403361,0.0,0.0,21.276412776412776,0
359607,Sunset,2024-06-21 08:15:00,FunPlus Phoenix,Trace Esports,0.06302521008403361,0.0,0.0,21.045673076923077,0
359607,Ascent,2024-06-21 08:15:00,FunPlus Phoenix,Trace Esports,0.06302521008403361,0.0,0.0,21.038961038961038,0
359607,Haven,2024-06-21 08:15:00,FunPlus Phoenix,Trace Esports,0.06302521008403361,0.0,0.0,21.159926470588236,0
359607,Bind,2024-06-21 08:15:00,FunPlus Phoenix,Trace Esports,0.06302521008403361,0.0,0.0,21.575418994413408,1
359607,Lotus,2024-06-21 08:15:00,FunPlus Phoenix,Trace Esports,0.06302521008403361,0.0,0.0,21.276412776412776,1
353159,Lotus,2024-06-21 12:00:00,BBL Esports,Karmine Corp,0.055555555555555525,0.0,0.0,21.276412776412776,0
353159,Sunset,2024-06-21 12:00:00,BBL Esports,Karmine Corp,0.055555555555555525,0.0,0.0,21.045673076923077,0
353158,Ascent,2024-06-21 13:50:00,Natus Vincere,FUT Esports,-0.1547619047619047,0.0,0.0,21.038961038961038,0
353158,Lotus,2024-06-21 13:50:00,Natus Vincere,FUT Esports,-0.1547619047619047,0.0,0.0,21.276412776412776,0
314346,Lotus,2024-06-22 04:00:00,Talon Esports,Rex Regum Qeon,0.125,0.0,0.0,21.276412776412776,1
314346,Ascent,2024-06-22 04:00:00,Talon Esports,Rex Regum Qeon,0.125,0.0,0.0,21.038961038961038,0
314346,Icebox,2024-06-22 04:00:00,Talon Esports,Rex Regum Qeon,0.125,0.0,0.0,21.217090069284065,1
359608,Sunset,2024-06-22 05:00:00,Titan Esports Club,All Gamers,-0.2828282828282829,0.0,0.0,21.045673076923077,0
359608,Icebox,2024-06-22 05:00:00,Titan Esports Club,All Gamers,-0.2828282828282829,0.0,0.0,21.217090069284065,0
359609,Split,2024-06-22 07:00:00,EDward Gaming,Wolves Esports,0.3217391304347826,0.0,0.0,21.295289855072465,1
359609,Bind,2024-06-22 07:00:00,EDward Gaming,Wolves Esports,0.3217391304347826,0.0,0.0,21.575418994413408,0
359609,Icebox,2024-06-22 07:00:00,EDward Gaming,Wolves Esports,0.3217391304347826,0.0,0.0,21.217090069284065,0
314347,Split,2024-06-22 07:50:00,Paper Rex,DRX,-0.004201680672268893,0.0,0.0,21.295289855072465,1
314347,Haven,2024-06-22 07:50:00,Paper Rex,DRX,-0.004201680672268893,0.0,0.0,21.159926470588236,0
314347,Icebox,2024-06-22 07:50:00,Paper Rex,DRX,-0.004201680672268893,0.0,0.0,21.217090069284065,1
353177,Ascent,2024-06-22 17:00:00,MIBR,LEVIATÁN,-0.6142857142857143,0.0,0.0,21.038961038961038,0
353177,Icebox,2024-06-22 17:00:00,MIBR,LEVIATÁN,-0.6142857142857143,0.0,0.0,21.217090069284065,0
314348,Lotus,2024-06-23 04:00:00,Global Esports,BLEED,0.18888888888888888,0.0,0.0,21.276412776412776,1
314348,Sunset,2024-06-23 04:00:00,Global Esports,BLEED,0.18888888888888888,0.0,0.0,21.045673076923077,1
359610,Split,2024-06-23 05:00:00,TYLOO,Trace Esports,-0.29166666666666663,0.0,0.0,21.295289855072465,0
359610,Sunset,2024-06-23 05:00:00,TYLOO,Trace Esports,-0.29166666666666663,0.0,0.0,21.045673076923077,1
359610,Haven,2024-06-23 05:00:00,TYLOO,Trace Esports,-0.29166666666666663,0.0,0.0,21.159926470588236,0
314349,Haven,2024-06-23 06:05:00,DetonatioN FocusMe,ZETA DIVISION,-0.23863636363636365,0.0,0.0,21.159926470588236,0
314349,Sunset,2024-06-23 06:05:00,DetonatioN FocusMe,ZETA DIVISION,-0.23863636363636365,0.0,0.0,21.045673076923077,1
314349,Ascent,2024-06-23 06:05:00,DetonatioN FocusMe,ZETA DIVISION,-0.23863636363636365,0.0,0.0,21.038961038961038,1
359611,Split,2024-06-23 08:05:00,Nova Esports,Bilibili Gaming,-0.13636363636363635,0.0,0.0,21.295289855072465,1
359611,Bind,2024-06-23 08:05:00,Nova Esports,Bilibili Gaming,-0.13636363636363635,0.0,0.0,21.575418994413408,0
359611,Ascent,2024-06-23 08:05:00,Nova Esports,Bilibili Gaming,-0.13636363636363635,0.0,0.0,21.038961038961038,0
353179,Icebox,2024-06-23 17:00:00,FURIA,100 Thieves,-0.5333333333333333,0.0,0.0,21.217090069284065,1
353179,Haven,2024-06-23 17:00:00,FURIA,100 Thieves,-0.5333333333333333,0.0,0.0,21.159926470588236,1
353180,Lotus,2024-06-23 19:45:00,LOUD,Evil Geniuses,0.038461538461538436,0.0,0.0,21.276412776412776,1
353180,Sunset,2024-06-23 19:45:00,LOUD,Evil Geniuses,0.038461538461538436,0.0,0.0,21.045673076923077,0
353180,Icebox,2024-06-23 19:45:00,LOUD,Evil Geniuses,0.038461538461538436,0.0,0.0,21.217090069284065,0
314350,Split,2024-06-24 04:00:00,DRX,Rex Regum Qeon,0.27777777777777785,0.0,0.0,21.295289855072465,0
314350,Sunset,2024-06-24 04:00:00,DRX,Rex Regum Qeon,0.27777777777777785,0.0,0.0,21.045673076923077,0
314351,Haven,2024-06-24 06:20:00,Team Secret,T1,0.3650793650793651,0.0,0.0,21.159926470588236,0
314351,Split,2024-06-24 06:20:00,Team Secret,T1,0.3650793650793651,0.0,0.0,21.295289855072465,1
314351,Icebox,2024-06-24 06:20:00,Team Secret,T1,0.3650793650793651,0.0,0.0,21.217090069284065,1
314351,Lotus,2024-06-24 06:20:00,Team Secret,T1,0.3650793650793651,0.0,0.0,21.276412776412776,0
314351,Sunset,2024-06-24 06:20:00,Team Secret,T1,0.3650793650793651,0.0,0.0,21.045673076923077,0
353181,Ascent,2024-06-24 17:00:00,G2 Esports,Cloud9,-0.027272727272727337,0.0,0.0,21.038961038961038,1
353181,Icebox,2024-06-24 17:00:00,G2 Esports,Cloud9,-0.027272727272727337,0.0,0.0,21.217090069284065,0
353181,Lotus,2024-06-24 17:00:00,G2 Esports,Cloud9,-0.027272727272727337,0.0,0.0,21.276412776412776,1
353202,Sunset,2024-06-25 14:00:00,KOI,GIANTX,-0.1590909090909091,0.0,0.0,21.045673076923077,1
353202,Icebox,2024-06-25 14:00:00,KOI,GIANTX,-0.1590909090909091,0.0,0.0,21.217090069284065,1
359612,Sunset,2024-06-26 07:00:00,JDG Esports,FunPlus Phoenix,-0.2222222222222222,0.0,0.0,21.045673076923077,0
359612,Haven,2024-06-26 07:00:00,JDG Esports,FunPlus Phoenix,-0.2222222222222222,0.0,0.0,21.159926470588236,0
353161,Sunset,2024-06-26 12:00:00,Team Heretics,FUT Esports,0.08909090909090911,0.0,0.0,21.045673076923077,1
353161,Split,2024-06-26 12:00:00,Team Heretics,FUT Esports,0.08909090909090911,0.0,0.0,21.295289855072465,1
353161,Abyss,2024-06-26 12:00:00,Team Heretics,FUT Esports,0.08909090909090911,0.0,0.0,21.180487804878048,1
353161,Sunset,2024-06-26 12:00:00,Team Heretics,FUT Esports,0.08909090909090911,0.0,0.0,21.045673076923077,1
353161,Bind,2024-06-26 12:00:00,Team Heretics,FUT Esports,0.08909090909090911,0.0,0.0,21.575418994413408,1
353161,Sunset,2024-06-26 12:00:00,Team Heretics,FUT Esports,0.08909090909090911,0.0,0.0,21.045673076923077,1
359613,Lotus,2024-06-27 07:00:00,EDward Gaming,Dragon Ranger Gaming,0.0625,0.0,0.0,21.276412776412776,0
359613,Haven,2024-06-27 07:00:00,EDward Gaming,Dragon Ranger Gaming,0.0625,0.0,0.0,21.159926470588236,0
359613,Ascent,2024-06-27 07:00:00,EDward Gaming,Dragon Ranger Gaming,0.0625,0.0,0.0,21.038961038961038,1
359613,Split,2024-06-27 07:00:00,EDward Gaming,Dragon Ranger Gaming,0.0625,0.0,0.0,21.295289855072465,1
359613,Breeze,2024-06-27 07:00:00,EDward Gaming,Dragon Ranger Gaming,0.0625,0.0,0.0,21.06774193548387,1
359613,Split,2024-06-27 07:00:00,EDward Gaming,Dragon Ranger Gaming,0.0625,0.0,0.0,21.295289855072465,1
359613,Ascent,2024-06-27 07:00:00,EDward Gaming,Dragon Ranger Gaming,0.0625,0.0,0.0,21.038961038961038,0
359613,Bind,2024-06-27 07:00:00,EDward Gaming,Dragon Ranger Gaming,0.0625,0.0,0.0,21.575418994413408,1
353162,Lotus,2024-06-27 12:00:00,BBL Esports,Team Liquid,-0.028571428571428525,0.0,0.0,21.276412776412776,1
353162,Ascent,2024-06-27 12:00:00,BBL Esports,Team Liquid,-0.028571428571428525,0.0,0.0,21.038961038961038,1
353163,Lotus,2024-06-27 14:00:00,Natus Vincere,GIANTX,0.16239316239316243,0.0,0.0,21.276412776412776,0
353163,Ascent,2024-06-27 14:00:00,Natus Vincere,GIANTX,0.16239316239316243,0.0,0.0,21.038961038961038,0
359614,Icebox,2024-06-28 05:00:00,Nova Esports,Wolves Esports,0.06060606060606061,0.0,0.0,21.217090069284065,1
359614,Sunset,2024-06-28 05:00:00,Nova Esports,Wolves Esports,0.06060606060606061,0.0,0.0,21.045673076923077,1
359615,Bind,2024-06-28 07:35:00,JDG Esports,Trace Esports,-0.2875,0.0,0.0,21.575418994413408,1
359615,Sunset,2024-06-28 07:35:00,JDG Esports,Trace Esports,-0.2875,0.0,0.0,21.045673076923077,0
359615,Haven,2024-06-28 07:35:00,JDG Esports,Trace Esports,-0.2875,0.0,0.0,21.159926470588236,1
353164,Sunset,2024-06-28 12:00:00,KOI,Gentle Mates,-0.33333333333333337,0.0,0.0,21.045673076923077,0
353164,Split,2024-06-28 12:00:00,KOI,Gentle Mates,-0.33333333333333337,0.0,0.0,21.295289855072465,0
314352,Lotus,2024-06-29 04:00:00,Talon Esports,DetonatioN FocusMe,0.3232323232323232,0.0,0.0,21.276412776412776,1
314352,Sunset,2024-06-29 04:00:00,Talon Esports,DetonatioN FocusMe,0.3232323232323232,0.0,0.0,21.045673076923077,1
359616,Bind,2024-06-29 05:00:00,Titan Esports Club,TYLOO,-0.08333333333333331,0.0,0.0,21.575418994413408,0
359616,Ascent,2024-06-29 05:00:00,Titan Esports Club,TYLOO,-0.08333333333333331,0.0,0.0,21.038961038961038,1
359616,Icebox,2024-06-29 05:00:00,Titan Esports Club,TYLOO,-0.08333333333333331,0.0,0.0,21.217090069284065,0
314353,Split,2024-06-29 06:10:00,ZETA DIVISION,Rex Regum Qeon,-0.06666666666666671,0.0,0.0,21.295289855072465,0
314353,Sunset,2024-06-29 06:10:00,ZETA DIVISION,Rex Regum Qeon,-0.06666666666666671,0.0,0.0,21.045673076923077,0
359617,Sunset,2024-06-29 08:30:00,All Gamers,FunPlus Phoenix,-0.08421052631578951,0.0,0.0,21.045673076923077,0
359617,Haven,2024-06-29 08:30:00,All Gamers,FunPlus Phoenix,-0.08421052631578951,0.0,0.0,21.159926470588236,1
359617,Ascent,2024-06-29 08:30:00,All Gamers,FunPlus Phoenix,-0.08421052631578951,0.0,0.0,21.038961038961038,0
353182,Bind,2024-06-29 17:00:00,Evil Geniuses,FURIA,0.375,0.0,0.0,21.575418994413408,1
353182,Lotus,2024-06-29 17:00:00,Evil Geniuses,FURIA,0.375,0.0,0.0,21.276412776412776,1
314354,Icebox,2024-06-30 04:00:00,Global Esports,T1,0.10047846889952156,0.0,0.0,21.217090069284065,1
314354,Lotus,2024-06-30 04:00:00,Global Esports,T1,0.10047846889952156,0.0,0.0,21.276412776412776,0
314354,Ascent,2024-06-30 04:00:00,Global Esports,T1,0.10047846889952156,0.0,0.0,21.038961038961038,0
359618,Lotus,2024-06-30 05:00:00,Bilibili Gaming,Dragon Ranger Gaming,0.0678733031674208,0.0,0.0,21.276412776412776,1
359618,Ascent,2024-06-30 05:00:00,Bilibili Gaming,Dragon Ranger Gaming,0.0678733031674208,0.0,0.0,21.038961038961038,1
314355,Ascent,2024-06-30 07:15:00,BLEED,Gen.G,-0.7275862068965517,0.0,0.0,21.038961038961038,0
314355,Sunset,2024-06-30 07:15:00,BLEED,Gen.G,-0.7275862068965517,0.0,0.0,21.045673076923077,1
314355,Icebox,2024-06-30 07:15:00,BLEED,Gen.G,-0.7275862068965517,0.0,0.0,21.217090069284065,0
359619,Lotus,2024-06-30 07:20:00,EDward Gaming,Nova Esports,0.09538461538461535,0.0,0.0,21.276412776412776,1
359619,Bind,2024-06-30 07:20:00,EDward Gaming,Nova Esports,0.09538461538461535,0.0,0.0,21.575418994413408,1
353184,Ascent,2024-06-30 17:00:00,LOUD,MIBR,0.3827751196172249,0.0,0.0,21.038961038961038,1
353184,Lotus,2024-06-30 17:00:00,LOUD,MIBR,0.3827751196172249,0.0,0.0,21.276412776412776,0
353184,Sunset,2024-06-30 17:00:00,LOUD,MIBR,0.3827751196172249,0.0,0.0,21.045673076923077,1
353185,Bind,2024-06-30 20:20:00,LEVIATÁN,100 Thieves,0.23333333333333328,0.0,0.0,21.575418994413408,1
353185,Haven,2024-06-30 20:20:00,LEVIATÁN,100 Thieves,0.23333333333333328,0.0,0.0,21.159926470588236,1
353185,Bind,2024-06-30 20:20:00,LEVIATÁN,100 Thieves,0.23333333333333328,0.0,0.0,21.575418994413408,0
353185,Sunset,2024-06-30 20:20:00,LEVIATÁN,100 Thieves,0.23333333333333328,0.0,0.0,21.045673076923077,1
353185,Icebox,2024-06-30 20:20:00,LEVIATÁN,100 Thieves,0.23333333333333328,0.0,0.0,21.217090069284065,0
353185,Bind,2024-06-30 20:20:00,LEVIATÁN,100 Thieves,0.23333333333333328,0.0,0.0,21.575418994413408,1
353185,Split,2024-06-30 20:20:00,LEVIATÁN,100 Thieves,0.23333333333333328,0.0,0.0,21.295289855072465,0
353185,Icebox,2024-06-30 20:20:00,LEVIATÁN,100 Thieves,0.23333333333333328,0.0,0.0,21.217090069284065,1
314356,Icebox,2024-07-01 04:00:00,Paper Rex,DetonatioN FocusMe,0.4551724137931034,0.0,0.0,21.217090069284065,1
314356,Sunset,2024-07-01 04:00:00,Paper Rex,DetonatioN FocusMe,0.4551724137931034,0.0,0.0,21.045673076923077,1
314357,Ascent,2024-07-01 06:00:00,DRX,Talon Esports,-0.004385964912280715,0.0,0.0,21.038961038961038,0
314357,Haven,2024-07-01 06:00:00,DRX,Talon Esports,-0.004385964912280715,0.0,0.0,21.159926470588236,1
314357,Icebox,2024-07-01 06:00:00,DRX,Talon Esports,-0.004385964912280715,0.0,0.0,21.217090069284065,1
314357,Ascent,2024-07-01 06:00:00,DRX,Talon Esports,-0.004385964912280715,0.0,0.0,21.038961038961038,1
314357,Abyss,2024-07-01 06:00:00,DRX,Talon Esports,-0.004385964912280715,0.0,0.0,21.180487804878048,1
314357,Split,2024-07-01 06:00:00,DRX,Talon Esports,-0.004385964912280715,0.0,0.0,21.295289855072465,1
314357,Ascent,2024-07-01 06:00:00,DRX,Talon Esports,-0.004385964912280715,0.0,0.0,21.038961038961038,1
353187,Haven,2024-07-01 19:25:00,Sentinels,Cloud9,-0.25108225108225113,0.0,0.0,21.159926470588236,1
353187,Split,2024-07-01 19:25:00,Sentinels,Cloud9,-0.25108225108225113,0.0,0.0,21.295289855072465,1
353188,Icebox,2024-07-02 17:00:00,Evil Geniuses,LEVIATÁN,-0.21666666666666667,0.0,0.0,21.217090069284065,0
353188,Sunset,2024-07-02 17:00:00,Evil Geniuses,LEVIATÁN,-0.21666666666666667,0.0,0.0,21.045673076923077,0
353189,Haven,2024-07-02 19:15:00,LOUD,FURIA,0.3888888888888889,0.0,0.0,21.159926470588236,1
353189,Icebox,2024-07-02 19:15:00,LOUD,FURIA,0.3888888888888889,0.0,0.0,21.217090069284065,0
353189,Bind,2024-07-02 19:15:00,LOUD,FURIA,0.3888888888888889,0.0,0.0,21.575418994413408,0
359621,Haven,2024-07-03 07:00:00,All Gamers,Trace Esports,-0.10160427807486638,0.0,0.0,21.159926470588236,0
359621,Sunset,2024-07-03 07:00:00,All Gamers,Trace Esports,-0.10160427807486638,0.0,0.0,21.045673076923077,0
353166,Bind,2024-07-03 12:00:00,Team Heretics,GIANTX,0.3923076923076923,0.0,0.0,21.575418994413408,1
353166,Split,2024-07-03 12:00:00,Team Heretics,GIANTX,0.3923076923076923,0.0,0.0,21.295289855072465,0
353166,Haven,2024-07-03 12:00:00,Team Heretics,GIANTX,0.3923076923076923,0.0,0.0,21.159926470588236,1
353167,Sunset,2024-07-03 15:25:00,FUT Esports,Gentle Mates,0.009661835748792202,0.0,0.0,21.045673076923077,1
353167,Split,2024-07-03 15:25:00,FUT Esports,Gentle Mates,0.009661835748792202,0.0,0.0,21.295289855072465,1
353190,Icebox,2024-07-03 17:00:00,MIBR,100 Thieves,-0.3872549019607843,0.0,0.0,21.217090069284065,0
353190,Split,2024-07-03 17:00:00,MIBR,100 Thieves,-0.3872549019607843,0.0,0.0,21.295289855072465,0
359622,Lotus,2024-07-04 07:00:00,Titan Esports Club,FunPlus Phoenix,-0.4692307692307692,0.0,0.0,21.276412776412776,1
359622,Sunset,2024-07-04 07:00:00,Titan Esports Club,FunPlus Phoenix,-0.4692307692307692,0.0,0.0,21.045673076923077,1
353168,Split,2024-07-04 12:00:00,KOI,Natus Vincere,-0.2032967032967033,0.0,0.0,21.295289855072465,1
353168,Icebox,2024-07-04 12:00:00,KOI,Natus Vincere,-0.2032967032967033,0.0,0.0,21.217090069284065,1
353169,Bind,2024-07-04 14:05:00,Team Liquid,Karmine Corp,0.0,0.0,0.0,21.575418994413408,1
353169,Sunset,2024-07-04 14:05:00,Team Liquid,Karmine Corp,0.0,0.0,0.0,21.045673076923077,1
314358,Lotus,2024-07-05 04:00:00,Paper Rex,Rex Regum Qeon,0.2121212121212121,0.0,0.0,21.276412776412776,1
314358,Ascent,2024-07-05 04:00:00,Paper Rex,Rex Regum Qeon,0.2121212121212121,0.0,0.0,21.038961038961038,0
314358,Sunset,2024-07-05 04:00:00,Paper Rex,Rex Regum Qeon,0.2121212121212121,0.0,0.0,21.045673076923077,1
359623,Haven,2024-07-05 05:00:00,TYLOO,JDG Esports,-0.05454545454545451,0.0,0.0,21.159926470588236,0
359623,Icebox,2024-07-05 05:00:00,TYLOO,JDG Esports,-0.05454545454545451,0.0,0.0,21.217090069284065,0
314359,Lotus,2024-07-05 07:00:00,Gen.G,Global Esports,0.5,0.0,0.0,21.276412776412776,1
314359,Ascent,2024-07-05 07:00:00,Gen.G,Global Esports,0.5,0.0,0.0,21.038961038961038,1
359624,Icebox,2024-07-05 07:00:00,Dragon Ranger Gaming,Wolves Esports,0.19444444444444442,0.0,0.0,21.217090069284065,0
359624,Ascent,2024-07-05 07:00:00,Dragon Ranger Gaming,Wolves Esports,0.19444444444444442,0.0,0.0,21.038961038961038,0
353170,Ascent,2024-07-05 12:00:00,BBL Esports,Team Vitality,-0.006993006993007034,0.0,0.0,21.038961038961038,0
353170,Sunset,2024-07-05 12:00:00,BBL Esports,Team Vitality,-0.006993006993007034,0.0,0.0,21.045673076923077,1
353170,Lotus,2024-07-05 12:00:00,BBL Esports,Team Vitality,-0.006993006993007034,0.0,0.0,21.276412776412776,0
353171,Sunset,2024-07-05 15:00:00,Team Heretics,Gentle Mates,0.20370370370370372,0.0,0.0,21.045673076923077,1
353171,Icebox,2024-07-05 15:00:00,Team Heretics,Gentle Mates,0.20370370370370372,0.0,0.0,21.217090069284065,0
353171,Lotus,2024-07-05 15:00:00,Team Heretics,Gentle Mates,0.20370370370370372,0.0,0.0,21.276412776412776,1
314360,Icebox,2024-07-06 04:00:00,DRX,DetonatioN FocusMe,0.41818181818181815,0.0,0.0,21.217090069284065,1
314360,Ascent,2024-07-06 04:00:00,DRX,DetonatioN FocusMe,0.41818181818181815,0.0,0.0,21.038961038961038,0
314360,Haven,2024-07-06 04:00:00,DRX,DetonatioN FocusMe,0.41818181818181815,0.0,0.0,21.159926470588236,1
314360,Lotus,2024-07-06 04:00:00,DRX,DetonatioN FocusMe,0.41818181818181815,0.0,0.0,21.276412776412776,1
314360,Breeze,2024-07-06 04:00:00,DRX,DetonatioN FocusMe,0.41818181818181815,0.0,0.0,21.06774193548387,1
359625,Lotus,2024-07-06 05:00:00,Trace Esports,Titan Esports Club,0.38095238095238093,0.0,0.0,21.276412776412776,1
359625,Bind,2024-07-06 05:00:00,Trace Esports,Titan Esports Club,0.38095238095238093,0.0,0.0,21.575418994413408,0
359625,Haven,2024-07-06 05:00:00,Trace Esports,Titan Esports Club,0.38095238095238093,0.0,0.0,21.159926470588236,1
359625,Breeze,2024-07-06 05:00:00,Trace Esports,Titan Esports Club,0.38095238095238093,0.0,0.0,21.06774193548387,0
359625,Lotus,2024-07-06 05:00:00,Trace Esports,Titan Esports Club,0.38095238095238093,0.0,0.0,21.276412776412776,1
359625,Split,2024-07-06 05:00:00,Trace Esports,Titan Esports Club,0.38095238095238093,0.0,0.0,21.295289855072465,1
314361,Ascent,2024-07-06 06:45:00,ZETA DIVISION,Talon Esports,-0.23076923076923073,0.0,0.0,21.038961038961038,1
314361,Lotus,2024-07-06 06:45:00,ZETA DIVISION,Talon Esports,-0.23076923076923073,0.0,0.0,21.276412776412776,0
314361,Haven,2024-07-06 06:45:00,ZETA DIVISION,Talon Esports,-0.23076923076923073,0.0,0.0,21.159926470588236,1
359626,Icebox,2024-07-06 08:20:00,EDward Gaming,Bilibili Gaming,-0.0714285714285714,0.0,0.0,21.217090069284065,1
359626,Haven,2024-07-06 08:20:00,EDward Gaming,Bilibili Gaming,-0.0714285714285714,0.0,0.0,21.159926470588236,1
359626,Sunset,2024-07-06 08:20:00,EDward Gaming,Bilibili Gaming,-0.0714285714285714,0.0,0.0,21.045673076923077,1
359626,Bind,2024-07-06 08:20:00,EDward Gaming,Bilibili Gaming,-0.0714285714285714,0.0,0.0,21.575418994413408,0
359626,Lotus,2024-07-06 08:20:00,EDward Gaming,Bilibili Gaming,-0.0714285714285714,0.0,0.0,21.276412776412776,1
353193,Lotus,2024-07-06 20:35:00,LOUD,LEVIATÁN,-0.28851540616246496,0.0,0.0,21.276412776412776,0
353193,Icebox,2024-07-06 20:35:00,LOUD,LEVIATÁN,-0.28851540616246496,0.0,0.0,21.217090069284065,0
353193,Bind,2024-07-06 20:35:00,LOUD,LEVIATÁN,-0.28851540616246496,0.0,0.0,21.575418994413408,0
353193,Split,2024-07-06 20:35:00,LOUD,LEVIATÁN,-0.28851540616246496,0.0,0.0,21.295289855072465,1
353193,Ascent,2024-07-06 20:35:00,LOUD,LEVIATÁN,-0.28851540616246496,0.0,0.0,21.038961038961038,1
314362,Sunset,2024-07-07 04:00:00,Gen.G,Team Secret,0.17204301075268824,0.0,0.0,21.045673076923077,0
314362,Lotus,2024-07-07 04:00:00,Gen.G,Team Secret,0.17204301075268824,0.0,0.0,21.276412776412776,1
314362,Split,2024-07-07 04:00:00,Gen.G,Team Secret,0.17204301075268824,0.0,0.0,21.295289855072465,0
359627,Haven,2024-07-07 05:00:00,JDG Esports,All Gamers,0.0,0.0,0.0,21.159926470588236,1
359627,Icebox,2024-07-07 05:00:00,JDG Esports,All Gamers,0.0,0.0,0.0,21.217090069284065,1
359627,Icebox,2024-07-07 05:00:00,JDG Esports,All Gamers,0.0,0.0,0.0,21.217090069284065,1
359627,Sunset,2024-07-07 05:00:00,JDG Esports,All Gamers,0.0,0.0,0.0,21.045673076923077,1
314363,Ascent,2024-07-07 07:00:00,Paper Rex,ZETA DIVISION,0.3202764976958525,0.0,0.0,21.038961038961038,0
314363,Lotus,2024-07-07 07:00:00,Paper Rex,ZETA DIVISION,0.3202764976958525,0.0,0.0,21.276412776412776,1
314363,Sunset,2024-07-07 07:00:00,Paper Rex,ZETA DIVISION,0.3202764976958525,0.0,0.0,21.045673076923077,1
359628,Icebox,2024-07-07 07:00:00,TYLOO,FunPlus Phoenix,-0.303030303030303,0.0,0.0,21.217090069284065,0
359628,Haven,2024-07-07 07:00:00,TYLOO,FunPlus Phoenix,-0.303030303030303,0.0,0.0,21.159926470588236,1
359628,Ascent,2024-07-07 07:00:00,TYLOO,FunPlus Phoenix,-0.303030303030303,0.0,0.0,21.038961038961038,1
353194,Sunset,2024-07-07 17:00:00,MIBR,FURIA,-0.12307692307692308,0.0,0.0,21.045673076923077,0
353194,Icebox,2024-07-07 17:00:00,MIBR,FURIA,-0.12307692307692308,0.0,0.0,21.217090069284065,0
314364,Bind,2024-07-08 04:00:00,T1,BLEED,0.20909090909090908,0.0,0.0,21.575418994413408,1
314364,Lotus,2024-07-08 04:00:00,T1,BLEED,0.20909090909090908,0.0,0.0,21.276412776412776,0
314364,Ascent,2024-07-08 04:00:00,T1,BLEED,0.20909090909090908,0.0,0.0,21.038961038961038,1
314364,Breeze,2024-07-08 04:00:00,T1,BLEED,0.20909090909090908,0.0,0.0,21.06774193548387,1
314364,Lotus,2024-07-08 04:00:00,T1,BLEED,0.20909090909090908,0.0,0.0,21.276412776412776,1
353196,Lotus,2024-07-08 17:00:00,Evil Geniuses,100 Thieves,0.0,0.0,0.0,21.276412776412776,0
353196,Bind,2024-07-08 17:00:00,Evil Geniuses,100 Thieves,0.0,0.0,0.0,21.575418994413408,1
353196,Ascent,2024-07-08 17:00:00,Evil Geniuses,100 Thieves,0.0,0.0,0.0,21.038961038961038,0
353172,Split,2024-07-09 14:00:00,FUT Esports,GIANTX,0.31060606060606066,0.0,0.0,21.295289855072465,1
353172,Lotus,2024-07-09 14:00:00,FUT Esports,GIANTX,0.31060606060606066,0.0,0.0,21.276412776412776,1
353172,Split,2024-07-09 14:00:00,FUT Esports,GIANTX,0.31060606060606066,0.0,0.0,21.295289855072465,1
353172,Icebox,2024-07-09 14:00:00,FUT Esports,GIANTX,0.31060606060606066,0.0,0.0,21.217090069284065,0
353172,Sunset,2024-07-09 14:00:00,FUT Esports,GIANTX,0.31060606060606066,0.0,0.0,21.045673076923077,1
353173,Icebox,2024-07-10 12:00:00,Team Heretics,KOI,0.5,0.0,0.0,21.217090069284065,0
353173,Bind,2024-07-10 12:00:00,Team Heretics,KOI,0.5,0.0,0.0,21.575418994413408,1
353173,Haven,2024-07-10 12:00:00,Team Heretics,KOI,0.5,0.0,0.0,21.159926470588236,1
353175,Sunset,2024-07-11 12:00:00,Natus Vincere,Gentle Mates,-0.12121212121212122,0.0,0.0,21.045673076923077,1
353175,Ascent,2024-07-11 12:00:00,Natus Vincere,Gentle Mates,-0.12121212121212122,0.0,0.0,21.038961038961038,0
353175,Split,2024-07-11 12:00:00,Natus Vincere,Gentle Mates,-0.12121212121212122,0.0,0.0,21.295289855072465,1
353203,Icebox,2024-07-11 15:10:00,Team Vitality,Karmine Corp,0.11904761904761907,0.0,0.0,21.217090069284065,1
353203,Lotus,2024-07-11 15:10:00,Team Vitality,Karmine Corp,0.11904761904761907,0.0,0.0,21.276412776412776,0
353203,Sunset,2024-07-11 15:10:00,Team Vitality,Karmine Corp,0.11904761904761907,0.0,0.0,21.045673076923077,1
365316,Haven,2024-07-12 04:00:00,Gen.G,Rex Regum Qeon,0.3958333333333333,0.0,0.0,21.159926470588236,1
365316,Bind,2024-07-12 04:00:00,Gen.G,Rex Regum Qeon,0.3958333333333333,0.0,0.0,21.575418994413408,1
365316,Breeze,2024-07-12 04:00:00,Gen.G,Rex Regum Qeon,0.3958333333333333,0.0,0.0,21.06774193548387,1
365316,Ascent,2024-07-12 04:00:00,Gen.G,Rex Regum Qeon,0.3958333333333333,0.0,0.0,21.038961038961038,0
365316,Split,2024-07-12 04:00:00,Gen.G,Rex Regum Qeon,0.3958333333333333,0.0,0.0,21.295289855072465,0
365316,Icebox,2024-07-12 04:00:00,Gen.G,Rex Regum Qeon,0.3958333333333333,0.0,0.0,21.217090069284065,1
365316,Split,2024-07-12 04:00:00,Gen.G,Rex Regum Qeon,0.3958333333333333,0.0,0.0,21.295289855072465,0
365316,Sunset,2024-07-12 04:00:00,Gen.G,Rex Regum Qeon,0.3958333333333333,0.0,0.0,21.045673076923077,1
365316,Lotus,2024-07-12 04:00:00,Gen.G,Rex Regum Qeon,0.3958333333333333,0.0,0.0,21.276412776412776,1
365316,Breeze,2024-07-12 04:00:00,Gen.G,Rex Regum Qeon,0.3958333333333333,0.0,0.0,21.06774193548387,0
365316,Icebox,2024-07-12 04:00:00,Gen.G,Rex Regum Qeon,0.3958333333333333,0.0,0.0,21.217090069284065,1
365317,Lotus,2024-07-12 06:15:00,Team Secret,Talon Esports,0.1875,0.0,0.0,21.276412776412776,0
365317,Abyss,2024-07-12 06:15:00,Team Secret,Talon Esports,0.1875,0.0,0.0,21.180487804878048,0
365317,Sunset,2024-07-12 06:15:00,Team Secret,Talon Esports,0.1875,0.0,0.0,21.045673076923077,1
365317,Lotus,2024-07-12 06:15:00,Team Secret,Talon Esports,0.1875,0.0,0.0,21.276412776412776,0
365317,Breeze,2024-07-12 06:15:00,Team Secret,Talon Esports,0.1875,0.0,0.0,21.06774193548387,0
365317,Breeze,2024-07-12 06:15:00,Team Secret,Talon Esports,0.1875,0.0,0.0,21.06774193548387,0
365317,Ascent,2024-07-12 06:15:00,Team Secret,Talon Esports,0.1875,0.0,0.0,21.038961038961038,0
365318,Ascent,2024-07-13 04:00:00,Paper Rex,Gen.G,-0.13068181818181823,0.0,0.0,21.038961038961038,0
365318,Icebox,2024-07-13 04:00:00,Paper Rex,Gen.G,-0.13068181818181823,0.0,0.0,21.217090069284065,0
365318,Lotus,2024-07-13 04:00:00,Paper Rex,Gen.G,-0.13068181818181823,0.0,0.0,21.276412776412776,0
365318,Sunset,2024-07-13 04:00:00,Paper Rex,Gen.G,-0.13068181818181823,0.0,0.0,21.045673076923077,1
365318,Icebox,2024-07-13 04:00:00,Paper Rex,Gen.G,-0.13068181818181823,0.0,0.0,21.217090069284065,1
365318,Bind,2024-07-13 04:00:00,Paper Rex,Gen.G,-0.13068181818181823,0.0,0.0,21.575418994413408,0
365318,Split,2024-07-13 04:00:00,Paper Rex,Gen.G,-0.13068181818181823,0.0,0.0,21.295289855072465,1
365318,Ascent,2024-07-13 04:00:00,Paper Rex,Gen.G,-0.13068181818181823,0.0,0.0,21.038961038961038,0
365318,Split,2024-07-13 04:00:00,Paper Rex,Gen.G,-0.13068181818181823,0.0,0.0,21.295289855072465,1
365318,Lotus,2024-07-13 04:00:00,Paper Rex,Gen.G,-0.13068181818181823,0.0,0.0,21.276412776412776,0
365318,Bind,2024-07-13 04:00:00,Paper Rex,Gen.G,-0.13068181818181823,0.0,0.0,21.575418994413408,0
365319,Ascent,2024-07-13 06:05:00,DRX,Talon Esports,0.08571428571428574,0.0,0.0,21.038961038961038,0
365319,Haven,2024-07-13 06:05:00,DRX,Talon Esports,0.08571428571428574,0.0,0.0,21.159926470588236,1
365319,Icebox,2024-07-13 06:05:00,DRX,Talon Esports,0.08571428571428574,0.0,0.0,21.217090069284065,1
365319,Ascent,2024-07-13 06:05:00,DRX,Talon Esports,0.08571428571428574,0.0,0.0,21.038961038961038,1
365319,Abyss,2024-07-13 06:05:00,DRX,Talon Esports,0.08571428571428574,0.0,0.0,21.180487804878048,1
365319,Split,2024-07-13 06:05:00,DRX,Talon Esports,0.08571428571428574,0.0,0.0,21.295289855072465,1
365319,Ascent,2024-07-13 06:05:00,DRX,Talon Esports,0.08571428571428574,0.0,0.0,21.038961038961038,1
353198,Bind,2024-07-13 17:00:00,Evil Geniuses,MIBR,0.39915966386554624,0.0,0.0,21.575418994413408,0
353198,Lotus,2024-07-13 17:00:00,Evil Geniuses,MIBR,0.39915966386554624,0.0,0.0,21.276412776412776,0
353199,Sunset,2024-07-13 19:10:00,LEVIATÁN,FURIA,0.5050505050505051,0.0,0.0,21.045673076923077,1
353199,Icebox,2024-07-13 19:10:00,LEVIATÁN,FURIA,0.5050505050505051,0.0,0.0,21.217090069284065,1
365320,Haven,2024-07-14 04:00:00,Gen.G,DRX,0.1871657754010695,0.0,0.0,21.159926470588236,1
365320,Sunset,2024-07-14 04:00:00,Gen.G,DRX,0.1871657754010695,0.0,0.0,21.045673076923077,0
365320,Bind,2024-07-14 04:00:00,Gen.G,DRX,0.1871657754010695,0.0,0.0,21.575418994413408,1
365320,Haven,2024-07-14 04:00:00,Gen.G,DRX,0.1871657754010695,0.0,0.0,21.159926470588236,0
365320,Bind,2024-07-14 04:00:00,Gen.G,DRX,0.1871657754010695,0.0,0.0,21.575418994413408,1
365320,Lotus,2024-07-14 04:00:00,Gen.G,DRX,0.1871657754010695,0.0,0.0,21.276412776412776,1
365320,Icebox,2024-07-14 04:00:00,Gen.G,DRX,0.1871657754010695,0.0,0.0,21.217090069284065,1
365320,Bind,2024-07-14 04:00:00,Gen.G,DRX,0.1871657754010695,0.0,0.0,21.575418994413408,0
365320,Ascent,2024-07-14 04:00:00,Gen.G,DRX,0.1871657754010695,0.0,0.0,21.038961038961038,1
365320,Split,2024-07-14 04:00:00,Gen.G,DRX,0.1871657754010695,0.0,0.0,21.295289855072465,0
365320,Bind,2024-07-14 04:00:00,Gen.G,DRX,0.1871657754010695,0.0,0.0,21.575418994413408,0
365320,Sunset,2024-07-14 04:00:00,Gen.G,DRX,0.1871657754010695,0.0,0.0,21.045673076923077,1
365320,Ascent,2024-07-14 04:00:00,Gen.G,DRX,0.1871657754010695,0.0,0.0,21.038961038961038,1
365322,Icebox,2024-07-14 07:15:00,Paper Rex,Talon Esports,0.16666666666666663,0.0,0.0,21.217090069284065,1
365322,Sunset,2024-07-14 07:15:00,Paper Rex,Talon Esports,0.16666666666666663,0.0,0.0,21.045673076923077,1
365322,Ascent,2024-07-14 07:15:00,Paper Rex,Talon Esports,0.16666666666666663,0.0,0.0,21.038961038961038,1
365322,Sunset,2024-07-14 07:15:00,Paper Rex,Talon Esports,0.16666666666666663,0.0,0.0,21.045673076923077,1
365322,Lotus,2024-07-14 07:15:00,Paper Rex,Talon Esports,0.16666666666666663,0.0,0.0,21.276412776412776,1
365322,Sunset,2024-07-14 07:15:00,Paper Rex,Talon Esports,0.16666666666666663,0.0,0.0,21.045673076923077,1
365322,Bind,2024-07-14 07:15:00,Paper Rex,Talon Esports,0.16666666666666663,0.0,0.0,21.575418994413408,0
353200,Ascent,2024-07-14 17:00:00,LOUD,100 Thieves,-0.07177033492822965,0.0,0.0,21.038961038961038,0
353200,Bind,2024-07-14 17:00:00,LOUD,100 Thieves,-0.07177033492822965,0.0,0.0,21.575418994413408,1
353200,Lotus,2024-07-14 17:00:00,LOUD,100 Thieves,-0.07177033492822965,0.0,0.0,21.276412776412776,1
353201,Bind,2024-07-14 20:00:00,Sentinels,G2 Esports,-0.30000000000000004,0.0,0.0,21.575418994413408,0
353201,Lotus,2024-07-14 20:00:00,Sentinels,G2 Esports,-0.30000000000000004,0.0,0.0,21.276412776412776,0
353201,Sunset,2024-07-14 20:00:00,Sentinels,G2 Esports,-0.30000000000000004,0.0,0.0,21.045673076923077,1
353201,Breeze,2024-07-14 20:00:00,Sentinels,G2 Esports,-0.30000000000000004,0.0,0.0,21.06774193548387,0
353201,Split,2024-07-14 20:00:00,Sentinels,G2 Esports,-0.30000000000000004,0.0,0.0,21.295289855072465,0
371278,Haven,2024-07-15 12:00:00,Team Vitality,Natus Vincere,0.15833333333333333,0.0,0.0,21.159926470588236,0
371278,Sunset,2024-07-15 12:00:00,Team Vitality,Natus Vincere,0.15833333333333333,0.0,0.0,21.045673076923077,1
371278,Ascent,2024-07-15 12:00:00,Team Vitality,Natus Vincere,0.15833333333333333,0.0,0.0,21.038961038961038,1
371278,Bind,2024-07-15 12:00:00,Team Vitality,Natus Vincere,0.15833333333333333,0.0,0.0,21.575418994413408,0
371278,Lotus,2024-07-15 12:00:00,Team Vitality,Natus Vincere,0.15833333333333333,0.0,0.0,21.276412776412776,0
370723,Lotus,2024-07-16 04:00:00,Trace Esports,All Gamers,0.22267206477732793,0.0,0.0,21.276412776412776,1
370723,Sunset,2024-07-16 04:00:00,Trace Esports,All Gamers,0.22267206477732793,0.0,0.0,21.045673076923077,1
370723,Sunset,2024-07-16 04:00:00,Trace Esports,All Gamers,0.22267206477732793,0.0,0.0,21.045673076923077,1
370723,Breeze,2024-07-16 04:00:00,Trace Esports,All Gamers,0.22267206477732793,0.0,0.0,21.06774193548387,1
370722,Sunset,2024-07-16 06:25:00,JDG Esports,Bilibili Gaming,0.00512820512820511,0.0,0.0,21.045673076923077,0
370722,Icebox,2024-07-16 06:25:00,JDG Esports,Bilibili Gaming,0.00512820512820511,0.0,0.0,21.217090069284065,0
371280,Icebox,2024-07-16 12:00:00,Team Heretics,Team Vitality,0.16163793103448276,0.0,0.0,21.217090069284065,1
371280,Sunset,2024-07-16 12:00:00,Team Heretics,Team Vitality,0.16163793103448276,0.0,0.0,21.045673076923077,0
371280,Bind,2024-07-16 12:00:00,Team Heretics,Team Vitality,0.16163793103448276,0.0,0.0,21.575418994413408,0
370725,Haven,2024-07-17 04:00:00,FunPlus Phoenix,Trace Esports,-0.0636363636363636,0.0,0.0,21.159926470588236,1
370725,Lotus,2024-07-17 04:00:00,FunPlus Phoenix,Trace Esports,-0.0636363636363636,0.0,0.0,21.276412776412776,0
370725,Sunset,2024-07-17 04:00:00,FunPlus Phoenix,Trace Esports,-0.0636363636363636,0.0,0.0,21.045673076923077,0
370725,Ascent,2024-07-17 04:00:00,FunPlus Phoenix,Trace Esports,-0.0636363636363636,0.0,0.0,21.038961038961038,0
370725,Haven,2024-07-17 04:00:00,FunPlus Phoenix,Trace Esports,-0.0636363636363636,0.0,0.0,21.159926470588236,0
370725,Bind,2024-07-17 04:00:00,FunPlus Phoenix,Trace Esports,-0.0636363636363636,0.0,0.0,21.575418994413408,1
370725,Lotus,2024-07-17 04:00:00,FunPlus Phoenix,Trace Esports,-0.0636363636363636,0.0,0.0,21.276412776412776,1
370724,Icebox,2024-07-17 06:10:00,EDward Gaming,Bilibili Gaming,-0.04398148148148151,0.0,0.0,21.217090069284065,1
370724,Haven,2024-07-17 06:10:00,EDward Gaming,Bilibili Gaming,-0.04398148148148151,0.0,0.0,21.159926470588236,1
370724,Sunset,2024-07-17 06:10:00,EDward Gaming,Bilibili Gaming,-0.04398148148148151,0.0,0.0,21.045673076923077,1
370724,Bind,2024-07-17 06:10:00,EDward Gaming,Bilibili Gaming,-0.04398148148148151,0.0,0.0,21.575418994413408,0
370724,Lotus,2024-07-17 06:10:00,EDward Gaming,Bilibili Gaming,-0.04398148148148151,0.0,0.0,21.276412776412776,1
371284,Sunset,2024-07-17 14:15:00,Team Heretics,FUT Esports,0.12307692307692308,0.0,0.0,21.045673076923077,1
371284,Split,2024-07-17 14:15:00,Team Heretics,FUT Esports,0.12307692307692308,0.0,0.0,21.295289855072465,1
371284,Abyss,2024-07-17 14:15:00,Team Heretics,FUT Esports,0.12307692307692308,0.0,0.0,21.180487804878048,1
371284,Sunset,2024-07-17 14:15:00,Team Heretics,FUT Esports,0.12307692307692308,0.0,0.0,21.045673076923077,1
371284,Bind,2024-07-17 14:15:00,Team Heretics,FUT Esports,0.12307692307692308,0.0,0.0,21.575418994413408,1
371284,Sunset,2024-07-17 14:15:00,Team Heretics,FUT Esports,0.12307692307692308,0.0,0.0,21.045673076923077,1
371267,Haven,2024-07-17 20:30:00,Sentinels,100 Thieves,-0.021739130434782594,0.0,0.0,21.159926470588236,0
371267,Ascent,2024-07-17 20:30:00,Sentinels,100 Thieves,-0.021739130434782594,0.0,0.0,21.038961038961038,0
371267,Icebox,2024-07-17 20:30:00,Sentinels,100 Thieves,-0.021739130434782594,0.0,0.0,21.217090069284065,1
371267,Split,2024-07-17 20:30:00,Sentinels,100 Thieves,-0.021739130434782594,0.0,0.0,21.295289855072465,1
371267,Lotus,2024-07-17 20:30:00,Sentinels,100 Thieves,-0.021739130434782594,0.0,0.0,21.276412776412776,1
371267,Bind,2024-07-17 20:30:00,Sentinels,100 Thieves,-0.021739130434782594,0.0,0.0,21.575418994413408,0
371267,Split,2024-07-17 20:30:00,Sentinels,100 Thieves,-0.021739130434782594,0.0,0.0,21.295289855072465,1
370726,Bind,2024-07-18 04:00:00,Trace Esports,EDward Gaming,0.1785714285714286,0.0,0.0,21.575418994413408,0
370726,Sunset,2024-07-18 04:00:00,Trace Esports,EDward Gaming,0.1785714285714286,0.0,0.0,21.045673076923077,0
370726,Sunset,2024-07-18 04:00:00,Trace Esports,EDward Gaming,0.1785714285714286,0.0,0.0,21.045673076923077,0
370726,Abyss,2024-07-18 04:00:00,Trace Esports,EDward Gaming,0.1785714285714286,0.0,0.0,21.180487804878048,0
370726,Sunset,2024-07-18 04:00:00,Trace Esports,EDward Gaming,0.1785714285714286,0.0,0.0,21.045673076923077,0
370726,Breeze,2024-07-18 04:00:00,Trace Esports,EDward Gaming,0.1785714285714286,0.0,0.0,21.06774193548387,0
370728,Ascent,2024-07-18 05:50:00,FunPlus Phoenix,Bilibili Gaming,0.07928388746803072,0.0,0.0,21.038961038961038,1
370728,Icebox,2024-07-18 05:50:00,FunPlus Phoenix,Bilibili Gaming,0.07928388746803072,0.0,0.0,21.217090069284065,0
370728,Lotus,2024-07-18 05:50:00,FunPlus Phoenix,Bilibili Gaming,0.07928388746803072,0.0,0.0,21.276412776412776,1
371269,Lotus,2024-07-18 18:55:00,G2 Esports,100 Thieves,0.2838827838827839,0.0,0.0,21.276412776412776,1
371269,Abyss,2024-07-18 18:55:00,G2 Esports,100 Thieves,0.2838827838827839,0.0,0.0,21.180487804878048,1
371269,Bind,2024-07-18 18:55:00,G2 Esports,100 Thieves,0.2838827838827839,0.0,0.0,21.575418994413408,0
371269,Split,2024-07-18 18:55:00,G2 Esports,100 Thieves,0.2838827838827839,0.0,0.0,21.295289855072465,0
371269,Ascent,2024-07-18 18:55:00,G2 Esports,100 Thieves,0.2838827838827839,0.0,0.0,21.038961038961038,0
371269,Bind,2024-07-18 18:55:00,G2 Esports,100 Thieves,0.2838827838827839,0.0,0.0,21.575418994413408,1
371269,Split,2024-07-18 18:55:00,G2 Esports,100 Thieves,0.2838827838827839,0.0,0.0,21.295289855072465,0
370729,Lotus,2024-07-19 04:00:00,Trace Esports,FunPlus Phoenix,0.05681818181818177,0.0,0.0,21.276412776412776,1
370729,Ascent,2024-07-19 04:00:00,Trace Esports,FunPlus Phoenix,0.05681818181818177,0.0,0.0,21.038961038961038,1
370729,Abyss,2024-07-19 04:00:00,Trace Esports,FunPlus Phoenix,0.05681818181818177,0.0,0.0,21.180487804878048,0
370729,Bind,2024-07-19 04:00:00,Trace Esports,FunPlus Phoenix,0.05681818181818177,0.0,0.0,21.575418994413408,0
370729,Haven,2024-07-19 04:00:00,Trace Esports,FunPlus Phoenix,0.05681818181818177,0.0,0.0,21.159926470588236,0
370729,Sunset,2024-07-19 04:00:00,Trace Esports,FunPlus Phoenix,0.05681818181818177,0.0,0.0,21.045673076923077,0
370729,Bind,2024-07-19 04:00:00,Trace Esports,FunPlus Phoenix,0.05681818181818177,0.0,0.0,21.575418994413408,1
370729,Lotus,2024-07-19 04:00:00,Trace Esports,FunPlus Phoenix,0.05681818181818177,0.0,0.0,21.276412776412776,0
371285,Icebox,2024-07-19 12:00:00,Team Vitality,Team Heretics,-0.15412186379928317,0.0,0.0,21.217090069284065,0
371285,Sunset,2024-07-19 12:00:00,Team Vitality,Team Heretics,-0.15412186379928317,0.0,0.0,21.045673076923077,1
371285,Lotus,2024-07-19 12:00:00,Team Vitality,Team Heretics,-0.15412186379928317,0.0,0.0,21.276412776412776,1
371285,Haven,2024-07-19 12:00:00,Team Vitality,Team Heretics,-0.15412186379928317,0.0,0.0,21.159926470588236,1
371285,Breeze,2024-07-19 12:00:00,Team Vitality,Team Heretics,-0.15412186379928317,0.0,0.0,21.06774193548387,1
371285,Sunset,2024-07-19 12:00:00,Team Vitality,Team Heretics,-0.15412186379928317,0.0,0.0,21.045673076923077,0
371285,Icebox,2024-07-19 12:00:00,Team Vitality,Team Heretics,-0.15412186379928317,0.0,0.0,21.217090069284065,1
371270,Icebox,2024-07-19 17:00:00,LEVIATÁN,G2 Esports,-0.014814814814814725,0.0,0.0,21.217090069284065,0
371270,Bind,2024-07-19 17:00:00,LEVIATÁN,G2 Esports,-0.014814814814814725,0.0,0.0,21.575418994413408,0
365323,Abyss,2024-07-20 04:00:00,DRX,Paper Rex,-0.06777493606138107,0.0,0.0,21.180487804878048,0
365323,Lotus,2024-07-20 04:00:00,DRX,Paper Rex,-0.06777493606138107,0.0,0.0,21.276412776412776,0
365323,Bind,2024-07-20 04:00:00,DRX,Paper Rex,-0.06777493606138107,0.0,0.0,21.575418994413408,1
365323,Icebox,2024-07-20 04:00:00,DRX,Paper Rex,-0.06777493606138107,0.0,0.0,21.217090069284065,1
365323,Ascent,2024-07-20 04:00:00,DRX,Paper Rex,-0.06777493606138107,0.0,0.0,21.038961038961038,1
365323,Lotus,2024-07-20 04:00:00,DRX,Paper Rex,-0.06777493606138107,0.0,0.0,21.276412776412776,0
365323,Ascent,2024-07-20 04:00:00,DRX,Paper Rex,-0.06777493606138107,0.0,0.0,21.038961038961038,1
365323,Bind,2024-07-20 04:00:00,DRX,Paper Rex,-0.06777493606138107,0.0,0.0,21.575418994413408,0
370727,Sunset,2024-07-20 04:30:00,EDward Gaming,FunPlus Phoenix,-0.08827586206896554,0.0,0.0,21.045673076923077,1
370727,Abyss,2024-07-20 04:30:00,EDward Gaming,FunPlus Phoenix,-0.08827586206896554,0.0,0.0,21.180487804878048,0
370727,Haven,2024-07-20 04:30:00,EDward Gaming,FunPlus Phoenix,-0.08827586206896554,0.0,0.0,21.159926470588236,1
370727,Icebox,2024-07-20 04:30:00,EDward Gaming,FunPlus Phoenix,-0.08827586206896554,0.0,0.0,21.217090069284065,0
370727,Bind,2024-07-20 04:30:00,EDward Gaming,FunPlus Phoenix,-0.08827586206896554,0.0,0.0,21.575418994413408,1
365321,Haven,2024-07-21 04:00:00,Gen.G,DRX,0.20357142857142863,0.0,0.0,21.159926470588236,1
365321,Sunset,2024-07-21 04:00:00,Gen.G,DRX,0.20357142857142863,0.0,0.0,21.045673076923077,0
365321,Bind,2024-07-21 04:00:00,Gen.G,DRX,0.20357142857142863,0.0,0.0,21.575418994413408,1
365321,Haven,2024-07-21 04:00:00,Gen.G,DRX,0.20357142857142863,0.0,0.0,21.159926470588236,0
365321,Bind,2024-07-21 04:00:00,Gen.G,DRX,0.20357142857142863,0.0,0.0,21.575418994413408,1
365321,Lotus,2024-07-21 04:00:00,Gen.G,DRX,0.20357142857142863,0.0,0.0,21.276412776412776,1
365321,Icebox,2024-07-21 04:00:00,Gen.G,DRX,0.20357142857142863,0.0,0.0,21.217090069284065,1
365321,Bind,2024-07-21 04:00:00,Gen.G,DRX,0.20357142857142863,0.0,0.0,21.575418994413408,0
365321,Ascent,2024-07-21 04:00:00,Gen.G,DRX,0.20357142857142863,0.0,0.0,21.038961038961038,1
365321,Split,2024-07-21 04:00:00,Gen.G,DRX,0.20357142857142863,0.0,0.0,21.295289855072465,0
365321,Bind,2024-07-21 04:00:00,Gen.G,DRX,0.20357142857142863,0.0,0.0,21.575418994413408,0
365321,Sunset,2024-07-21 04:00:00,Gen.G,DRX,0.20357142857142863,0.0,0.0,21.045673076923077,1
365321,Ascent,2024-07-21 04:00:00,Gen.G,DRX,0.20357142857142863,0.0,0.0,21.038961038961038,1
371271,Icebox,2024-07-21 17:00:00,G2 Esports,LEVIATÁN,0.04870129870129869,0.0,0.0,21.217090069284065,0
371271,Abyss,2024-07-21 17:00:00,G2 Esports,LEVIATÁN,0.04870129870129869,0.0,0.0,21.180487804878048,0
371271,Lotus,2024-07-21 17:00:00,G2 Esports,LEVIATÁN,0.04870129870129869,0.0,0.0,21.276412776412776,0
371271,Haven,2024-07-21 17:00:00,G2 Esports,LEVIATÁN,0.04870129870129869,0.0,0.0,21.159926470588236,0
371271,Bind,2024-07-21 17:00:00,G2 Esports,LEVIATÁN,0.04870129870129869,0.0,0.0,21.575418994413408,1
371271,Ascent,2024-07-21 17:00:00,G2 Esports,LEVIATÁN,0.04870129870129869,0.0,0.0,21.038961038961038,0
371271,Breeze,2024-07-21 17:00:00,G2 Esports,LEVIATÁN,0.04870129870129869,0.0,0.0,21.06774193548387,0
371271,Icebox,2024-07-21 17:00:00,G2 Esports,LEVIATÁN,0.04870129870129869,0.0,0.0,21.217090069284065,1
371271,Lotus,2024-07-21 17:00:00,G2 Esports,LEVIATÁN,0.04870129870129869,0.0,0.0,21.276412776412776,0
371271,Bind,2024-07-21 17:00:00,G2 Esports,LEVIATÁN,0.04870129870129869,0.0,0.0,21.575418994413408,0
371271,Breeze,2024-07-21 17:00:00,G2 Esports,LEVIATÁN,0.04870129870129869,0.0,0.0,21.06774193548387,1
371271,Icebox,2024-07-21 17:00:00,G2 Esports,LEVIATÁN,0.04870129870129869,0.0,0.0,21.217090069284065,0
371271,Lotus,2024-07-21 17:00:00,G2 Esports,LEVIATÁN,0.04870129870129869,0.0,0.0,21.276412776412776,1
371271,Ascent,2024-07-21 17:00:00,G2 Esports,LEVIATÁN,0.04870129870129869,0.0,0.0,21.038961038961038,1
378662,Haven,2024-08-01 04:00:00,Gen.G,Sentinels,0.37500000000000006,0.0,0.0,21.159926470588236,1
378662,Ascent,2024-08-01 04:00:00,Gen.G,Sentinels,0.37500000000000006,0.0,0.0,21.038961038961038,1
378662,Lotus,2024-08-01 04:00:00,Gen.G,Sentinels,0.37500000000000006,0.0,0.0,21.276412776412776,0
378662,Icebox,2024-08-01 04:00:00,Gen.G,Sentinels,0.37500000000000006,0.0,0.0,21.217090069284065,0
378662,Split,2024-08-01 04:00:00,Gen.G,Sentinels,0.37500000000000006,0.0,0.0,21.295289855072465,1
378662,Lotus,2024-08-01 04:00:00,Gen.G,Sentinels,0.37500000000000006,0.0,0.0,21.276412776412776,0
378662,Breeze,2024-08-01 04:00:00,Gen.G,Sentinels,0.37500000000000006,0.0,0.0,21.06774193548387,1
378662,Breeze,2024-08-01 04:00:00,Gen.G,Sentinels,0.37500000000000006,0.0,0.0,21.06774193548387,1
378662,Bind,2024-08-01 04:00:00,Gen.G,Sentinels,0.37500000000000006,0.0,0.0,21.575418994413408,0
378662,Ascent,2024-08-01 04:00:00,Gen.G,Sentinels,0.37500000000000006,0.0,0.0,21.038961038961038,1
378662,Split,2024-08-01 04:00:00,Gen.G,Sentinels,0.37500000000000006,0.0,0.0,21.295289855072465,0
378662,Icebox,2024-08-01 04:00:00,Gen.G,Sentinels,0.37500000000000006,0.0,0.0,21.217090069284065,0
378663,Abyss,2024-08-01 06:25:00,FunPlus Phoenix,Team Heretics,-0.07211538461538458,0.0,0.0,21.180487804878048,0
378663,Bind,2024-08-01 06:25:00,FunPlus Phoenix,Team Heretics,-0.07211538461538458,0.0,0.0,21.575418994413408,1
378663,Lotus,2024-08-01 06:25:00,FunPlus Phoenix,Team Heretics,-0.07211538461538458,0.0,0.0,21.276412776412776,0
378663,Sunset,2024-08-01 06:25:00,FunPlus Phoenix,Team Heretics,-0.07211538461538458,0.0,0.0,21.045673076923077,0
378663,Lotus,2024-08-01 06:25:00,FunPlus Phoenix,Team Heretics,-0.07211538461538458,0.0,0.0,21.276412776412776,1
378663,Icebox,2024-08-01 06:25:00,FunPlus Phoenix,Team Heretics,-0.07211538461538458,0.0,0.0,21.217090069284065,0
378667,Bind,2024-08-03 04:00:00,LEVIATÁN,Talon Esports,0.3120204603580563,0.0,0.0,21.575418994413408,1
378667,Ascent,2024-08-03 04:00:00,LEVIATÁN,Talon Esports,0.3120204603580563,0.0,0.0,21.038961038961038,1
378669,Ascent,2024-08-03 06:30:00,Team Vitality,Trace Esports,-0.10217391304347823,0.0,0.0,21.038961038961038,0
378669,Sunset,2024-08-03 06:30:00,Team Vitality,Trace Esports,-0.10217391304347823,0.0,0.0,21.045673076923077,1
378669,Bind,2024-08-03 06:30:00,Team Vitality,Trace Esports,-0.10217391304347823,0.0,0.0,21.575418994413408,0
378674,Icebox,2024-08-04 04:00:00,G2 Esports,Paper Rex,0.13596059113300496,0.0,0.0,21.217090069284065,1
378674,Lotus,2024-08-04 04:00:00,G2 Esports,Paper Rex,0.13596059113300496,0.0,0.0,21.276412776412776,1
378673,Lotus,2024-08-04 06:15:00,EDward Gaming,FUT Esports,0.011111111111111072,0.0,0.0,21.276412776412776,1
378673,Bind,2024-08-04 06:15:00,EDward Gaming,FUT Esports,0.011111111111111072,0.0,0.0,21.575418994413408,1
378664,Abyss,2024-08-06 04:00:00,Gen.G,Team Heretics,0.1408681408681408,0.0,0.0,21.180487804878048,1
378664,Lotus,2024-08-06 04:00:00,Gen.G,Team Heretics,0.1408681408681408,0.0,0.0,21.276412776412776,0
378664,Bind,2024-08-06 04:00:00,Gen.G,Team Heretics,0.1408681408681408,0.0,0.0,21.575418994413408,0
378664,Breeze,2024-08-06 04:00:00,Gen.G,Team Heretics,0.1408681408681408,0.0,0.0,21.06774193548387,1
378664,Icebox,2024-08-06 04:00:00,Gen.G,Team Heretics,0.1408681408681408,0.0,0.0,21.217090069284065,0
378664,Ascent,2024-08-06 04:00:00,Gen.G,Team Heretics,0.1408681408681408,0.0,0.0,21.038961038961038,0
378664,Lotus,2024-08-06 04:00:00,Gen.G,Team Heretics,0.1408681408681408,0.0,0.0,21.276412776412776,1
378664,Split,2024-08-06 04:00:00,Gen.G,Team Heretics,0.1408681408681408,0.0,0.0,21.295289855072465,1
378670,Bind,2024-08-07 04:00:00,LEVIATÁN,Trace Esports,0.125,0.0,0.0,21.575418994413408,0
378670,Sunset,2024-08-07 04:00:00,LEVIATÁN,Trace Esports,0.125,0.0,0.0,21.045673076923077,1
378670,Ascent,2024-08-07 04:00:00,LEVIATÁN,Trace Esports,0.125,0.0,0.0,21.038961038961038,0
378675,Icebox,2024-08-07 07:15:00,EDward Gaming,G2 Esports,-0.21935483870967742,0.0,0.0,21.217090069284065,1
378675,Haven,2024-08-07 07:15:00,EDward Gaming,G2 Esports,-0.21935483870967742,0.0,0.0,21.159926470588236,0
378675,Bind,2024-08-07 07:15:00,EDward Gaming,G2 Esports,-0.21935483870967742,0.0,0.0,21.575418994413408,0
378665,Bind,2024-08-08 04:00:00,Sentinels,FunPlus Phoenix,-0.15259259259259256,0.0,0.0,21.575418994413408,1
378665,Lotus,2024-08-08 04:00:00,Sentinels,FunPlus Phoenix,-0.15259259259259256,0.0,0.0,21.276412776412776,1
378671,Lotus,2024-08-09 04:00:00,Talon Esports,Team Vitality,-0.07936507936507942,0.0,0.0,21.276412776412776,0
378671,Sunset,2024-08-09 04:00:00,Talon Esports,Team Vitality,-0.07936507936507942,0.0,0.0,21.045673076923077,0
378676,Sunset,2024-08-09 06:25:00,FUT Esports,Paper Rex,-0.10317460317460314,0.0,0.0,21.045673076923077,0
378676,Bind,2024-08-09 06:25:00,FUT Esports,Paper Rex,-0.10317460317460314,0.0,0.0,21.575418994413408,0
378666,Haven,2024-08-10 04:00:00,Gen.G,Sentinels,0.35425101214574894,0.0,0.0,21.159926470588236,1
378666,Ascent,2024-08-10 04:00:00,Gen.G,Sentinels,0.35425101214574894,0.0,0.0,21.038961038961038,1
378666,Lotus,2024-08-10 04:00:00,Gen.G,Sentinels,0.35425101214574894,0.0,0.0,21.276412776412776,0
378666,Icebox,2024-08-10 04:00:00,Gen.G,Sentinels,0.35425101214574894,0.0,0.0,21.217090069284065,0
378666,Split,2024-08-10 04:00:00,Gen.G,Sentinels,0.35425101214574894,0.0,0.0,21.295289855072465,1
378666,Lotus,2024-08-10 04:00:00,Gen.G,Sentinels,0.35425101214574894,0.0,0.0,21.276412776412776,0
378666,Breeze,2024-08-10 04:00:00,Gen.G,Sentinels,0.35425101214574894,0.0,0.0,21.06774193548387,1
378666,Breeze,2024-08-10 04:00:00,Gen.G,Sentinels,0.35425101214574894,0.0,0.0,21.06774193548387,1
378666,Bind,2024-08-10 04:00:00,Gen.G,Sentinels,0.35425101214574894,0.0,0.0,21.575418994413408,0
378666,Ascent,2024-08-10 04:00:00,Gen.G,Sentinels,0.35425101214574894,0.0,0.0,21.038961038961038,1
378666,Split,2024-08-10 04:00:00,Gen.G,Sentinels,0.35425101214574894,0.0,0.0,21.295289855072465,0
378666,Icebox,2024-08-10 04:00:00,Gen.G,Sentinels,0.35425101214574894,0.0,0.0,21.217090069284065,0
378672,Icebox,2024-08-11 04:00:00,LEVIATÁN,Team Vitality,0.2145454545454546,0.0,0.0,21.217090069284065,1
378672,Sunset,2024-08-11 04:00:00,LEVIATÁN,Team Vitality,0.2145454545454546,0.0,0.0,21.045673076923077,1
378677,Icebox,2024-08-11 06:15:00,EDward Gaming,Paper Rex,-0.08614864864864868,0.0,0.0,21.217090069284065,0
378677,Sunset,2024-08-11 06:15:00,EDward Gaming,Paper Rex,-0.08614864864864868,0.0,0.0,21.045673076923077,1
378677,Lotus,2024-08-11 06:15:00,EDward Gaming,Paper Rex,-0.08614864864864868,0.0,0.0,21.276412776412776,1
378677,Sunset,2024-08-11 06:15:00,EDward Gaming,Paper Rex,-0.08614864864864868,0.0,0.0,21.045673076923077,0
378677,Bind,2024-08-11 06:15:00,EDward Gaming,Paper Rex,-0.08614864864864868,0.0,0.0,21.575418994413408,1
378677,Split,2024-08-11 06:15:00,EDward Gaming,Paper Rex,-0.08614864864864868,0.0,0.0,21.295289855072465,1
378822,Sunset,2024-08-14 04:00:00,DRX,Sentinels,0.18518518518518523,0.0,0.0,21.045673076923077,0
378822,Haven,2024-08-14 04:00:00,DRX,Sentinels,0.18518518518518523,0.0,0.0,21.159926470588236,0
378823,Bind,2024-08-14 06:25:00,Trace Esports,EDward Gaming,0.10424242424242425,0.0,0.0,21.575418994413408,0
378823,Sunset,2024-08-14 06:25:00,Trace Esports,EDward Gaming,0.10424242424242425,0.0,0.0,21.045673076923077,0
378823,Sunset,2024-08-14 06:25:00,Trace Esports,EDward Gaming,0.10424242424242425,0.0,0.0,21.045673076923077,0
378823,Abyss,2024-08-14 06:25:00,Trace Esports,EDward Gaming,0.10424242424242425,0.0,0.0,21.180487804878048,0
378823,Sunset,2024-08-14 06:25:00,Trace Esports,EDward Gaming,0.10424242424242425,0.0,0.0,21.045673076923077,0
378823,Breeze,2024-08-14 06:25:00,Trace Esports,EDward Gaming,0.10424242424242425,0.0,0.0,21.06774193548387,0
378824,Icebox,2024-08-15 04:00:00,G2 Esports,LEVIATÁN,0.03722084367245648,0.0,0.0,21.217090069284065,0
378824,Abyss,2024-08-15 04:00:00,G2 Esports,LEVIATÁN,0.03722084367245648,0.0,0.0,21.180487804878048,0
378824,Lotus,2024-08-15 04:00:00,G2 Esports,LEVIATÁN,0.03722084367245648,0.0,0.0,21.276412776412776,0
378824,Haven,2024-08-15 04:00:00,G2 Esports,LEVIATÁN,0.03722084367245648,0.0,0.0,21.159926470588236,0
378824,Bind,2024-08-15 04:00:00,G2 Esports,LEVIATÁN,0.03722084367245648,0.0,0.0,21.575418994413408,1
378824,Ascent,2024-08-15 04:00:00,G2 Esports,LEVIATÁN,0.03722084367245648,0.0,0.0,21.038961038961038,0
378824,Breeze,2024-08-15 04:00:00,G2 Esports,LEVIATÁN,0.03722084367245648,0.0,0.0,21.06774193548387,0
378824,Icebox,2024-08-15 04:00:00,G2 Esports,LEVIATÁN,0.03722084367245648,0.0,0.0,21.217090069284065,1
378824,Lotus,2024-08-15 04:00:00,G2 Esports,LEVIATÁN,0.03722084367245648,0.0,0.0,21.276412776412776,0
378824,Bind,2024-08-15 04:00:00,G2 Esports,LEVIATÁN,0.03722084367245648,0.0,0.0,21.575418994413408,0
378824,Breeze,2024-08-15 04:00:00,G2 Esports,LEVIATÁN,0.03722084367245648,0.0,0.0,21.06774193548387,1
378824,Icebox,2024-08-15 04:00:00,G2 Esports,LEVIATÁN,0.03722084367245648,0.0,0.0,21.217090069284065,0
378824,Lotus,2024-08-15 04:00:00,G2 Esports,LEVIATÁN,0.03722084367245648,0.0,0.0,21.276412776412776,1
378824,Ascent,2024-08-15 04:00:00,G2 Esports,LEVIATÁN,0.03722084367245648,0.0,0.0,21.038961038961038,1
378831,Lotus,2024-08-16 04:00:00,DRX,Trace Esports,-0.04670329670329676,0.0,0.0,21.276412776412776,1
378831,Abyss,2024-08-16 04:00:00,DRX,Trace Esports,-0.04670329670329676,0.0,0.0,21.180487804878048,1
378826,Haven,2024-08-17 04:00:00,Sentinels,EDward Gaming,-0.12394957983193278,0.0,0.0,21.159926470588236,1
378826,Lotus,2024-08-17 04:00:00,Sentinels,EDward Gaming,-0.12394957983193278,0.0,0.0,21.276412776412776,0
378826,Sunset,2024-08-17 04:00:00,Sentinels,EDward Gaming,-0.12394957983193278,0.0,0.0,21.045673076923077,0
378827,Icebox,2024-08-17 07:15:00,LEVIATÁN,Team Heretics,0.06349206349206349,0.0,0.0,21.217090069284065,1
378827,Lotus,2024-08-17 07:15:00,LEVIATÁN,Team Heretics,0.06349206349206349,0.0,0.0,21.276412776412776,1
378827,Icebox,2024-08-17 07:15:00,LEVIATÁN,Team Heretics,0.06349206349206349,0.0,0.0,21.217090069284065,0
378827,Sunset,2024-08-17 07:15:00,LEVIATÁN,Team Heretics,0.06349206349206349,0.0,0.0,21.045673076923077,0
378827,Abyss,2024-08-17 07:15:00,LEVIATÁN,Team Heretics,0.06349206349206349,0.0,0.0,21.180487804878048,1
378827,Lotus,2024-08-17 07:15:00,LEVIATÁN,Team Heretics,0.06349206349206349,0.0,0.0,21.276412776412776,0
378833,Abyss,2024-08-18 07:25:00,Team Heretics,DRX,0.07375478927203061,0.0,0.0,21.180487804878048,0
378833,Sunset,2024-08-18 07:25:00,Team Heretics,DRX,0.07375478927203061,0.0,0.0,21.045673076923077,1
378833,Icebox,2024-08-18 07:25:00,Team Heretics,DRX,0.07375478927203061,0.0,0.0,21.217090069284065,1
378828,Icebox,2024-08-23 03:00:00,EDward Gaming,LEVIATÁN,-0.18571428571428572,0.0,0.0,21.217090069284065,0
378828,Lotus,2024-08-23 03:00:00,EDward Gaming,LEVIATÁN,-0.18571428571428572,0.0,0.0,21.276412776412776,1
378828,Abyss,2024-08-23 03:00:00,EDward Gaming,LEVIATÁN,-0.18571428571428572,0.0,0.0,21.180487804878048,1
378835,Haven,2024-08-23 06:45:00,Team Heretics,Sentinels,0.23603603603603607,0.0,0.0,21.159926470588236,0
378835,Icebox,2024-08-23 06:45:00,Team Heretics,Sentinels,0.23603603603603607,0.0,0.0,21.217090069284065,1
378835,Abyss,2024-08-23 06:45:00,Team Heretics,Sentinels,0.23603603603603607,0.0,0.0,21.180487804878048,1
378836,Icebox,2024-08-24 03:00:00,LEVIATÁN,Team Heretics,0.0480943738656987,0.0,0.0,21.217090069284065,1
378836,Lotus,2024-08-24 03:00:00,LEVIATÁN,Team Heretics,0.0480943738656987,0.0,0.0,21.276412776412776,1
378836,Icebox,2024-08-24 03:00:00,LEVIATÁN,Team Heretics,0.0480943738656987,0.0,0.0,21.217090069284065,0
378836,Sunset,2024-08-24 03:00:00,LEVIATÁN,Team Heretics,0.0480943738656987,0.0,0.0,21.045673076923077,0
378836,Abyss,2024-08-24 03:00:00,LEVIATÁN,Team Heretics,0.0480943738656987,0.0,0.0,21.180487804878048,1
378836,Lotus,2024-08-24 03:00:00,LEVIATÁN,Team Heretics,0.0480943738656987,0.0,0.0,21.276412776412776,0
378829,Haven,2024-08-25 03:00:00,EDward Gaming,Team Heretics,-0.08119658119658113,0.0,0.0,21.159926470588236,0
378829,Sunset,2024-08-25 03:00:00,EDward Gaming,Team Heretics,-0.08119658119658113,0.0,0.0,21.045673076923077,1
378829,Lotus,2024-08-25 03:00:00,EDward Gaming,Team Heretics,-0.08119658119658113,0.0,0.0,21.276412776412776,1
378829,Bind,2024-08-25 03:00:00,EDward Gaming,Team Heretics,-0.08119658119658113,0.0,0.0,21.575418994413408,0
378829,Abyss,2024-08-25 03:00:00,EDward Gaming,Team Heretics,-0.08119658119658113,0.0,0.0,21.180487804878048,1
378829,Sunset,2024-08-25 03:00:00,EDward Gaming,Team Heretics,-0.08119658119658113,0.0,0.0,21.045673076923077,0
378829,Split,2024-08-25 03:00:00,EDward Gaming,Team Heretics,-0.08119658119658113,0.0,0.0,21.295289855072465,0
430838,Haven,2025-01-11 04:00:00,TYLOO,Titan Esports Club,0.15000000000000002,0.0,0.0,21.159926470588236,1
430838,Lotus,2025-01-11 04:00:00,TYLOO,Titan Esports Club,0.15000000000000002,0.0,0.0,21.276412776412776,1
430838,Fracture,2025-01-11 04:00:00,TYLOO,Titan Esports Club,0.15000000000000002,0.0,0.0,21.18957345971564,1
430838,Icebox,2025-01-11 04:00:00,TYLOO,Titan Esports Club,0.15000000000000002,0.0,0.0,21.217090069284065,0
430838,Split,2025-01-11 04:00:00,TYLOO,Titan Esports Club,0.15000000000000002,0.0,0.0,21.295289855072465,0
430838,Fracture,2025-01-11 04:00:00,TYLOO,Titan Esports Club,0.15000000000000002,0.0,0.0,21.18957345971564,0
430838,Abyss,2025-01-11 04:00:00,TYLOO,Titan Esports Club,0.15000000000000002,0.0,0.0,21.180487804878048,0
430837,Haven,2025-01-11 06:35:00,Xi Lai Gaming,Wolves Esports,0.1923076923076923,-0.5,-0.5,21.159926470588236,1
430837,Lotus,2025-01-11 06:35:00,Xi Lai Gaming,Wolves Esports,0.1923076923076923,-0.5,-0.5,21.276412776412776,1
430837,Lotus,2025-01-11 06:35:00,Xi Lai Gaming,Wolves Esports,0.1923076923076923,-0.5,-0.5,21.276412776412776,1
430837,Split,2025-01-11 06:35:00,Xi Lai Gaming,Wolves Esports,0.1923076923076923,-0.5,-0.5,21.295289855072465,1
430839,Abyss,2025-01-12 04:00:00,JDG Esports,Dragon Ranger Gaming,0.07894736842105265,0.0,0.0,21.180487804878048,0
430839,Haven,2025-01-12 04:00:00,JDG Esports,Dragon Ranger Gaming,0.07894736842105265,0.0,0.0,21.159926470588236,1
430839,Bind,2025-01-12 04:00:00,JDG Esports,Dragon Ranger Gaming,0.07894736842105265,0.0,0.0,21.575418994413408,0
430840,Abyss,2025-01-12 07:25:00,All Gamers,Nova Esports,0.0714285714285714,0.0,0.0,21.180487804878048,0
430840,Bind,2025-01-12 07:25:00,All Gamers,Nova Esports,0.0714285714285714,0.0,0.0,21.575418994413408,0
429381,Ascent,2025-01-15 12:00:00,BBL Esports,GIANTX,0.16666666666666669,0.0,0.0,21.038961038961038,0
429381,Sunset,2025-01-15 12:00:00,BBL Esports,GIANTX,0.16666666666666669,0.0,0.0,21.045673076923077,0
429381,Bind,2025-01-15 12:00:00,BBL Esports,GIANTX,0.16666666666666669,0.0,0.0,21.575418994413408,0
429381,Lotus,2025-01-15 12:00:00,BBL Esports,GIANTX,0.16666666666666669,0.0,0.0,21.276412776412776,1
429381,Haven,2025-01-15 12:00:00,BBL Esports,GIANTX,0.16666666666666669,0.0,0.0,21.159926470588236,0
429381,Pearl,2025-01-15 12:00:00,BBL Esports,GIANTX,0.16666666666666669,0.0,0.0,21.221830985915492,1
429380,Abyss,2025-01-15 15:30:00,Karmine Corp,Natus Vincere,-0.005115089514066529,0.0,0.0,21.180487804878048,0
429380,Bind,2025-01-15 15:30:00,Karmine Corp,Natus Vincere,-0.005115089514066529,0.0,0.0,21.575418994413408,1
429380,Lotus,2025-01-15 15:30:00,Karmine Corp,Natus Vincere,-0.005115089514066529,0.0,0.0,21.276412776412776,1
430842,Icebox,2025-01-16 04:00:00,FunPlus Phoenix,Titan Esports Club,0.3214285714285714,0.0,0.0,21.217090069284065,1
430842,Haven,2025-01-16 04:00:00,FunPlus Phoenix,Titan Esports Club,0.3214285714285714,0.0,0.0,21.159926470588236,1
430842,Abyss,2025-01-16 04:00:00,FunPlus Phoenix,Titan Esports Club,0.3214285714285714,0.0,0.0,21.180487804878048,0
430842,Fracture,2025-01-16 04:00:00,FunPlus Phoenix,Titan Esports Club,0.3214285714285714,0.0,0.0,21.18957345971564,1
430842,Pearl,2025-01-16 04:00:00,FunPlus Phoenix,Titan Esports Club,0.3214285714285714,0.0,0.0,21.221830985915492,1
430841,Haven,2025-01-16 07:20:00,Bilibili Gaming,Xi Lai Gaming,-0.55,0.0,0.0,21.159926470588236,0
430841,Lotus,2025-01-16 07:20:00,Bilibili Gaming,Xi Lai Gaming,-0.55,0.0,0.0,21.276412776412776,1
430841,Abyss,2025-01-16 07:20:00,Bilibili Gaming,Xi Lai Gaming,-0.55,0.0,0.0,21.180487804878048,1
429379,Bind,2025-01-16 12:00:00,Team Liquid,KOI,0.2117647058823529,0.0,0.0,21.575418994413408,1
429379,Icebox,2025-01-16 12:00:00,Team Liquid,KOI,0.2117647058823529,0.0,0.0,21.217090069284065,0
429379,Lotus,2025-01-16 12:00:00,Team Liquid,KOI,0.2117647058823529,0.0,0.0,21.276412776412776,1
429379,Split,2025-01-16 12:00:00,Team Liquid,KOI,0.2117647058823529,0.0,0.0,21.295289855072465,1
429379,Lotus,2025-01-16 12:00:00,Team Liquid,KOI,0.2117647058823529,0.0,0.0,21.276412776412776,1
429379,Fracture,2025-01-16 12:00:00,Team Liquid,KOI,0.2117647058823529,0.0,0.0,21.18957345971564,0
429379,Abyss,2025-01-16 12:00:00,Team Liquid,KOI,0.2117647058823529,0.0,0.0,21.180487804878048,1
429379,Bind,2025-01-16 12:00:00,Team Liquid,KOI,0.2117647058823529,0.0,0.0,21.575418994413408,1
429382,Pearl,2025-01-16 15:10:00,Apeks,Gentle Mates,0.08333333333333331,-0.5,-0.5,21.221830985915492,0
429382,Haven,2025-01-16 15:10:00,Apeks,Gentle Mates,0.08333333333333331,-0.5,-0.5,21.159926470588236,0
427991,Lotus,2025-01-16 17:00:00,Evil Geniuses,LOUD,-0.033816425120772986,0.0,0.0,21.276412776412776,0
427991,Pearl,2025-01-16 17:00:00,Evil Geniuses,LOUD,-0.033816425120772986,0.0,0.0,21.221830985915492,1
427991,Split,2025-01-16 17:00:00,Evil Geniuses,LOUD,-0.033816425120772986,0.0,0.0,21.295289855072465,1
427991,Split,2025-01-16 17:00:00,Evil Geniuses,LOUD,-0.033816425120772986,0.0,0.0,21.295289855072465,0
427991,Pearl,2025-01-16 17:00:00,Evil Geniuses,LOUD,-0.033816425120772986,0.0,0.0,21.221830985915492,0
427992,Icebox,2025-01-16 19:45:00,MIBR,100 Thieves,-0.3449275362318841,0.0,0.0,21.217090069284065,1
427992,Bind,2025-01-16 19:45:00,MIBR,100 Thieves,-0.3449275362318841,0.0,0.0,21.575418994413408,1
427992,Split,2025-01-16 19:45:00,MIBR,100 Thieves,-0.3449275362318841,0.0,0.0,21.295289855072465,1
427992,Icebox,2025-01-16 19:45:00,MIBR,100 Thieves,-0.3449275362318841,0.0,0.0,21.217090069284065,1
427992,Lotus,2025-01-16 19:45:00,MIBR,100 Thieves,-0.3449275362318841,0.0,0.0,21.276412776412776,0
427992,Bind,2025-01-16 19:45:00,MIBR,100 Thieves,-0.3449275362318841,0.0,0.0,21.575418994413408,0
430843,Pearl,2025-01-17 04:00:00,Trace Esports,Dragon Ranger Gaming,0.17962962962962964,0.0,0.0,21.221830985915492,1
430843,Abyss,2025-01-17 04:00:00,Trace Esports,Dragon Ranger Gaming,0.17962962962962964,0.0,0.0,21.180487804878048,1
430844,Split,2025-01-17 06:10:00,EDward Gaming,Nova Esports,0.22162162162162158,0.0,0.0,21.295289855072465,1
430844,Fracture,2025-01-17 06:10:00,EDward Gaming,Nova Esports,0.22162162162162158,0.0,0.0,21.18957345971564,1
429384,Haven,2025-01-17 16:00:00,Team Vitality,Karmine Corp,0.1467391304347826,0.0,0.0,21.159926470588236,1
429384,Bind,2025-01-17 16:00:00,Team Vitality,Karmine Corp,0.1467391304347826,0.0,0.0,21.575418994413408,0
429384,Abyss,2025-01-17 16:00:00,Team Vitality,Karmine Corp,0.1467391304347826,0.0,0.0,21.180487804878048,1
427994,Corrode,2025-01-17 17:00:00,2Game Esports,FURIA,0.25,-0.5,-0.5,21.65277777777778,0
427994,Sunset,2025-01-17 17:00:00,2Game Esports,FURIA,0.25,-0.5,-0.5,21.045673076923077,1
427994,Ascent,2025-01-17 17:00:00,2Game Esports,FURIA,0.25,-0.5,-0.5,21.038961038961038,1
427994,Haven,2025-01-17 17:00:00,2Game Esports,FURIA,0.25,-0.5,-0.5,21.159926470588236,0
427994,Lotus,2025-01-17 17:00:00,2Game Esports,FURIA,0.25,-0.5,-0.5,21.276412776412776,0
427993,Corrode,2025-01-17 19:05:00,NRG,Cloud9,-0.12631578947368421,0.0,0.0,21.65277777777778,1
427993,Lotus,2025-01-17 19:05:00,NRG,Cloud9,-0.12631578947368421,0.0,0.0,21.276412776412776,1
427993,Haven,2025-01-17 19:05:00,NRG,Cloud9,-0.12631578947368421,0.0,0.0,21.159926470588236,0
427993,Fracture,2025-01-17 19:05:00,NRG,Cloud9,-0.12631578947368421,0.0,0.0,21.18957345971564,0
427993,Lotus,2025-01-17 19:05:00,NRG,Cloud9,-0.12631578947368421,0.0,0.0,21.276412776412776,0
430514,Ascent,2025-01-18 03:00:00,BOOM Esports,T1,0.16666666666666669,-0.5,-0.5,21.038961038961038,0
430514,Corrode,2025-01-18 03:00:00,BOOM Esports,T1,0.16666666666666669,-0.5,-0.5,21.65277777777778,0
430514,Pearl,2025-01-18 03:00:00,BOOM Esports,T1,0.16666666666666669,-0.5,-0.5,21.221830985915492,0
430514,Bind,2025-01-18 03:00:00,BOOM Esports,T1,0.16666666666666669,-0.5,-0.5,21.575418994413408,1
430514,Fracture,2025-01-18 03:00:00,BOOM Esports,T1,0.16666666666666669,-0.5,-0.5,21.18957345971564,0
430851,Lotus,2025-01-18 04:00:00,Titan Esports Club,JDG Esports,-0.23137254901960785,0.0,0.0,21.276412776412776,0
430851,Haven,2025-01-18 04:00:00,Titan Esports Club,JDG Esports,-0.23137254901960785,0.0,0.0,21.159926470588236,1
430851,Sunset,2025-01-18 04:00:00,Titan Esports Club,JDG Esports,-0.23137254901960785,0.0,0.0,21.045673076923077,0
430851,Fracture,2025-01-18 04:00:00,Titan Esports Club,JDG Esports,-0.23137254901960785,0.0,0.0,21.18957345971564,0
430851,Abyss,2025-01-18 04:00:00,Titan Esports Club,JDG Esports,-0.23137254901960785,0.0,0.0,21.180487804878048,0
430515,Split,2025-01-18 06:15:00,ZETA DIVISION,Nongshim RedForce,-0.16666666666666669,0.5,0.5,21.295289855072465,0
430515,Haven,2025-01-18 06:15:00,ZETA DIVISION,Nongshim RedForce,-0.16666666666666669,0.5,0.5,21.159926470588236,0
430853,Ascent,2025-01-18 06:20:00,Xi Lai Gaming,All Gamers,0.09999999999999998,0.0,0.0,21.038961038961038,1
430853,Icebox,2025-01-18 06:20:00,Xi Lai Gaming,All Gamers,0.09999999999999998,0.0,0.0,21.217090069284065,0
430853,Lotus,2025-01-18 06:20:00,Xi Lai Gaming,All Gamers,0.09999999999999998,0.0,0.0,21.276412776412776,1
430853,Fracture,2025-01-18 06:20:00,Xi Lai Gaming,All Gamers,0.09999999999999998,0.0,0.0,21.18957345971564,1
430853,Lotus,2025-01-18 06:20:00,Xi Lai Gaming,All Gamers,0.09999999999999998,0.0,0.0,21.276412776412776,1
430853,Abyss,2025-01-18 06:20:00,Xi Lai Gaming,All Gamers,0.09999999999999998,0.0,0.0,21.180487804878048,0
430853,Bind,2025-01-18 06:20:00,Xi Lai Gaming,All Gamers,0.09999999999999998,0.0,0.0,21.575418994413408,1
430853,Lotus,2025-01-18 06:20:00,Xi Lai Gaming,All Gamers,0.09999999999999998,0.0,0.0,21.276412776412776,1
427996,Pearl,2025-01-18 19:25:00,Sentinels,100 Thieves,-0.006720430107526876,0.0,0.0,21.221830985915492,1
427996,Haven,2025-01-18 19:25:00,Sentinels,100 Thieves,-0.006720430107526876,0.0,0.0,21.159926470588236,0
427996,Split,2025-01-18 19:25:00,Sentinels,100 Thieves,-0.006720430107526876,0.0,0.0,21.295289855072465,1
427996,Split,2025-01-18 19:25:00,Sentinels,100 Thieves,-0.006720430107526876,0.0,0.0,21.295289855072465,0
427996,Bind,2025-01-18 19:25:00,Sentinels,100 Thieves,-0.006720430107526876,0.0,0.0,21.575418994413408,1
427996,Pearl,2025-01-18 19:25:00,Sentinels,100 Thieves,-0.006720430107526876,0.0,0.0,21.221830985915492,1
430516,Bind,2025-01-19 03:00:00,Global Esports,Team Secret,-0.3393665158371041,0.0,0.0,21.575418994413408,0
430516,Corrode,2025-01-19 03:00:00,Global Esports,Team Secret,-0.3393665158371041,0.0,0.0,21.65277777777778,1
430516,Lotus,2025-01-19 03:00:00,Global Esports,Team Secret,-0.3393665158371041,0.0,0.0,21.276412776412776,0
430516,Abyss,2025-01-19 03:00:00,Global Esports,Team Secret,-0.3393665158371041,0.0,0.0,21.180487804878048,0
430516,Split,2025-01-19 03:00:00,Global Esports,Team Secret,-0.3393665158371041,0.0,0.0,21.295289855072465,1
430516,Pearl,2025-01-19 03:00:00,Global Esports,Team Secret,-0.3393665158371041,0.0,0.0,21.221830985915492,1
430850,Haven,2025-01-19 04:00:00,Dragon Ranger Gaming,TYLOO,-0.032967032967033016,0.0,0.0,21.159926470588236,1
430850,Split,2025-01-19 04:00:00,Dragon Ranger Gaming,TYLOO,-0.032967032967033016,0.0,0.0,21.295289855072465,0
430850,Fracture,2025-01-19 04:00:00,Dragon Ranger Gaming,TYLOO,-0.032967032967033016,0.0,0.0,21.18957345971564,0
430850,Pearl,2025-01-19 04:00:00,Dragon Ranger Gaming,TYLOO,-0.032967032967033016,0.0,0.0,21.221830985915492,1
430850,Haven,2025-01-19 04:00:00,Dragon Ranger Gaming,TYLOO,-0.032967032967033016,0.0,0.0,21.159926470588236,1
430517,Abyss,2025-01-19 06:00:00,DetonatioN FocusMe,Rex Regum Qeon,-0.21794871794871798,0.0,0.0,21.180487804878048,1
430517,Pearl,2025-01-19 06:00:00,DetonatioN FocusMe,Rex Regum Qeon,-0.21794871794871798,0.0,0.0,21.221830985915492,0
430517,Haven,2025-01-19 06:00:00,DetonatioN FocusMe,Rex Regum Qeon,-0.21794871794871798,0.0,0.0,21.159926470588236,0
430849,Haven,2025-01-19 06:15:00,Nova Esports,Wolves Esports,0.0892857142857143,0.0,0.0,21.159926470588236,0
430849,Corrode,2025-01-19 06:15:00,Nova Esports,Wolves Esports,0.0892857142857143,0.0,0.0,21.65277777777778,1
430849,Bind,2025-01-19 06:15:00,Nova Esports,Wolves Esports,0.0892857142857143,0.0,0.0,21.575418994413408,1
430849,Fracture,2025-01-19 06:15:00,Nova Esports,Wolves Esports,0.0892857142857143,0.0,0.0,21.18957345971564,1
430849,Abyss,2025-01-19 06:15:00,Nova Esports,Wolves Esports,0.0892857142857143,0.0,0.0,21.180487804878048,0
430849,Split,2025-01-19 06:15:00,Nova Esports,Wolves Esports,0.0892857142857143,0.0,0.0,21.295289855072465,1
427998,Haven,2025-01-19 17:00:00,LEVIATÁN,FURIA,0.535897435897436,0.0,0.0,21.159926470588236,1
427998,Split,2025-01-19 17:00:00,LEVIATÁN,FURIA,0.535897435897436,0.0,0.0,21.295289855072465,1
427997,Ascent,2025-01-19 19:20:00,G2 Esports,Cloud9,0.19507575757575757,0.0,0.0,21.038961038961038,1
427997,Lotus,2025-01-19 19:20:00,G2 Esports,Cloud9,0.19507575757575757,0.0,0.0,21.276412776412776,1
427997,Icebox,2025-01-19 19:20:00,G2 Esports,Cloud9,0.19507575757575757,0.0,0.0,21.217090069284065,1
427997,Haven,2025-01-19 19:20:00,G2 Esports,Cloud9,0.19507575757575757,0.0,0.0,21.159926470588236,0
427997,Pearl,2025-01-19 19:20:00,G2 Esports,Cloud9,0.19507575757575757,0.0,0.0,21.221830985915492,1
427997,Lotus,2025-01-19 19:20:00,G2 Esports,Cloud9,0.19507575757575757,0.0,0.0,21.276412776412776,1
427997,Abyss,2025-01-19 19:20:00,G2 Esports,Cloud9,0.19507575757575757,0.0,0.0,21.180487804878048,1
430521,Icebox,2025-01-20 03:00:00,DRX,Nongshim RedForce,-0.4,0.0,0.0,21.217090069284065,1
430521,Bind,2025-01-20 03:00:00,DRX,Nongshim RedForce,-0.4,0.0,0.0,21.575418994413408,0
430521,Lotus,2025-01-20 03:00:00,DRX,Nongshim RedForce,-0.4,0.0,0.0,21.276412776412776,1
430521,Lotus,2025-01-20 03:00:00,DRX,Nongshim RedForce,-0.4,0.0,0.0,21.276412776412776,1
430521,Pearl,2025-01-20 03:00:00,DRX,Nongshim RedForce,-0.4,0.0,0.0,21.221830985915492,0
430521,Fracture,2025-01-20 03:00:00,DRX,Nongshim RedForce,-0.4,0.0,0.0,21.18957345971564,1
430845,Bind,2025-01-20 04:00:00,Bilibili Gaming,FunPlus Phoenix,-0.11001642036124792,0.0,0.0,21.575418994413408,1
430845,Lotus,2025-01-20 04:00:00,Bilibili Gaming,FunPlus Phoenix,-0.11001642036124792,0.0,0.0,21.276412776412776,1
430518,Sunset,2025-01-20 06:15:00,Paper Rex,T1,0.26794258373205737,0.0,0.0,21.045673076923077,1
430518,Bind,2025-01-20 06:15:00,Paper Rex,T1,0.26794258373205737,0.0,0.0,21.575418994413408,1
430518,Bind,2025-01-20 06:15:00,Paper Rex,T1,0.26794258373205737,0.0,0.0,21.575418994413408,0
430518,Fracture,2025-01-20 06:15:00,Paper Rex,T1,0.26794258373205737,0.0,0.0,21.18957345971564,1
430518,Split,2025-01-20 06:15:00,Paper Rex,T1,0.26794258373205737,0.0,0.0,21.295289855072465,0
430846,Sunset,2025-01-20 06:25:00,Trace Esports,EDward Gaming,0.011278195488721887,0.0,0.0,21.045673076923077,1
430846,Bind,2025-01-20 06:25:00,Trace Esports,EDward Gaming,0.011278195488721887,0.0,0.0,21.575418994413408,0
430846,Icebox,2025-01-20 06:25:00,Trace Esports,EDward Gaming,0.011278195488721887,0.0,0.0,21.217090069284065,1
430846,Lotus,2025-01-20 06:25:00,Trace Esports,EDward Gaming,0.011278195488721887,0.0,0.0,21.276412776412776,1
430846,Bind,2025-01-20 06:25:00,Trace Esports,EDward Gaming,0.011278195488721887,0.0,0.0,21.575418994413408,1
430846,Lotus,2025-01-20 06:25:00,Trace Esports,EDward Gaming,0.011278195488721887,0.0,0.0,21.276412776412776,1
430846,Bind,2025-01-20 06:25:00,Trace Esports,EDward Gaming,0.011278195488721887,0.0,0.0,21.575418994413408,0
430846,Abyss,2025-01-20 06:25:00,Trace Esports,EDward Gaming,0.011278195488721887,0.0,0.0,21.180487804878048,0
430846,Fracture,2025-01-20 06:25:00,Trace Esports,EDward Gaming,0.011278195488721887,0.0,0.0,21.18957345971564,0
430854,Pearl,2025-01-21 04:00:00,Nova Esports,Dragon Ranger Gaming,0.0026737967914438054,0.0,0.0,21.221830985915492,0
430854,Bind,2025-01-21 04:00:00,Nova Esports,Dragon Ranger Gaming,0.0026737967914438054,0.0,0.0,21.575418994413408,0
430855,Lotus,2025-01-21 06:15:00,JDG Esports,Xi Lai Gaming,-0.16666666666666663,0.0,0.0,21.276412776412776,0
430855,Fracture,2025-01-21 06:15:00,JDG Esports,Xi Lai Gaming,-0.16666666666666663,0.0,0.0,21.18957345971564,0
430855,Icebox,2025-01-21 06:15:00,JDG Esports,Xi Lai Gaming,-0.16666666666666663,0.0,0.0,21.217090069284065,1
430855,Pearl,2025-01-21 06:15:00,JDG Esports,Xi Lai Gaming,-0.16666666666666663,0.0,0.0,21.221830985915492,1
430855,Bind,2025-01-21 06:15:00,JDG Esports,Xi Lai Gaming,-0.16666666666666663,0.0,0.0,21.575418994413408,0
430855,Haven,2025-01-21 06:15:00,JDG Esports,Xi Lai Gaming,-0.16666666666666663,0.0,0.0,21.159926470588236,0
430856,Haven,2025-01-22 04:00:00,FunPlus Phoenix,Dragon Ranger Gaming,0.1318840579710145,0.0,0.0,21.159926470588236,1
430856,Ascent,2025-01-22 04:00:00,FunPlus Phoenix,Dragon Ranger Gaming,0.1318840579710145,0.0,0.0,21.038961038961038,0
430856,Sunset,2025-01-22 04:00:00,FunPlus Phoenix,Dragon Ranger Gaming,0.1318840579710145,0.0,0.0,21.045673076923077,1
430856,Ascent,2025-01-22 04:00:00,FunPlus Phoenix,Dragon Ranger Gaming,0.1318840579710145,0.0,0.0,21.038961038961038,0
430856,Haven,2025-01-22 04:00:00,FunPlus Phoenix,Dragon Ranger Gaming,0.1318840579710145,0.0,0.0,21.159926470588236,0
430856,Abyss,2025-01-22 04:00:00,FunPlus Phoenix,Dragon Ranger Gaming,0.1318840579710145,0.0,0.0,21.180487804878048,0
430856,Pearl,2025-01-22 04:00:00,FunPlus Phoenix,Dragon Ranger Gaming,0.1318840579710145,0.0,0.0,21.221830985915492,1
430856,Haven,2025-01-22 04:00:00,FunPlus Phoenix,Dragon Ranger Gaming,0.1318840579710145,0.0,0.0,21.159926470588236,0
430857,Lotus,2025-01-22 07:05:00,EDward Gaming,Xi Lai Gaming,-0.13461538461538458,0.0,0.0,21.276412776412776,1
430857,Corrode,2025-01-22 07:05:00,EDward Gaming,Xi Lai Gaming,-0.13461538461538458,0.0,0.0,21.65277777777778,1
430857,Lotus,2025-01-22 07:05:00,EDward Gaming,Xi Lai Gaming,-0.13461538461538458,0.0,0.0,21.276412776412776,0
430857,Haven,2025-01-22 07:05:00,EDward Gaming,Xi Lai Gaming,-0.13461538461538458,0.0,0.0,21.159926470588236,0
430857,Lotus,2025-01-22 07:05:00,EDward Gaming,Xi Lai Gaming,-0.13461538461538458,0.0,0.0,21.276412776412776,0
430857,Bind,2025-01-22 07:05:00,EDward Gaming,Xi Lai Gaming,-0.13461538461538458,0.0,0.0,21.575418994413408,1
430857,Haven,2025-01-22 07:05:00,EDward Gaming,Xi Lai Gaming,-0.13461538461538458,0.0,0.0,21.159926470588236,1
429383,Pearl,2025-01-22 12:00:00,FUT Esports,Team Liquid,0.07279693486590044,0.0,0.0,21.221830985915492,1
429383,Fracture,2025-01-22 12:00:00,FUT Esports,Team Liquid,0.07279693486590044,0.0,0.0,21.18957345971564,1
429383,Abyss,2025-01-22 12:00:00,FUT Esports,Team Liquid,0.07279693486590044,0.0,0.0,21.180487804878048,0
429383,Bind,2025-01-22 12:00:00,FUT Esports,Team Liquid,0.07279693486590044,0.0,0.0,21.575418994413408,1
429383,Haven,2025-01-22 12:00:00,FUT Esports,Team Liquid,0.07279693486590044,0.0,0.0,21.159926470588236,0
429386,Abyss,2025-01-22 14:10:00,Team Heretics,Gentle Mates,0.21346153846153848,0.0,0.0,21.180487804878048,0
429386,Fracture,2025-01-22 14:10:00,Team Heretics,Gentle Mates,0.21346153846153848,0.0,0.0,21.18957345971564,1
429386,Pearl,2025-01-22 14:10:00,Team Heretics,Gentle Mates,0.21346153846153848,0.0,0.0,21.221830985915492,1
430847,Haven,2025-01-23 04:00:00,Bilibili Gaming,Trace Esports,-0.15517241379310343,0.0,0.0,21.159926470588236,1
430847,Icebox,2025-01-23 04:00:00,Bilibili Gaming,Trace Esports,-0.15517241379310343,0.0,0.0,21.217090069284065,0
430847,Ascent,2025-01-23 04:00:00,Bilibili Gaming,Trace Esports,-0.15517241379310343,0.0,0.0,21.038961038961038,0
430847,Haven,2025-01-23 04:00:00,Bilibili Gaming,Trace Esports,-0.15517241379310343,0.0,0.0,21.159926470588236,0
430847,Ascent,2025-01-23 04:00:00,Bilibili Gaming,Trace Esports,-0.15517241379310343,0.0,0.0,21.038961038961038,1
430847,Split,2025-01-23 04:00:00,Bilibili Gaming,Trace Esports,-0.15517241379310343,0.0,0.0,21.295289855072465,0
430847,Fracture,2025-01-23 04:00:00,Bilibili Gaming,Trace Esports,-0.15517241379310343,0.0,0.0,21.18957345971564,1
430847,Lotus,2025-01-23 04:00:00,Bilibili Gaming,Trace Esports,-0.15517241379310343,0.0,0.0,21.276412776412776,1
430847,Bind,2025-01-23 04:00:00,Bilibili Gaming,Trace Esports,-0.15517241379310343,0.0,0.0,21.575418994413408,0
430847,Haven,2025-01-23 04:00:00,Bilibili Gaming,Trace Esports,-0.15517241379310343,0.0,0.0,21.159926470588236,1
430847,Lotus,2025-01-23 04:00:00,Bilibili Gaming,Trace Esports,-0.15517241379310343,0.0,0.0,21.276412776412776,0
430858,Icebox,2025-01-23 07:15:00,Dragon Ranger Gaming,EDward Gaming,-0.20833333333333331,0.0,0.0,21.217090069284065,0
430858,Ascent,2025-01-23 07:15:00,Dragon Ranger Gaming,EDward Gaming,-0.20833333333333331,0.0,0.0,21.038961038961038,1
430858,Pearl,2025-01-23 07:15:00,Dragon Ranger Gaming,EDward Gaming,-0.20833333333333331,0.0,0.0,21.221830985915492,0
430858,Haven,2025-01-23 07:15:00,Dragon Ranger Gaming,EDward Gaming,-0.20833333333333331,0.0,0.0,21.159926470588236,0
430858,Pearl,2025-01-23 07:15:00,Dragon Ranger Gaming,EDward Gaming,-0.20833333333333331,0.0,0.0,21.221830985915492,0
429393,Bind,2025-01-23 12:00:00,Karmine Corp,GIANTX,0.05230769230769228,0.0,0.0,21.575418994413408,1
429393,Lotus,2025-01-23 12:00:00,Karmine Corp,GIANTX,0.05230769230769228,0.0,0.0,21.276412776412776,0
429393,Fracture,2025-01-23 12:00:00,Karmine Corp,GIANTX,0.05230769230769228,0.0,0.0,21.18957345971564,0
428003,Corrode,2025-01-23 17:00:00,FURIA,Evil Geniuses,-0.2593984962406015,0.0,0.0,21.65277777777778,0
428003,Ascent,2025-01-23 17:00:00,FURIA,Evil Geniuses,-0.2593984962406015,0.0,0.0,21.038961038961038,0
428003,Abyss,2025-01-23 17:00:00,FURIA,Evil Geniuses,-0.2593984962406015,0.0,0.0,21.180487804878048,0
428003,Fracture,2025-01-23 17:00:00,FURIA,Evil Geniuses,-0.2593984962406015,0.0,0.0,21.18957345971564,0
428004,Pearl,2025-01-23 19:20:00,Cloud9,MIBR,0.34191176470588236,0.0,0.0,21.221830985915492,1
428004,Lotus,2025-01-23 19:20:00,Cloud9,MIBR,0.34191176470588236,0.0,0.0,21.276412776412776,0
428004,Haven,2025-01-23 19:20:00,Cloud9,MIBR,0.34191176470588236,0.0,0.0,21.159926470588236,0
428004,Lotus,2025-01-23 19:20:00,Cloud9,MIBR,0.34191176470588236,0.0,0.0,21.276412776412776,1
428004,Abyss,2025-01-23 19:20:00,Cloud9,MIBR,0.34191176470588236,0.0,0.0,21.180487804878048,0
428004,Pearl,2025-01-23 19:20:00,Cloud9,MIBR,0.34191176470588236,0.0,0.0,21.221830985915492,0
430860,Lotus,2025-01-24 04:00:00,Bilibili Gaming,EDward Gaming,-0.15588547189819724,0.0,0.0,21.276412776412776,1
430860,Sunset,2025-01-24 04:00:00,Bilibili Gaming,EDward Gaming,-0.15588547189819724,0.0,0.0,21.045673076923077,1
430860,Bind,2025-01-24 04:00:00,Bilibili Gaming,EDward Gaming,-0.15588547189819724,0.0,0.0,21.575418994413408,0
430860,Haven,2025-01-24 04:00:00,Bilibili Gaming,EDward Gaming,-0.15588547189819724,0.0,0.0,21.159926470588236,1
430860,Lotus,2025-01-24 04:00:00,Bilibili Gaming,EDward Gaming,-0.15588547189819724,0.0,0.0,21.276412776412776,1
430860,Ascent,2025-01-24 04:00:00,Bilibili Gaming,EDward Gaming,-0.15588547189819724,0.0,0.0,21.038961038961038,1
430860,Pearl,2025-01-24 04:00:00,Bilibili Gaming,EDward Gaming,-0.15588547189819724,0.0,0.0,21.221830985915492,0
430860,Haven,2025-01-24 04:00:00,Bilibili Gaming,EDward Gaming,-0.15588547189819724,0.0,0.0,21.159926470588236,0
430860,Lotus,2025-01-24 04:00:00,Bilibili Gaming,EDward Gaming,-0.15588547189819724,0.0,0.0,21.276412776412776,0
429394,Ascent,2025-01-24 12:00:00,Team Liquid,Apeks,0.42105263157894735,0.0,0.0,21.038961038961038,1
429394,Corrode,2025-01-24 12:00:00,Team Liquid,Apeks,0.42105263157894735,0.0,0.0,21.65277777777778,0
429394,Lotus,2025-01-24 12:00:00,Team Liquid,Apeks,0.42105263157894735,0.0,0.0,21.276412776412776,1
429394,Abyss,2025-01-24 12:00:00,Team Liquid,Apeks,0.42105263157894735,0.0,0.0,21.180487804878048,1
429394,Pearl,2025-01-24 12:00:00,Team Liquid,Apeks,0.42105263157894735,0.0,0.0,21.221830985915492,0
429394,Haven,2025-01-24 12:00:00,Team Liquid,Apeks,0.42105263157894735,0.0,0.0,21.159926470588236,1
429391,Split,2025-01-24 15:10:00,Gentle Mates,KOI,0.24107142857142855,0.0,0.0,21.295289855072465,1
429391,Icebox,2025-01-24 15:10:00,Gentle Mates,KOI,0.24107142857142855,0.0,0.0,21.217090069284065,0
429391,Fracture,2025-01-24 15:10:00,Gentle Mates,KOI,0.24107142857142855,0.0,0.0,21.18957345971564,0
429391,Haven,2025-01-24 15:10:00,Gentle Mates,KOI,0.24107142857142855,0.0,0.0,21.159926470588236,1
429391,Lotus,2025-01-24 15:10:00,Gentle Mates,KOI,0.24107142857142855,0.0,0.0,21.276412776412776,0
429391,Pearl,2025-01-24 15:10:00,Gentle Mates,KOI,0.24107142857142855,0.0,0.0,21.221830985915492,1
428005,Bind,2025-01-24 19:00:00,100 Thieves,NRG,-0.06,0.0,0.0,21.575418994413408,1
428005,Sunset,2025-01-24 19:00:00,100 Thieves,NRG,-0.06,0.0,0.0,21.045673076923077,1
428005,Fracture,2025-01-24 19:00:00,100 Thieves,NRG,-0.06,0.0,0.0,21.18957345971564,1
428005,Haven,2025-01-24 19:00:00,100 Thieves,NRG,-0.06,0.0,0.0,21.159926470588236,1
428005,Lotus,2025-01-24 19:00:00,100 Thieves,NRG,-0.06,0.0,0.0,21.276412776412776,1
428005,Pearl,2025-01-24 19:00:00,100 Thieves,NRG,-0.06,0.0,0.0,21.221830985915492,0
428005,Bind,2025-01-24 19:00:00,100 Thieves,NRG,-0.06,0.0,0.0,21.575418994413408,0
430848,Sunset,2025-01-25 04:00:00,Trace Esports,EDward Gaming,0.04761904761904756,0.0,0.0,21.045673076923077,1
430848,Bind,2025-01-25 04:00:00,Trace Esports,EDward Gaming,0.04761904761904756,0.0,0.0,21.575418994413408,0
430848,Icebox,2025-01-25 04:00:00,Trace Esports,EDward Gaming,0.04761904761904756,0.0,0.0,21.217090069284065,1
430848,Lotus,2025-01-25 04:00:00,Trace Esports,EDward Gaming,0.04761904761904756,0.0,0.0,21.276412776412776,1
430848,Bind,2025-01-25 04:00:00,Trace Esports,EDward Gaming,0.04761904761904756,0.0,0.0,21.575418994413408,1
430848,Lotus,2025-01-25 04:00:00,Trace Esports,EDward Gaming,0.04761904761904756,0.0,0.0,21.276412776412776,1
430848,Bind,2025-01-25 04:00:00,Trace Esports,EDward Gaming,0.04761904761904756,0.0,0.0,21.575418994413408,0
430848,Abyss,2025-01-25 04:00:00,Trace Esports,EDward Gaming,0.04761904761904756,0.0,0.0,21.180487804878048,0
430848,Fracture,2025-01-25 04:00:00,Trace Esports,EDward Gaming,0.04761904761904756,0.0,0.0,21.18957345971564,0
430520,Lotus,2025-01-25 06:00:00,Gen.G,Rex Regum Qeon,0.39194139194139194,0.0,0.0,21.276412776412776,1
430520,Icebox,2025-01-25 06:00:00,Gen.G,Rex Regum Qeon,0.39194139194139194,0.0,0.0,21.217090069284065,1
430520,Haven,2025-01-25 06:00:00,Gen.G,Rex Regum Qeon,0.39194139194139194,0.0,0.0,21.159926470588236,1
430520,Ascent,2025-01-25 06:00:00,Gen.G,Rex Regum Qeon,0.39194139194139194,0.0,0.0,21.038961038961038,0
430520,Lotus,2025-01-25 06:00:00,Gen.G,Rex Regum Qeon,0.39194139194139194,0.0,0.0,21.276412776412776,0
430520,Icebox,2025-01-25 06:00:00,Gen.G,Rex Regum Qeon,0.39194139194139194,0.0,0.0,21.217090069284065,0
430520,Fracture,2025-01-25 06:00:00,Gen.G,Rex Regum Qeon,0.39194139194139194,0.0,0.0,21.18957345971564,0
430520,Lotus,2025-01-25 06:00:00,Gen.G,Rex Regum Qeon,0.39194139194139194,0.0,0.0,21.276412776412776,1
430520,Haven,2025-01-25 06:00:00,Gen.G,Rex Regum Qeon,0.39194139194139194,0.0,0.0,21.159926470588236,1
430526,Pearl,2025-01-26 03:00:00,Nongshim RedForce,BOOM Esports,0.5,0.0,0.0,21.221830985915492,1
430526,Bind,2025-01-26 03:00:00,Nongshim RedForce,BOOM Esports,0.5,0.0,0.0,21.575418994413408,0
430526,Lotus,2025-01-26 03:00:00,Nongshim RedForce,BOOM Esports,0.5,0.0,0.0,21.276412776412776,1
430529,Lotus,2025-01-26 06:00:00,Paper Rex,ZETA DIVISION,0.3285256410256411,0.0,0.0,21.276412776412776,0
430529,Sunset,2025-01-26 06:00:00,Paper Rex,ZETA DIVISION,0.3285256410256411,0.0,0.0,21.045673076923077,0
430529,Lotus,2025-01-26 06:00:00,Paper Rex,ZETA DIVISION,0.3285256410256411,0.0,0.0,21.276412776412776,1
430529,Fracture,2025-01-26 06:00:00,Paper Rex,ZETA DIVISION,0.3285256410256411,0.0,0.0,21.18957345971564,1
430527,Ascent,2025-01-27 03:00:00,Rex Regum Qeon,Team Secret,-0.2666666666666666,0.0,0.0,21.038961038961038,0
430527,Icebox,2025-01-27 03:00:00,Rex Regum Qeon,Team Secret,-0.2666666666666666,0.0,0.0,21.217090069284065,1
430527,Sunset,2025-01-27 03:00:00,Rex Regum Qeon,Team Secret,-0.2666666666666666,0.0,0.0,21.045673076923077,1
430527,Haven,2025-01-27 03:00:00,Rex Regum Qeon,Team Secret,-0.2666666666666666,0.0,0.0,21.159926470588236,1
430527,Ascent,2025-01-27 03:00:00,Rex Regum Qeon,Team Secret,-0.2666666666666666,0.0,0.0,21.038961038961038,0
430527,Lotus,2025-01-27 03:00:00,Rex Regum Qeon,Team Secret,-0.2666666666666666,0.0,0.0,21.276412776412776,0
430527,Lotus,2025-01-27 03:00:00,Rex Regum Qeon,Team Secret,-0.2666666666666666,0.0,0.0,21.276412776412776,0
430527,Pearl,2025-01-27 03:00:00,Rex Regum Qeon,Team Secret,-0.2666666666666666,0.0,0.0,21.221830985915492,1
430527,Haven,2025-01-27 03:00:00,Rex Regum Qeon,Team Secret,-0.2666666666666666,0.0,0.0,21.159926470588236,1
430528,Abyss,2025-01-27 06:00:00,Global Esports,DetonatioN FocusMe,0.11282051282051281,0.0,0.0,21.180487804878048,0
430528,Split,2025-01-27 06:00:00,Global Esports,DetonatioN FocusMe,0.11282051282051281,0.0,0.0,21.295289855072465,0
429388,Pearl,2025-01-29 12:00:00,BBL Esports,Team Heretics,-0.2543554006968642,0.0,0.0,21.221830985915492,0
429388,Lotus,2025-01-29 12:00:00,BBL Esports,Team Heretics,-0.2543554006968642,0.0,0.0,21.276412776412776,0
429387,Haven,2025-01-29 14:25:00,FUT Esports,Team Vitality,-0.008333333333333304,0.0,0.0,21.159926470588236,0
429387,Lotus,2025-01-29 14:25:00,FUT Esports,Team Vitality,-0.008333333333333304,0.0,0.0,21.276412776412776,0
429387,Split,2025-01-29 14:25:00,FUT Esports,Team Vitality,-0.008333333333333304,0.0,0.0,21.295289855072465,1
429387,Fracture,2025-01-29 14:25:00,FUT Esports,Team Vitality,-0.008333333333333304,0.0,0.0,21.18957345971564,1
429387,Bind,2025-01-29 14:25:00,FUT Esports,Team Vitality,-0.008333333333333304,0.0,0.0,21.575418994413408,0
429387,Split,2025-01-29 14:25:00,FUT Esports,Team Vitality,-0.008333333333333304,0.0,0.0,21.295289855072465,0
429396,Fracture,2025-01-30 14:15:00,GIANTX,Team Liquid,-0.09285714285714286,0.0,0.0,21.18957345971564,0
429396,Split,2025-01-30 14:15:00,GIANTX,Team Liquid,-0.09285714285714286,0.0,0.0,21.295289855072465,0
430523,Abyss,2025-01-31 05:45:00,Gen.G,DRX,0.21209677419354833,0.0,0.0,21.180487804878048,0
430523,Bind,2025-01-31 05:45:00,Gen.G,DRX,0.21209677419354833,0.0,0.0,21.575418994413408,0
429398,Ascent,2025-01-31 14:15:00,BBL Esports,Team Liquid,-0.07619047619047614,0.0,0.0,21.038961038961038,0
429398,Sunset,2025-01-31 14:15:00,BBL Esports,Team Liquid,-0.07619047619047614,0.0,0.0,21.045673076923077,1
429398,Bind,2025-01-31 14:15:00,BBL Esports,Team Liquid,-0.07619047619047614,0.0,0.0,21.575418994413408,0
429398,Bind,2025-01-31 14:15:00,BBL Esports,Team Liquid,-0.07619047619047614,0.0,0.0,21.575418994413408,0
429398,Pearl,2025-01-31 14:15:00,BBL Esports,Team Liquid,-0.07619047619047614,0.0,0.0,21.221830985915492,1
429398,Split,2025-01-31 14:15:00,BBL Esports,Team Liquid,-0.07619047619047614,0.0,0.0,21.295289855072465,0
427999,Lotus,2025-01-31 17:00:00,LOUD,Sentinels,-0.028749999999999998,0.0,0.0,21.276412776412776,1
427999,Pearl,2025-01-31 17:00:00,LOUD,Sentinels,-0.028749999999999998,0.0,0.0,21.221830985915492,0
427999,Split,2025-01-31 17:00:00,LOUD,Sentinels,-0.028749999999999998,0.0,0.0,21.295289855072465,0
428000,Lotus,2025-01-31 21:00:00,G2 Esports,LEVIATÁN,-0.009487666034155628,0.0,0.0,21.276412776412776,1
428000,Fracture,2025-01-31 21:00:00,G2 Esports,LEVIATÁN,-0.009487666034155628,0.0,0.0,21.18957345971564,0
428000,Haven,2025-01-31 21:00:00,G2 Esports,LEVIATÁN,-0.009487666034155628,0.0,0.0,21.159926470588236,1
428000,Pearl,2025-01-31 21:00:00,G2 Esports,LEVIATÁN,-0.009487666034155628,0.0,0.0,21.221830985915492,1
428000,Fracture,2025-01-31 21:00:00,G2 Esports,LEVIATÁN,-0.009487666034155628,0.0,0.0,21.18957345971564,1
430530,Ascent,2025-02-01 03:00:00,Nongshim RedForce,Rex Regum Qeon,0.22916666666666663,0.0,0.0,21.038961038961038,0
430530,Split,2025-02-01 03:00:00,Nongshim RedForce,Rex Regum Qeon,0.22916666666666663,0.0,0.0,21.295289855072465,1
430530,Pearl,2025-02-01 03:00:00,Nongshim RedForce,Rex Regum Qeon,0.22916666666666663,0.0,0.0,21.221830985915492,1
430530,Fracture,2025-02-01 03:00:00,Nongshim RedForce,Rex Regum Qeon,0.22916666666666663,0.0,0.0,21.18957345971564,0
430530,Lotus,2025-02-01 03:00:00,Nongshim RedForce,Rex Regum Qeon,0.22916666666666663,0.0,0.0,21.276412776412776,1
430530,Pearl,2025-02-01 03:00:00,Nongshim RedForce,Rex Regum Qeon,0.22916666666666663,0.0,0.0,21.221830985915492,1
430531,Ascent,2025-02-01 07:10:00,DetonatioN FocusMe,Paper Rex,-0.4107142857142857,0.0,0.0,21.038961038961038,1
430531,Lotus,2025-02-01 07:10:00,DetonatioN FocusMe,Paper Rex,-0.4107142857142857,0.0,0.0,21.276412776412776,0
430531,Pearl,2025-02-01 07:10:00,DetonatioN FocusMe,Paper Rex,-0.4107142857142857,0.0,0.0,21.221830985915492,0
430531,Abyss,2025-02-01 07:10:00,DetonatioN FocusMe,Paper Rex,-0.4107142857142857,0.0,0.0,21.180487804878048,1
430531,Pearl,2025-02-01 07:10:00,DetonatioN FocusMe,Paper Rex,-0.4107142857142857,0.0,0.0,21.221830985915492,1
428007,Abyss,2025-02-01 17:00:00,Evil Geniuses,MIBR,0.2647058823529412,0.0,0.0,21.180487804878048,0
428007,Split,2025-02-01 17:00:00,Evil Geniuses,MIBR,0.2647058823529412,0.0,0.0,21.295289855072465,0
430533,Lotus,2025-02-02 06:00:00,Gen.G,DetonatioN FocusMe,0.6048780487804879,0.0,0.0,21.276412776412776,1
430533,Fracture,2025-02-02 06:00:00,Gen.G,DetonatioN FocusMe,0.6048780487804879,0.0,0.0,21.18957345971564,1
430533,Abyss,2025-02-02 06:00:00,Gen.G,DetonatioN FocusMe,0.6048780487804879,0.0,0.0,21.180487804878048,1
430533,Lotus,2025-02-02 06:00:00,Gen.G,DetonatioN FocusMe,0.6048780487804879,0.0,0.0,21.276412776412776,1
428009,Lotus,2025-02-02 17:00:00,LEVIATÁN,MIBR,0.4722222222222222,0.0,0.0,21.276412776412776,1
428009,Pearl,2025-02-02 17:00:00,LEVIATÁN,MIBR,0.4722222222222222,0.0,0.0,21.221830985915492,0
428009,Split,2025-02-02 17:00:00,LEVIATÁN,MIBR,0.4722222222222222,0.0,0.0,21.295289855072465,0
428001,Corrode,2025-02-06 17:00:00,Sentinels,G2 Esports,-0.2865800865800866,0.0,0.0,21.65277777777778,1
428001,Ascent,2025-02-06 17:00:00,Sentinels,G2 Esports,-0.2865800865800866,0.0,0.0,21.038961038961038,0
428001,Lotus,2025-02-06 17:00:00,Sentinels,G2 Esports,-0.2865800865800866,0.0,0.0,21.276412776412776,1
428001,Bind,2025-02-06 17:00:00,Sentinels,G2 Esports,-0.2865800865800866,0.0,0.0,21.575418994413408,0
428001,Sunset,2025-02-06 17:00:00,Sentinels,G2 Esports,-0.2865800865800866,0.0,0.0,21.045673076923077,0
428001,Haven,2025-02-06 17:00:00,Sentinels,G2 Esports,-0.2865800865800866,0.0,0.0,21.159926470588236,0
428001,Split,2025-02-06 17:00:00,Sentinels,G2 Esports,-0.2865800865800866,0.0,0.0,21.295289855072465,0
428001,Pearl,2025-02-06 17:00:00,Sentinels,G2 Esports,-0.2865800865800866,0.0,0.0,21.221830985915492,1
428001,Ascent,2025-02-06 17:00:00,Sentinels,G2 Esports,-0.2865800865800866,0.0,0.0,21.038961038961038,0
428001,Abyss,2025-02-06 17:00:00,Sentinels,G2 Esports,-0.2865800865800866,0.0,0.0,21.180487804878048,0
428001,Pearl,2025-02-06 17:00:00,Sentinels,G2 Esports,-0.2865800865800866,0.0,0.0,21.221830985915492,0
430524,Fracture,2025-02-07 03:00:00,T1,DRX,-0.2916666666666667,0.0,0.0,21.18957345971564,1
430524,Pearl,2025-02-07 03:00:00,T1,DRX,-0.2916666666666667,0.0,0.0,21.221830985915492,1
430524,Lotus,2025-02-07 03:00:00,T1,DRX,-0.2916666666666667,0.0,0.0,21.276412776412776,1
430524,Haven,2025-02-07 03:00:00,T1,DRX,-0.2916666666666667,0.0,0.0,21.159926470588236,0
430524,Fracture,2025-02-07 03:00:00,T1,DRX,-0.2916666666666667,0.0,0.0,21.18957345971564,0
429389,Haven,2025-02-07 12:00:00,Team Vitality,Team Heretics,-0.1304761904761904,0.0,0.0,21.159926470588236,0
429389,Ascent,2025-02-07 12:00:00,Team Vitality,Team Heretics,-0.1304761904761904,0.0,0.0,21.038961038961038,0
429389,Haven,2025-02-07 12:00:00,Team Vitality,Team Heretics,-0.1304761904761904,0.0,0.0,21.159926470588236,0
429389,Icebox,2025-02-07 12:00:00,Team Vitality,Team Heretics,-0.1304761904761904,0.0,0.0,21.217090069284065,0
429389,Haven,2025-02-07 12:00:00,Team Vitality,Team Heretics,-0.1304761904761904,0.0,0.0,21.159926470588236,1
429389,Abyss,2025-02-07 12:00:00,Team Vitality,Team Heretics,-0.1304761904761904,0.0,0.0,21.180487804878048,1
429400,Pearl,2025-02-07 14:10:00,FUT Esports,Team Liquid,0.03125,0.0,0.0,21.221830985915492,1
429400,Fracture,2025-02-07 14:10:00,FUT Esports,Team Liquid,0.03125,0.0,0.0,21.18957345971564,1
429400,Abyss,2025-02-07 14:10:00,FUT Esports,Team Liquid,0.03125,0.0,0.0,21.180487804878048,0
429400,Bind,2025-02-07 14:10:00,FUT Esports,Team Liquid,0.03125,0.0,0.0,21.575418994413408,1
429400,Haven,2025-02-07 14:10:00,FUT Esports,Team Liquid,0.03125,0.0,0.0,21.159926470588236,0
428012,Lotus,2025-02-07 17:00:00,Sentinels,MIBR,0.2,0.0,0.0,21.276412776412776,1
428012,Abyss,2025-02-07 17:00:00,Sentinels,MIBR,0.2,0.0,0.0,21.180487804878048,1
428012,Pearl,2025-02-07 17:00:00,Sentinels,MIBR,0.2,0.0,0.0,21.221830985915492,0
428012,Split,2025-02-07 17:00:00,Sentinels,MIBR,0.2,0.0,0.0,21.295289855072465,1
430535,Pearl,2025-02-08 03:00:00,T1,Gen.G,-0.45395348837209304,0.0,0.0,21.221830985915492,1
430535,Lotus,2025-02-08 03:00:00,T1,Gen.G,-0.45395348837209304,0.0,0.0,21.276412776412776,1
430535,Haven,2025-02-08 03:00:00,T1,Gen.G,-0.45395348837209304,0.0,0.0,21.159926470588236,0
430535,Split,2025-02-08 03:00:00,T1,Gen.G,-0.45395348837209304,0.0,0.0,21.295289855072465,0
430535,Bind,2025-02-08 03:00:00,T1,Gen.G,-0.45395348837209304,0.0,0.0,21.575418994413408,1
429401,Haven,2025-02-08 12:00:00,Team Heretics,Team Liquid,0.21941354903943378,0.0,0.0,21.159926470588236,1
429401,Ascent,2025-02-08 12:00:00,Team Heretics,Team Liquid,0.21941354903943378,0.0,0.0,21.038961038961038,1
429401,Icebox,2025-02-08 12:00:00,Team Heretics,Team Liquid,0.21941354903943378,0.0,0.0,21.217090069284065,1
429401,Lotus,2025-02-08 12:00:00,Team Heretics,Team Liquid,0.21941354903943378,0.0,0.0,21.276412776412776,0
429401,Abyss,2025-02-08 12:00:00,Team Heretics,Team Liquid,0.21941354903943378,0.0,0.0,21.180487804878048,0
429401,Fracture,2025-02-08 12:00:00,Team Heretics,Team Liquid,0.21941354903943378,0.0,0.0,21.18957345971564,0
428002,Split,2025-02-08 17:00:00,G2 Esports,Sentinels,0.23571428571428577,0.0,0.0,21.295289855072465,1
428002,Icebox,2025-02-08 17:00:00,G2 Esports,Sentinels,0.23571428571428577,0.0,0.0,21.217090069284065,0
428002,Ascent,2025-02-08 17:00:00,G2 Esports,Sentinels,0.23571428571428577,0.0,0.0,21.038961038961038,0
428002,Split,2025-02-08 17:00:00,G2 Esports,Sentinels,0.23571428571428577,0.0,0.0,21.295289855072465,0
428002,Pearl,2025-02-08 17:00:00,G2 Esports,Sentinels,0.23571428571428577,0.0,0.0,21.221830985915492,1
428002,Abyss,2025-02-08 17:00:00,G2 Esports,Sentinels,0.23571428571428577,0.0,0.0,21.180487804878048,0
428002,Fracture,2025-02-08 17:00:00,G2 Esports,Sentinels,0.23571428571428577,0.0,0.0,21.18957345971564,1
428002,Haven,2025-02-08 17:00:00,G2 Esports,Sentinels,0.23571428571428577,0.0,0.0,21.159926470588236,1
430525,Lotus,2025-02-09 03:00:00,DRX,T1,0.22144522144522144,0.0,0.0,21.276412776412776,1
430525,Fracture,2025-02-09 03:00:00,DRX,T1,0.22144522144522144,0.0,0.0,21.18957345971564,1
430525,Abyss,2025-02-09 03:00:00,DRX,T1,0.22144522144522144,0.0,0.0,21.180487804878048,1
430525,Lotus,2025-02-09 03:00:00,DRX,T1,0.22144522144522144,0.0,0.0,21.276412776412776,0
430525,Fracture,2025-02-09 03:00:00,DRX,T1,0.22144522144522144,0.0,0.0,21.18957345971564,1
430525,Bind,2025-02-09 03:00:00,DRX,T1,0.22144522144522144,0.0,0.0,21.575418994413408,0
430525,Split,2025-02-09 03:00:00,DRX,T1,0.22144522144522144,0.0,0.0,21.295289855072465,1
429390,Split,2025-02-09 12:00:00,Team Vitality,Team Liquid,0.08012820512820512,0.0,0.0,21.295289855072465,0
429390,Haven,2025-02-09 12:00:00,Team Vitality,Team Liquid,0.08012820512820512,0.0,0.0,21.159926470588236,0
429390,Lotus,2025-02-09 12:00:00,Team Vitality,Team Liquid,0.08012820512820512,0.0,0.0,21.276412776412776,1
429390,Bind,2025-02-09 12:00:00,Team Vitality,Team Liquid,0.08012820512820512,0.0,0.0,21.575418994413408,1
429390,Fracture,2025-02-09 12:00:00,Team Vitality,Team Liquid,0.08012820512820512,0.0,0.0,21.18957345971564,1
448598,Split,2025-02-20 05:00:00,EDward Gaming,Team Liquid,0.16465116279069764,0.0,0.0,21.295289855072465,1
448598,Pearl,2025-02-20 05:00:00,EDward Gaming,Team Liquid,0.16465116279069764,0.0,0.0,21.221830985915492,1
448600,Lotus,2025-02-20 08:00:00,DRX,Sentinels,0.08986928104575165,0.0,0.0,21.276412776412776,1
448600,Haven,2025-02-20 08:00:00,DRX,Sentinels,0.08986928104575165,0.0,0.0,21.159926470588236,1
448599,Fracture,2025-02-21 05:00:00,Team Vitality,T1,0.18518518518518523,0.0,0.0,21.18957345971564,1
448599,Bind,2025-02-21 05:00:00,Team Vitality,T1,0.18518518518518523,0.0,0.0,21.575418994413408,1
448597,Lotus,2025-02-21 07:25:00,G2 Esports,Trace Esports,0.052310374891020084,0.0,0.0,21.276412776412776,1
448597,Abyss,2025-02-21 07:25:00,G2 Esports,Trace Esports,0.052310374891020084,0.0,0.0,21.180487804878048,1
449000,Bind,2025-02-22 05:00:00,DRX,Team Vitality,0.05714285714285716,0.0,0.0,21.575418994413408,0
449000,Abyss,2025-02-22 05:00:00,DRX,Team Vitality,0.05714285714285716,0.0,0.0,21.180487804878048,1
449000,Split,2025-02-22 05:00:00,DRX,Team Vitality,0.05714285714285716,0.0,0.0,21.295289855072465,0
449001,Pearl,2025-02-22 08:25:00,EDward Gaming,G2 Esports,-0.12320574162679421,0.0,0.0,21.221830985915492,0
449001,Bind,2025-02-22 08:25:00,EDward Gaming,G2 Esports,-0.12320574162679421,0.0,0.0,21.575418994413408,1
449001,Fracture,2025-02-22 08:25:00,EDward Gaming,G2 Esports,-0.12320574162679421,0.0,0.0,21.18957345971564,1
449001,Lotus,2025-02-22 08:25:00,EDward Gaming,G2 Esports,-0.12320574162679421,0.0,0.0,21.276412776412776,0
449001,Split,2025-02-22 08:25:00,EDward Gaming,G2 Esports,-0.12320574162679421,0.0,0.0,21.295289855072465,0
449002,Lotus,2025-02-23 05:00:00,T1,Trace Esports,-0.29910714285714285,0.0,0.0,21.276412776412776,1
449002,Haven,2025-02-23 05:00:00,T1,Trace Esports,-0.29910714285714285,0.0,0.0,21.159926470588236,1
449003,Lotus,2025-02-23 06:55:00,Team Liquid,Sentinels,-0.09043659043659041,0.0,0.0,21.276412776412776,0
449003,Abyss,2025-02-23 06:55:00,Team Liquid,Sentinels,-0.09043659043659041,0.0,0.0,21.180487804878048,1
449003,Bind,2025-02-23 06:55:00,Team Liquid,Sentinels,-0.09043659043659041,0.0,0.0,21.575418994413408,1
449004,Fracture,2025-02-24 05:00:00,T1,DRX,-0.23180076628352497,0.0,0.0,21.18957345971564,1
449004,Pearl,2025-02-24 05:00:00,T1,DRX,-0.23180076628352497,0.0,0.0,21.221830985915492,1
449004,Lotus,2025-02-24 05:00:00,T1,DRX,-0.23180076628352497,0.0,0.0,21.276412776412776,1
449004,Haven,2025-02-24 05:00:00,T1,DRX,-0.23180076628352497,0.0,0.0,21.159926470588236,0
449004,Fracture,2025-02-24 05:00:00,T1,DRX,-0.23180076628352497,0.0,0.0,21.18957345971564,0
449005,Haven,2025-02-24 07:10:00,G2 Esports,Team Liquid,0.27350427350427353,0.0,0.0,21.159926470588236,1
449005,Lotus,2025-02-24 07:10:00,G2 Esports,Team Liquid,0.27350427350427353,0.0,0.0,21.276412776412776,1
449008,Split,2025-02-27 05:00:00,EDward Gaming,T1,0.2222222222222222,0.0,0.0,21.295289855072465,1
449008,Bind,2025-02-27 05:00:00,EDward Gaming,T1,0.2222222222222222,0.0,0.0,21.575418994413408,0
449008,Pearl,2025-02-27 05:00:00,EDward Gaming,T1,0.2222222222222222,0.0,0.0,21.221830985915492,1
449008,Bind,2025-02-27 05:00:00,EDward Gaming,T1,0.2222222222222222,0.0,0.0,21.575418994413408,0
449008,Haven,2025-02-27 05:00:00,EDward Gaming,T1,0.2222222222222222,0.0,0.0,21.159926470588236,0
449008,Fracture,2025-02-27 05:00:00,EDward Gaming,T1,0.2222222222222222,0.0,0.0,21.18957345971564,1
449008,Split,2025-02-27 05:00:00,EDward Gaming,T1,0.2222222222222222,0.0,0.0,21.295289855072465,0
449009,Bind,2025-02-27 08:15:00,Team Vitality,G2 Esports,-0.1387931034482759,0.0,0.0,21.575418994413408,0
449009,Lotus,2025-02-27 08:15:00,Team Vitality,G2 Esports,-0.1387931034482759,0.0,0.0,21.276412776412776,0
449010,Pearl,2025-02-28 05:00:00,EDward Gaming,G2 Esports,-0.10127253446447504,0.0,0.0,21.221830985915492,0
449010,Bind,2025-02-28 05:00:00,EDward Gaming,G2 Esports,-0.10127253446447504,0.0,0.0,21.575418994413408,1
449010,Fracture,2025-02-28 05:00:00,EDward Gaming,G2 Esports,-0.10127253446447504,0.0,0.0,21.18957345971564,1
449010,Lotus,2025-02-28 05:00:00,EDward Gaming,G2 Esports,-0.10127253446447504,0.0,0.0,21.276412776412776,0
449010,Split,2025-02-28 05:00:00,EDward Gaming,G2 Esports,-0.10127253446447504,0.0,0.0,21.295289855072465,0
449012,Lotus,2025-02-28 07:05:00,T1,Team Vitality,-0.17956989247311828,0.0,0.0,21.276412776412776,0
449012,Haven,2025-02-28 07:05:00,T1,Team Vitality,-0.17956989247311828,0.0,0.0,21.159926470588236,1
449012,Split,2025-02-28 07:05:00,T1,Team Vitality,-0.17956989247311828,0.0,0.0,21.295289855072465,1
449013,Split,2025-03-01 05:00:00,EDward Gaming,T1,0.23204787234042556,0.0,0.0,21.295289855072465,1
449013,Bind,2025-03-01 05:00:00,EDward Gaming,T1,0.23204787234042556,0.0,0.0,21.575418994413408,0
449013,Pearl,2025-03-01 05:00:00,EDward Gaming,T1,0.23204787234042556,0.0,0.0,21.221830985915492,1
449013,Bind,2025-03-01 05:00:00,EDward Gaming,T1,0.23204787234042556,0.0,0.0,21.575418994413408,0
449013,Haven,2025-03-01 05:00:00,EDward Gaming,T1,0.23204787234042556,0.0,0.0,21.159926470588236,0
449013,Fracture,2025-03-01 05:00:00,EDward Gaming,T1,0.23204787234042556,0.0,0.0,21.18957345971564,1
449013,Split,2025-03-01 05:00:00,EDward Gaming,T1,0.23204787234042556,0.0,0.0,21.295289855072465,0
449011,Lotus,2025-03-02 06:15:00,G2 Esports,T1,0.3203463203463204,0.0,0.0,21.276412776412776,1
449011,Haven,2025-03-02 06:15:00,G2 Esports,T1,0.3203463203463204,0.0,0.0,21.159926470588236,0
449011,Abyss,2025-03-02 06:15:00,G2 Esports,T1,0.3203463203463204,0.0,0.0,21.180487804878048,1
449011,Split,2025-03-02 06:15:00,G2 Esports,T1,0.3203463203463204,0.0,0.0,21.295289855072465,0
449011,Pearl,2025-03-02 06:15:00,G2 Esports,T1,0.3203463203463204,0.0,0.0,21.221830985915492,0
459517,Lotus,2025-03-21 17:00:00,Cloud9,NRG,0.04545454545454547,0.0,0.0,21.276412776412776,0
459517,Fracture,2025-03-21 17:00:00,Cloud9,NRG,0.04545454545454547,0.0,0.0,21.18957345971564,1
459517,Pearl,2025-03-21 17:00:00,Cloud9,NRG,0.04545454545454547,0.0,0.0,21.221830985915492,1
458805,Lotus,2025-03-22 04:00:00,DetonatioN FocusMe,Global Esports,-0.0625,0.0,0.0,21.276412776412776,0
458805,Pearl,2025-03-22 04:00:00,DetonatioN FocusMe,Global Esports,-0.0625,0.0,0.0,21.221830985915492,0
458806,Corrode,2025-03-22 06:40:00,T1,ZETA DIVISION,0.05882352941176466,0.0,0.0,21.65277777777778,1
458806,Sunset,2025-03-22 06:40:00,T1,ZETA DIVISION,0.05882352941176466,0.0,0.0,21.045673076923077,1
458806,Fracture,2025-03-22 06:40:00,T1,ZETA DIVISION,0.05882352941176466,0.0,0.0,21.18957345971564,1
458806,Split,2025-03-22 06:40:00,T1,ZETA DIVISION,0.05882352941176466,0.0,0.0,21.295289855072465,0
458806,Haven,2025-03-22 06:40:00,T1,ZETA DIVISION,0.05882352941176466,0.0,0.0,21.159926470588236,1
459519,Lotus,2025-03-22 17:00:00,G2 Esports,FURIA,0.49767441860465117,0.0,0.0,21.276412776412776,1
459519,Ascent,2025-03-22 17:00:00,G2 Esports,FURIA,0.49767441860465117,0.0,0.0,21.038961038961038,1
459520,Lotus,2025-03-22 19:25:00,MIBR,LEVIATÁN,-0.4415584415584416,0.0,0.0,21.276412776412776,0
459520,Sunset,2025-03-22 19:25:00,MIBR,LEVIATÁN,-0.4415584415584416,0.0,0.0,21.045673076923077,0
459520,Split,2025-03-22 19:25:00,MIBR,LEVIATÁN,-0.4415584415584416,0.0,0.0,21.295289855072465,1
459520,Icebox,2025-03-22 19:25:00,MIBR,LEVIATÁN,-0.4415584415584416,0.0,0.0,21.217090069284065,1
458807,Ascent,2025-03-23 04:00:00,DRX,Paper Rex,-0.039551746868820015,0.0,0.0,21.038961038961038,1
458807,Lotus,2025-03-23 04:00:00,DRX,Paper Rex,-0.039551746868820015,0.0,0.0,21.276412776412776,1
458807,Haven,2025-03-23 04:00:00,DRX,Paper Rex,-0.039551746868820015,0.0,0.0,21.159926470588236,1
458807,Icebox,2025-03-23 04:00:00,DRX,Paper Rex,-0.039551746868820015,0.0,0.0,21.217090069284065,0
458807,Lotus,2025-03-23 04:00:00,DRX,Paper Rex,-0.039551746868820015,0.0,0.0,21.276412776412776,1
458807,Lotus,2025-03-23 04:00:00,DRX,Paper Rex,-0.039551746868820015,0.0,0.0,21.276412776412776,0
458807,Icebox,2025-03-23 04:00:00,DRX,Paper Rex,-0.039551746868820015,0.0,0.0,21.217090069284065,0
459521,Haven,2025-03-23 17:00:00,2Game Esports,Evil Geniuses,0.023809523809523836,0.0,0.0,21.159926470588236,0
459521,Lotus,2025-03-23 17:00:00,2Game Esports,Evil Geniuses,0.023809523809523836,0.0,0.0,21.276412776412776,0
459522,Pearl,2025-03-23 19:30:00,Sentinels,100 Thieves,0.038461538461538436,0.0,0.0,21.221830985915492,1
459522,Haven,2025-03-23 19:30:00,Sentinels,100 Thieves,0.038461538461538436,0.0,0.0,21.159926470588236,0
459522,Split,2025-03-23 19:30:00,Sentinels,100 Thieves,0.038461538461538436,0.0,0.0,21.295289855072465,1
459522,Split,2025-03-23 19:30:00,Sentinels,100 Thieves,0.038461538461538436,0.0,0.0,21.295289855072465,0
459522,Bind,2025-03-23 19:30:00,Sentinels,100 Thieves,0.038461538461538436,0.0,0.0,21.575418994413408,1
459522,Pearl,2025-03-23 19:30:00,Sentinels,100 Thieves,0.038461538461538436,0.0,0.0,21.221830985915492,1
458809,Ascent,2025-03-24 04:00:00,Gen.G,BOOM Esports,0.7954545454545454,0.0,0.0,21.038961038961038,0
458809,Haven,2025-03-24 04:00:00,Gen.G,BOOM Esports,0.7954545454545454,0.0,0.0,21.159926470588236,0
458810,Ascent,2025-03-24 06:50:00,Nongshim RedForce,Rex Regum Qeon,0.18823529411764706,0.0,0.0,21.038961038961038,0
458810,Split,2025-03-24 06:50:00,Nongshim RedForce,Rex Regum Qeon,0.18823529411764706,0.0,0.0,21.295289855072465,1
458810,Pearl,2025-03-24 06:50:00,Nongshim RedForce,Rex Regum Qeon,0.18823529411764706,0.0,0.0,21.221830985915492,1
458810,Fracture,2025-03-24 06:50:00,Nongshim RedForce,Rex Regum Qeon,0.18823529411764706,0.0,0.0,21.18957345971564,0
458810,Lotus,2025-03-24 06:50:00,Nongshim RedForce,Rex Regum Qeon,0.18823529411764706,0.0,0.0,21.276412776412776,1
458810,Pearl,2025-03-24 06:50:00,Nongshim RedForce,Rex Regum Qeon,0.18823529411764706,0.0,0.0,21.221830985915492,1
459826,Sunset,2025-03-26 12:00:00,Team Vitality,GIANTX,0.2150537634408602,0.0,0.0,21.045673076923077,0
459826,Bind,2025-03-26 12:00:00,Team Vitality,GIANTX,0.2150537634408602,0.0,0.0,21.575418994413408,0
459826,Split,2025-03-26 12:00:00,Team Vitality,GIANTX,0.2150537634408602,0.0,0.0,21.295289855072465,1
459826,Lotus,2025-03-26 12:00:00,Team Vitality,GIANTX,0.2150537634408602,0.0,0.0,21.276412776412776,1
459827,Icebox,2025-03-26 14:15:00,BBL Esports,Karmine Corp,0.028846153846153855,0.0,0.0,21.217090069284065,0
459827,Pearl,2025-03-26 14:15:00,BBL Esports,Karmine Corp,0.028846153846153855,0.0,0.0,21.221830985915492,1
459827,Fracture,2025-03-26 14:15:00,BBL Esports,Karmine Corp,0.028846153846153855,0.0,0.0,21.18957345971564,1
459828,Ascent,2025-03-27 12:00:00,Team Heretics,Apeks,0.7045454545454546,0.0,0.0,21.038961038961038,0
459828,Split,2025-03-27 12:00:00,Team Heretics,Apeks,0.7045454545454546,0.0,0.0,21.295289855072465,1
459828,Icebox,2025-03-27 12:00:00,Team Heretics,Apeks,0.7045454545454546,0.0,0.0,21.217090069284065,1
459829,Pearl,2025-03-27 15:15:00,FUT Esports,KOI,0.3101604278074866,0.0,0.0,21.221830985915492,1
459829,Lotus,2025-03-27 15:15:00,FUT Esports,KOI,0.3101604278074866,0.0,0.0,21.276412776412776,1
459831,Split,2025-03-28 14:30:00,Team Liquid,Gentle Mates,0.05357142857142855,0.0,0.0,21.295289855072465,1
459831,Haven,2025-03-28 14:30:00,Team Liquid,Gentle Mates,0.05357142857142855,0.0,0.0,21.159926470588236,0
459831,Icebox,2025-03-28 14:30:00,Team Liquid,Gentle Mates,0.05357142857142855,0.0,0.0,21.217090069284065,0
459523,Lotus,2025-03-28 17:00:00,NRG,FURIA,0.24728260869565216,0.0,0.0,21.276412776412776,0
459523,Pearl,2025-03-28 17:00:00,NRG,FURIA,0.24728260869565216,0.0,0.0,21.221830985915492,1
459523,Fracture,2025-03-28 17:00:00,NRG,FURIA,0.24728260869565216,0.0,0.0,21.18957345971564,1
458811,Lotus,2025-03-29 04:00:00,Team Secret,ZETA DIVISION,0.26666666666666666,0.0,0.0,21.276412776412776,0
458811,Icebox,2025-03-29 04:00:00,Team Secret,ZETA DIVISION,0.26666666666666666,0.0,0.0,21.217090069284065,0
458812,Ascent,2025-03-29 06:35:00,T1,Nongshim RedForce,-0.23809523809523808,0.0,0.0,21.038961038961038,1
458812,Lotus,2025-03-29 06:35:00,T1,Nongshim RedForce,-0.23809523809523808,0.0,0.0,21.276412776412776,1
458812,Icebox,2025-03-29 06:35:00,T1,Nongshim RedForce,-0.23809523809523808,0.0,0.0,21.217090069284065,1
458812,Split,2025-03-29 06:35:00,T1,Nongshim RedForce,-0.23809523809523808,0.0,0.0,21.295289855072465,1
459525,Bind,2025-03-29 17:00:00,100 Thieves,Evil Geniuses,-0.05555555555555558,0.0,0.0,21.575418994413408,1
459525,Corrode,2025-03-29 17:00:00,100 Thieves,Evil Geniuses,-0.05555555555555558,0.0,0.0,21.65277777777778,1
459525,Fracture,2025-03-29 17:00:00,100 Thieves,Evil Geniuses,-0.05555555555555558,0.0,0.0,21.18957345971564,1
459525,Haven,2025-03-29 17:00:00,100 Thieves,Evil Geniuses,-0.05555555555555558,0.0,0.0,21.159926470588236,1
459526,Pearl,2025-03-29 19:15:00,G2 Esports,MIBR,0.4318181818181819,0.0,0.0,21.221830985915492,0
459526,Haven,2025-03-29 19:15:00,G2 Esports,MIBR,0.4318181818181819,0.0,0.0,21.159926470588236,1
459526,Ascent,2025-03-29 19:15:00,G2 Esports,MIBR,0.4318181818181819,0.0,0.0,21.038961038961038,1
458813,Lotus,2025-03-30 04:00:00,Gen.G,Paper Rex,0.15873015873015872,0.0,0.0,21.276412776412776,1
458813,Fracture,2025-03-30 04:00:00,Gen.G,Paper Rex,0.15873015873015872,0.0,0.0,21.18957345971564,0
458813,Haven,2025-03-30 04:00:00,Gen.G,Paper Rex,0.15873015873015872,0.0,0.0,21.159926470588236,1
458814,Lotus,2025-03-30 06:55:00,DRX,DetonatioN FocusMe,0.4287925696594427,0.0,0.0,21.276412776412776,1
458814,Ascent,2025-03-30 06:55:00,DRX,DetonatioN FocusMe,0.4287925696594427,0.0,0.0,21.038961038961038,1
459527,Lotus,2025-03-30 17:00:00,LOUD,2Game Esports,0.059523809523809534,0.0,0.0,21.276412776412776,0
459527,Pearl,2025-03-30 17:00:00,LOUD,2Game Esports,0.059523809523809534,0.0,0.0,21.221830985915492,0
459528,Corrode,2025-03-30 19:50:00,LEVIATÁN,Cloud9,0.2089783281733747,0.0,0.0,21.65277777777778,0
459528,Haven,2025-03-30 19:50:00,LEVIATÁN,Cloud9,0.2089783281733747,0.0,0.0,21.159926470588236,1
459528,Lotus,2025-03-30 19:50:00,LEVIATÁN,Cloud9,0.2089783281733747,0.0,0.0,21.276412776412776,0
459528,Split,2025-03-30 19:50:00,LEVIATÁN,Cloud9,0.2089783281733747,0.0,0.0,21.295289855072465,0
459528,Ascent,2025-03-30 19:50:00,LEVIATÁN,Cloud9,0.2089783281733747,0.0,0.0,21.038961038961038,0
458816,Lotus,2025-03-31 06:10:00,BOOM Esports,Global Esports,0.039215686274509776,0.0,0.0,21.276412776412776,1
458816,Haven,2025-03-31 06:10:00,BOOM Esports,Global Esports,0.039215686274509776,0.0,0.0,21.159926470588236,1
459832,Fracture,2025-04-02 11:00:00,Team Liquid,BBL Esports,0.0020283975659229347,0.0,0.0,21.18957345971564,1
459832,Haven,2025-04-02 11:00:00,Team Liquid,BBL Esports,0.0020283975659229347,0.0,0.0,21.159926470588236,0
459832,Ascent,2025-04-02 11:00:00,Team Liquid,BBL Esports,0.0020283975659229347,0.0,0.0,21.038961038961038,1
459832,Haven,2025-04-02 11:00:00,Team Liquid,BBL Esports,0.0020283975659229347,0.0,0.0,21.159926470588236,1
459832,Split,2025-04-02 11:00:00,Team Liquid,BBL Esports,0.0020283975659229347,0.0,0.0,21.295289855072465,0
459832,Fracture,2025-04-02 11:00:00,Team Liquid,BBL Esports,0.0020283975659229347,0.0,0.0,21.18957345971564,1
459833,Lotus,2025-04-02 13:50:00,Apeks,Natus Vincere,-0.3,0.0,0.0,21.276412776412776,1
459833,Haven,2025-04-02 13:50:00,Apeks,Natus Vincere,-0.3,0.0,0.0,21.159926470588236,0
459833,Split,2025-04-02 13:50:00,Apeks,Natus Vincere,-0.3,0.0,0.0,21.295289855072465,0
459834,Bind,2025-04-03 11:00:00,FUT Esports,Gentle Mates,0.1470588235294118,0.0,0.0,21.575418994413408,0
459834,Sunset,2025-04-03 11:00:00,FUT Esports,Gentle Mates,0.1470588235294118,0.0,0.0,21.045673076923077,1
459834,Lotus,2025-04-03 11:00:00,FUT Esports,Gentle Mates,0.1470588235294118,0.0,0.0,21.276412776412776,1
459834,Icebox,2025-04-03 11:00:00,FUT Esports,Gentle Mates,0.1470588235294118,0.0,0.0,21.217090069284065,0
459834,Fracture,2025-04-03 11:00:00,FUT Esports,Gentle Mates,0.1470588235294118,0.0,0.0,21.18957345971564,1
459834,Lotus,2025-04-03 11:00:00,FUT Esports,Gentle Mates,0.1470588235294118,0.0,0.0,21.276412776412776,1
459835,Ascent,2025-04-03 14:25:00,Team Heretics,GIANTX,0.33611111111111114,0.0,0.0,21.038961038961038,1
459835,Lotus,2025-04-03 14:25:00,Team Heretics,GIANTX,0.33611111111111114,0.0,0.0,21.276412776412776,0
459835,Bind,2025-04-03 14:25:00,Team Heretics,GIANTX,0.33611111111111114,0.0,0.0,21.575418994413408,1
459835,Haven,2025-04-03 14:25:00,Team Heretics,GIANTX,0.33611111111111114,0.0,0.0,21.159926470588236,1
459835,Split,2025-04-03 14:25:00,Team Heretics,GIANTX,0.33611111111111114,0.0,0.0,21.295289855072465,0
459835,Lotus,2025-04-03 14:25:00,Team Heretics,GIANTX,0.33611111111111114,0.0,0.0,21.276412776412776,1
459837,Lotus,2025-04-04 15:10:00,KOI,Karmine Corp,-0.1111111111111111,0.0,0.0,21.276412776412776,1
459837,Sunset,2025-04-04 15:10:00,KOI,Karmine Corp,-0.1111111111111111,0.0,0.0,21.045673076923077,0
459837,Haven,2025-04-04 15:10:00,KOI,Karmine Corp,-0.1111111111111111,0.0,0.0,21.159926470588236,0
459837,Lotus,2025-04-04 15:10:00,KOI,Karmine Corp,-0.1111111111111111,0.0,0.0,21.276412776412776,0
459837,Icebox,2025-04-04 15:10:00,KOI,Karmine Corp,-0.1111111111111111,0.0,0.0,21.217090069284065,0
459529,Haven,2025-04-04 17:00:00,Evil Geniuses,Sentinels,-0.021739130434782594,0.0,0.0,21.159926470588236,0
459529,Pearl,2025-04-04 17:00:00,Evil Geniuses,Sentinels,-0.021739130434782594,0.0,0.0,21.221830985915492,0
459530,Haven,2025-04-04 19:10:00,100 Thieves,LOUD,0.08497536945812811,0.0,0.0,21.159926470588236,0
459530,Icebox,2025-04-04 19:10:00,100 Thieves,LOUD,0.08497536945812811,0.0,0.0,21.217090069284065,1
459530,Split,2025-04-04 19:10:00,100 Thieves,LOUD,0.08497536945812811,0.0,0.0,21.295289855072465,1
458817,Lotus,2025-04-05 04:00:00,Gen.G,DetonatioN FocusMe,0.6159420289855073,0.0,0.0,21.276412776412776,1
458817,Fracture,2025-04-05 04:00:00,Gen.G,DetonatioN FocusMe,0.6159420289855073,0.0,0.0,21.18957345971564,1
458817,Abyss,2025-04-05 04:00:00,Gen.G,DetonatioN FocusMe,0.6159420289855073,0.0,0.0,21.180487804878048,1
458817,Lotus,2025-04-05 04:00:00,Gen.G,DetonatioN FocusMe,0.6159420289855073,0.0,0.0,21.276412776412776,1
458818,Split,2025-04-05 06:00:00,Rex Regum Qeon,ZETA DIVISION,0.05263157894736842,0.0,0.0,21.295289855072465,1
458818,Haven,2025-04-05 06:00:00,Rex Regum Qeon,ZETA DIVISION,0.05263157894736842,0.0,0.0,21.159926470588236,1
459532,Bind,2025-04-05 20:10:00,G2 Esports,NRG,0.2527777777777778,0.0,0.0,21.575418994413408,1
459532,Lotus,2025-04-05 20:10:00,G2 Esports,NRG,0.2527777777777778,0.0,0.0,21.276412776412776,1
459532,Ascent,2025-04-05 20:10:00,G2 Esports,NRG,0.2527777777777778,0.0,0.0,21.038961038961038,1
459532,Lotus,2025-04-05 20:10:00,G2 Esports,NRG,0.2527777777777778,0.0,0.0,21.276412776412776,1
459532,Ascent,2025-04-05 20:10:00,G2 Esports,NRG,0.2527777777777778,0.0,0.0,21.038961038961038,1
458819,Ascent,2025-04-06 04:00:00,Paper Rex,BOOM Esports,0.10465116279069764,0.0,0.0,21.038961038961038,1
458819,Fracture,2025-04-06 04:00:00,Paper Rex,BOOM Esports,0.10465116279069764,0.0,0.0,21.18957345971564,0
458819,Pearl,2025-04-06 04:00:00,Paper Rex,BOOM Esports,0.10465116279069764,0.0,0.0,21.221830985915492,0
459533,Ascent,2025-04-06 17:00:00,FURIA,LEVIATÁN,-0.5378151260504201,0.0,0.0,21.038961038961038,0
459533,Pearl,2025-04-06 17:00:00,FURIA,LEVIATÁN,-0.5378151260504201,0.0,0.0,21.221830985915492,0
459534,Pearl,2025-04-06 19:15:00,Cloud9,MIBR,0.28913043478260875,0.0,0.0,21.221830985915492,1
459534,Lotus,2025-04-06 19:15:00,Cloud9,MIBR,0.28913043478260875,0.0,0.0,21.276412776412776,0
459534,Haven,2025-04-06 19:15:00,Cloud9,MIBR,0.28913043478260875,0.0,0.0,21.159926470588236,0
459534,Lotus,2025-04-06 19:15:00,Cloud9,MIBR,0.28913043478260875,0.0,0.0,21.276412776412776,1
459534,Abyss,2025-04-06 19:15:00,Cloud9,MIBR,0.28913043478260875,0.0,0.0,21.180487804878048,0
459534,Pearl,2025-04-06 19:15:00,Cloud9,MIBR,0.28913043478260875,0.0,0.0,21.221830985915492,0
458821,Lotus,2025-04-07 04:00:00,DRX,Global Esports,0.33760683760683763,0.0,0.0,21.276412776412776,1
458821,Icebox,2025-04-07 04:00:00,DRX,Global Esports,0.33760683760683763,0.0,0.0,21.217090069284065,1
458821,Ascent,2025-04-07 04:00:00,DRX,Global Esports,0.33760683760683763,0.0,0.0,21.038961038961038,1
458821,Split,2025-04-07 04:00:00,DRX,Global Esports,0.33760683760683763,0.0,0.0,21.295289855072465,1
458822,Haven,2025-04-07 06:00:00,T1,Team Secret,-0.12698412698412698,0.0,0.0,21.159926470588236,1
458822,Icebox,2025-04-07 06:00:00,T1,Team Secret,-0.12698412698412698,0.0,0.0,21.217090069284065,0
458822,Lotus,2025-04-07 06:00:00,T1,Team Secret,-0.12698412698412698,0.0,0.0,21.276412776412776,1
459839,Pearl,2025-04-09 11:00:00,KOI,BBL Esports,-0.17836257309941522,0.0,0.0,21.221830985915492,0
459839,Icebox,2025-04-09 11:00:00,KOI,BBL Esports,-0.17836257309941522,0.0,0.0,21.217090069284065,0
459840,Fracture,2025-04-09 13:15:00,Natus Vincere,GIANTX,-0.019607843137254943,0.0,0.0,21.18957345971564,0
459840,Pearl,2025-04-09 13:15:00,Natus Vincere,GIANTX,-0.019607843137254943,0.0,0.0,21.221830985915492,1
459840,Split,2025-04-09 13:15:00,Natus Vincere,GIANTX,-0.019607843137254943,0.0,0.0,21.295289855072465,1
459841,Lotus,2025-04-10 11:00:00,Team Liquid,FUT Esports,-0.13809523809523805,0.0,0.0,21.276412776412776,1
459841,Split,2025-04-10 11:00:00,Team Liquid,FUT Esports,-0.13809523809523805,0.0,0.0,21.295289855072465,1
459842,Haven,2025-04-10 12:50:00,Team Vitality,Team Heretics,-0.20223978919631092,0.0,0.0,21.159926470588236,0
459842,Ascent,2025-04-10 12:50:00,Team Vitality,Team Heretics,-0.20223978919631092,0.0,0.0,21.038961038961038,0
459842,Haven,2025-04-10 12:50:00,Team Vitality,Team Heretics,-0.20223978919631092,0.0,0.0,21.159926470588236,0
459842,Icebox,2025-04-10 12:50:00,Team Vitality,Team Heretics,-0.20223978919631092,0.0,0.0,21.217090069284065,0
459842,Haven,2025-04-10 12:50:00,Team Vitality,Team Heretics,-0.20223978919631092,0.0,0.0,21.159926470588236,1
459842,Abyss,2025-04-10 12:50:00,Team Vitality,Team Heretics,-0.20223978919631092,0.0,0.0,21.180487804878048,1
459844,Haven,2025-04-11 14:00:00,Karmine Corp,Gentle Mates,-0.031746031746031744,0.0,0.0,21.159926470588236,1
459844,Pearl,2025-04-11 14:00:00,Karmine Corp,Gentle Mates,-0.031746031746031744,0.0,0.0,21.221830985915492,1
459535,Ascent,2025-04-11 17:00:00,100 Thieves,2Game Esports,0.08275862068965517,0.0,0.0,21.038961038961038,1
459535,Icebox,2025-04-11 17:00:00,100 Thieves,2Game Esports,0.08275862068965517,0.0,0.0,21.217090069284065,1
459536,Lotus,2025-04-11 19:30:00,G2 Esports,LEVIATÁN,-0.004830917874396157,0.0,0.0,21.276412776412776,1
459536,Fracture,2025-04-11 19:30:00,G2 Esports,LEVIATÁN,-0.004830917874396157,0.0,0.0,21.18957345971564,0
459536,Haven,2025-04-11 19:30:00,G2 Esports,LEVIATÁN,-0.004830917874396157,0.0,0.0,21.159926470588236,1
459536,Pearl,2025-04-11 19:30:00,G2 Esports,LEVIATÁN,-0.004830917874396157,0.0,0.0,21.221830985915492,1
459536,Fracture,2025-04-11 19:30:00,G2 Esports,LEVIATÁN,-0.004830917874396157,0.0,0.0,21.18957345971564,1
458823,Sunset,2025-04-12 04:00:00,Nongshim RedForce,Team Secret,-0.045454545454545414,0.0,0.0,21.045673076923077,0
458823,Ascent,2025-04-12 04:00:00,Nongshim RedForce,Team Secret,-0.045454545454545414,0.0,0.0,21.038961038961038,1
458823,Lotus,2025-04-12 04:00:00,Nongshim RedForce,Team Secret,-0.045454545454545414,0.0,0.0,21.276412776412776,1
458823,Pearl,2025-04-12 04:00:00,Nongshim RedForce,Team Secret,-0.045454545454545414,0.0,0.0,21.221830985915492,1
458823,Split,2025-04-12 04:00:00,Nongshim RedForce,Team Secret,-0.045454545454545414,0.0,0.0,21.295289855072465,1
458824,Icebox,2025-04-12 06:15:00,DRX,BOOM Esports,0.025000000000000022,0.0,0.0,21.217090069284065,0
458824,Haven,2025-04-12 06:15:00,DRX,BOOM Esports,0.025000000000000022,0.0,0.0,21.159926470588236,1
458824,Ascent,2025-04-12 06:15:00,DRX,BOOM Esports,0.025000000000000022,0.0,0.0,21.038961038961038,0
459537,Lotus,2025-04-12 17:00:00,FURIA,Cloud9,-0.3571428571428572,0.0,0.0,21.276412776412776,0
459537,Pearl,2025-04-12 17:00:00,FURIA,Cloud9,-0.3571428571428572,0.0,0.0,21.221830985915492,0
459538,Split,2025-04-12 19:25:00,Sentinels,LOUD,0.14552845528455288,0.0,0.0,21.295289855072465,1
459538,Lotus,2025-04-12 19:25:00,Sentinels,LOUD,0.14552845528455288,0.0,0.0,21.276412776412776,0
459538,Haven,2025-04-12 19:25:00,Sentinels,LOUD,0.14552845528455288,0.0,0.0,21.159926470588236,1
458825,Sunset,2025-04-13 04:00:00,T1,Rex Regum Qeon,0.009459459459459474,0.0,0.0,21.045673076923077,1
458825,Haven,2025-04-13 04:00:00,T1,Rex Regum Qeon,0.009459459459459474,0.0,0.0,21.159926470588236,0
458825,Ascent,2025-04-13 04:00:00,T1,Rex Regum Qeon,0.009459459459459474,0.0,0.0,21.038961038961038,0
458825,Pearl,2025-04-13 04:00:00,T1,Rex Regum Qeon,0.009459459459459474,0.0,0.0,21.221830985915492,1
458825,Icebox,2025-04-13 04:00:00,T1,Rex Regum Qeon,0.009459459459459474,0.0,0.0,21.217090069284065,0
458825,Lotus,2025-04-13 04:00:00,T1,Rex Regum Qeon,0.009459459459459474,0.0,0.0,21.276412776412776,0
458826,Icebox,2025-04-13 07:10:00,Gen.G,Global Esports,0.5240761478163494,0.0,0.0,21.217090069284065,0
458826,Haven,2025-04-13 07:10:00,Gen.G,Global Esports,0.5240761478163494,0.0,0.0,21.159926470588236,1
458826,Corrode,2025-04-13 07:10:00,Gen.G,Global Esports,0.5240761478163494,0.0,0.0,21.65277777777778,1
458826,Haven,2025-04-13 07:10:00,Gen.G,Global Esports,0.5240761478163494,0.0,0.0,21.159926470588236,1
458826,Pearl,2025-04-13 07:10:00,Gen.G,Global Esports,0.5240761478163494,0.0,0.0,21.221830985915492,1
459540,Haven,2025-04-13 19:10:00,NRG,MIBR,0.14833333333333332,0.0,0.0,21.159926470588236,0
459540,Icebox,2025-04-13 19:10:00,NRG,MIBR,0.14833333333333332,0.0,0.0,21.217090069284065,0
458828,Ascent,2025-04-14 06:10:00,DetonatioN FocusMe,Paper Rex,-0.4330143540669857,0.0,0.0,21.038961038961038,1
458828,Lotus,2025-04-14 06:10:00,DetonatioN FocusMe,Paper Rex,-0.4330143540669857,0.0,0.0,21.276412776412776,0
458828,Pearl,2025-04-14 06:10:00,DetonatioN FocusMe,Paper Rex,-0.4330143540669857,0.0,0.0,21.221830985915492,0
458828,Abyss,2025-04-14 06:10:00,DetonatioN FocusMe,Paper Rex,-0.4330143540669857,0.0,0.0,21.180487804878048,1
458828,Pearl,2025-04-14 06:10:00,DetonatioN FocusMe,Paper Rex,-0.4330143540669857,0.0,0.0,21.221830985915492,1
459845,Ascent,2025-04-16 11:00:00,Team Vitality,Apeks,0.5,0.0,0.0,21.038961038961038,1
459845,Lotus,2025-04-16 11:00:00,Team Vitality,Apeks,0.5,0.0,0.0,21.276412776412776,1
459846,Bind,2025-04-16 13:20:00,Team Liquid,KOI,0.25161290322580643,0.0,0.0,21.575418994413408,1
459846,Icebox,2025-04-16 13:20:00,Team Liquid,KOI,0.25161290322580643,0.0,0.0,21.217090069284065,0
459846,Lotus,2025-04-16 13:20:00,Team Liquid,KOI,0.25161290322580643,0.0,0.0,21.276412776412776,1
459846,Split,2025-04-16 13:20:00,Team Liquid,KOI,0.25161290322580643,0.0,0.0,21.295289855072465,1
459846,Lotus,2025-04-16 13:20:00,Team Liquid,KOI,0.25161290322580643,0.0,0.0,21.276412776412776,1
459846,Fracture,2025-04-16 13:20:00,Team Liquid,KOI,0.25161290322580643,0.0,0.0,21.18957345971564,0
459846,Abyss,2025-04-16 13:20:00,Team Liquid,KOI,0.25161290322580643,0.0,0.0,21.180487804878048,1
459846,Bind,2025-04-16 13:20:00,Team Liquid,KOI,0.25161290322580643,0.0,0.0,21.575418994413408,1
459847,Sunset,2025-04-17 11:00:00,Gentle Mates,BBL Esports,-0.05263157894736842,0.0,0.0,21.045673076923077,0
459847,Lotus,2025-04-17 11:00:00,Gentle Mates,BBL Esports,-0.05263157894736842,0.0,0.0,21.276412776412776,0
459847,Lotus,2025-04-17 11:00:00,Gentle Mates,BBL Esports,-0.05263157894736842,0.0,0.0,21.276412776412776,0
459847,Haven,2025-04-17 11:00:00,Gentle Mates,BBL Esports,-0.05263157894736842,0.0,0.0,21.159926470588236,0
459849,Lotus,2025-04-18 11:00:00,Karmine Corp,FUT Esports,-0.1762452107279694,0.0,0.0,21.276412776412776,0
459849,Ascent,2025-04-18 11:00:00,Karmine Corp,FUT Esports,-0.1762452107279694,0.0,0.0,21.038961038961038,0
459849,Pearl,2025-04-18 11:00:00,Karmine Corp,FUT Esports,-0.1762452107279694,0.0,0.0,21.221830985915492,1
459850,Haven,2025-04-18 15:20:00,Natus Vincere,Team Heretics,-0.35976789168278533,0.0,0.0,21.159926470588236,0
459850,Pearl,2025-04-18 15:20:00,Natus Vincere,Team Heretics,-0.35976789168278533,0.0,0.0,21.221830985915492,0
459541,Ascent,2025-04-18 17:00:00,G2 Esports,Cloud9,0.17794970986460357,0.0,0.0,21.038961038961038,1
459541,Lotus,2025-04-18 17:00:00,G2 Esports,Cloud9,0.17794970986460357,0.0,0.0,21.276412776412776,1
459541,Icebox,2025-04-18 17:00:00,G2 Esports,Cloud9,0.17794970986460357,0.0,0.0,21.217090069284065,1
459541,Haven,2025-04-18 17:00:00,G2 Esports,Cloud9,0.17794970986460357,0.0,0.0,21.159926470588236,0
459541,Pearl,2025-04-18 17:00:00,G2 Esports,Cloud9,0.17794970986460357,0.0,0.0,21.221830985915492,1
459541,Lotus,2025-04-18 17:00:00,G2 Esports,Cloud9,0.17794970986460357,0.0,0.0,21.276412776412776,1
459541,Abyss,2025-04-18 17:00:00,G2 Esports,Cloud9,0.17794970986460357,0.0,0.0,21.180487804878048,1
459542,Icebox,2025-04-18 20:00:00,MIBR,FURIA,0.16210526315789475,0.0,0.0,21.217090069284065,1
459542,Ascent,2025-04-18 20:00:00,MIBR,FURIA,0.16210526315789475,0.0,0.0,21.038961038961038,0
459542,Split,2025-04-18 20:00:00,MIBR,FURIA,0.16210526315789475,0.0,0.0,21.295289855072465,1
458830,Split,2025-04-19 04:00:00,Paper Rex,Global Esports,0.35,0.0,0.0,21.295289855072465,1
458830,Lotus,2025-04-19 04:00:00,Paper Rex,Global Esports,0.35,0.0,0.0,21.276412776412776,1
459543,Haven,2025-04-19 17:00:00,Sentinels,2Game Esports,0.19047619047619052,0.0,0.0,21.159926470588236,1
459543,Pearl,2025-04-19 17:00:00,Sentinels,2Game Esports,0.19047619047619052,0.0,0.0,21.221830985915492,1
458832,Haven,2025-04-20 04:00:00,DRX,Gen.G,-0.18191056910569103,0.0,0.0,21.159926470588236,0
458832,Corrode,2025-04-20 04:00:00,DRX,Gen.G,-0.18191056910569103,0.0,0.0,21.65277777777778,0
458832,Lotus,2025-04-20 04:00:00,DRX,Gen.G,-0.18191056910569103,0.0,0.0,21.276412776412776,0
458832,Split,2025-04-20 04:00:00,DRX,Gen.G,-0.18191056910569103,0.0,0.0,21.295289855072465,1
458832,Ascent,2025-04-20 04:00:00,DRX,Gen.G,-0.18191056910569103,0.0,0.0,21.038961038961038,1
458833,Lotus,2025-04-20 07:30:00,Nongshim RedForce,ZETA DIVISION,0.22222222222222227,0.0,0.0,21.276412776412776,1
458833,Pearl,2025-04-20 07:30:00,Nongshim RedForce,ZETA DIVISION,0.22222222222222227,0.0,0.0,21.221830985915492,0
458833,Split,2025-04-20 07:30:00,Nongshim RedForce,ZETA DIVISION,0.22222222222222227,0.0,0.0,21.295289855072465,1
459545,Lotus,2025-04-20 17:00:00,Evil Geniuses,LOUD,0.1251612903225806,0.0,0.0,21.276412776412776,0
459545,Pearl,2025-04-20 17:00:00,Evil Geniuses,LOUD,0.1251612903225806,0.0,0.0,21.221830985915492,1
459545,Split,2025-04-20 17:00:00,Evil Geniuses,LOUD,0.1251612903225806,0.0,0.0,21.295289855072465,1
459545,Split,2025-04-20 17:00:00,Evil Geniuses,LOUD,0.1251612903225806,0.0,0.0,21.295289855072465,0
459545,Pearl,2025-04-20 17:00:00,Evil Geniuses,LOUD,0.1251612903225806,0.0,0.0,21.221830985915492,0
459546,Lotus,2025-04-20 21:00:00,LEVIATÁN,NRG,0.27962577962577967,0.0,0.0,21.276412776412776,0
459546,Haven,2025-04-20 21:00:00,LEVIATÁN,NRG,0.27962577962577967,0.0,0.0,21.159926470588236,1
459546,Icebox,2025-04-20 21:00:00,LEVIATÁN,NRG,0.27962577962577967,0.0,0.0,21.217090069284065,0
459546,Fracture,2025-04-20 21:00:00,LEVIATÁN,NRG,0.27962577962577967,0.0,0.0,21.18957345971564,0
459546,Icebox,2025-04-20 21:00:00,LEVIATÁN,NRG,0.27962577962577967,0.0,0.0,21.217090069284065,0
458834,Fracture,2025-04-21 04:00:00,DetonatioN FocusMe,BOOM Esports,-0.5166666666666666,0.0,0.0,21.18957345971564,0
458834,Ascent,2025-04-21 04:00:00,DetonatioN FocusMe,BOOM Esports,-0.5166666666666666,0.0,0.0,21.038961038961038,0
458835,Ascent,2025-04-21 06:00:00,Rex Regum Qeon,Team Secret,-0.04554865424430643,0.0,0.0,21.038961038961038,0
458835,Icebox,2025-04-21 06:00:00,Rex Regum Qeon,Team Secret,-0.04554865424430643,0.0,0.0,21.217090069284065,1
458835,Sunset,2025-04-21 06:00:00,Rex Regum Qeon,Team Secret,-0.04554865424430643,0.0,0.0,21.045673076923077,1
458835,Haven,2025-04-21 06:00:00,Rex Regum Qeon,Team Secret,-0.04554865424430643,0.0,0.0,21.159926470588236,1
458835,Ascent,2025-04-21 06:00:00,Rex Regum Qeon,Team Secret,-0.04554865424430643,0.0,0.0,21.038961038961038,0
458835,Lotus,2025-04-21 06:00:00,Rex Regum Qeon,Team Secret,-0.04554865424430643,0.0,0.0,21.276412776412776,0
458835,Lotus,2025-04-21 06:00:00,Rex Regum Qeon,Team Secret,-0.04554865424430643,0.0,0.0,21.276412776412776,0
458835,Pearl,2025-04-21 06:00:00,Rex Regum Qeon,Team Secret,-0.04554865424430643,0.0,0.0,21.221830985915492,1
458835,Haven,2025-04-21 06:00:00,Rex Regum Qeon,Team Secret,-0.04554865424430643,0.0,0.0,21.159926470588236,1
459852,Ascent,2025-04-23 11:00:00,BBL Esports,FUT Esports,-0.11756756756756753,0.0,0.0,21.038961038961038,1
459852,Icebox,2025-04-23 11:00:00,BBL Esports,FUT Esports,-0.11756756756756753,0.0,0.0,21.217090069284065,1
459852,Ascent,2025-04-23 11:00:00,BBL Esports,FUT Esports,-0.11756756756756753,0.0,0.0,21.038961038961038,1
459852,Split,2025-04-23 11:00:00,BBL Esports,FUT Esports,-0.11756756756756753,0.0,0.0,21.295289855072465,1
459852,Haven,2025-04-23 11:00:00,BBL Esports,FUT Esports,-0.11756756756756753,0.0,0.0,21.159926470588236,0
459853,Lotus,2025-04-23 15:00:00,GIANTX,Apeks,0.3684210526315789,0.0,0.0,21.276412776412776,1
459853,Ascent,2025-04-23 15:00:00,GIANTX,Apeks,0.3684210526315789,0.0,0.0,21.038961038961038,1
459854,Split,2025-04-24 11:00:00,Gentle Mates,KOI,0.1595238095238095,0.0,0.0,21.295289855072465,1
459854,Icebox,2025-04-24 11:00:00,Gentle Mates,KOI,0.1595238095238095,0.0,0.0,21.217090069284065,0
459854,Fracture,2025-04-24 11:00:00,Gentle Mates,KOI,0.1595238095238095,0.0,0.0,21.18957345971564,0
459854,Haven,2025-04-24 11:00:00,Gentle Mates,KOI,0.1595238095238095,0.0,0.0,21.159926470588236,1
459854,Lotus,2025-04-24 11:00:00,Gentle Mates,KOI,0.1595238095238095,0.0,0.0,21.276412776412776,0
459854,Pearl,2025-04-24 11:00:00,Gentle Mates,KOI,0.1595238095238095,0.0,0.0,21.221830985915492,1
459855,Haven,2025-04-24 14:05:00,Team Vitality,Natus Vincere,0.1664596273291925,0.0,0.0,21.159926470588236,0
459855,Icebox,2025-04-24 14:05:00,Team Vitality,Natus Vincere,0.1664596273291925,0.0,0.0,21.217090069284065,0
475897,Icebox,2025-04-24 17:00:00,MIBR,100 Thieves,-0.13771712158808935,0.0,0.0,21.217090069284065,1
475897,Bind,2025-04-24 17:00:00,MIBR,100 Thieves,-0.13771712158808935,0.0,0.0,21.575418994413408,1
475897,Split,2025-04-24 17:00:00,MIBR,100 Thieves,-0.13771712158808935,0.0,0.0,21.295289855072465,1
475897,Icebox,2025-04-24 17:00:00,MIBR,100 Thieves,-0.13771712158808935,0.0,0.0,21.217090069284065,1
475897,Lotus,2025-04-24 17:00:00,MIBR,100 Thieves,-0.13771712158808935,0.0,0.0,21.276412776412776,0
475897,Bind,2025-04-24 17:00:00,MIBR,100 Thieves,-0.13771712158808935,0.0,0.0,21.575418994413408,0
475898,Lotus,2025-04-24 19:15:00,Sentinels,Cloud9,0.013144590495449915,0.0,0.0,21.276412776412776,1
475898,Haven,2025-04-24 19:15:00,Sentinels,Cloud9,0.013144590495449915,0.0,0.0,21.159926470588236,1
475898,Corrode,2025-04-24 19:15:00,Sentinels,Cloud9,0.013144590495449915,0.0,0.0,21.65277777777778,1
475898,Icebox,2025-04-24 19:15:00,Sentinels,Cloud9,0.013144590495449915,0.0,0.0,21.217090069284065,0
475898,Lotus,2025-04-24 19:15:00,Sentinels,Cloud9,0.013144590495449915,0.0,0.0,21.276412776412776,1
475898,Ascent,2025-04-24 19:15:00,Sentinels,Cloud9,0.013144590495449915,0.0,0.0,21.038961038961038,1
475898,Pearl,2025-04-24 19:15:00,Sentinels,Cloud9,0.013144590495449915,0.0,0.0,21.221830985915492,1
475903,Bind,2025-04-25 17:00:00,100 Thieves,NRG,0.02430555555555558,0.0,0.0,21.575418994413408,1
475903,Sunset,2025-04-25 17:00:00,100 Thieves,NRG,0.02430555555555558,0.0,0.0,21.045673076923077,1
475903,Fracture,2025-04-25 17:00:00,100 Thieves,NRG,0.02430555555555558,0.0,0.0,21.18957345971564,1
475903,Haven,2025-04-25 17:00:00,100 Thieves,NRG,0.02430555555555558,0.0,0.0,21.159926470588236,1
475903,Lotus,2025-04-25 17:00:00,100 Thieves,NRG,0.02430555555555558,0.0,0.0,21.276412776412776,1
475903,Pearl,2025-04-25 17:00:00,100 Thieves,NRG,0.02430555555555558,0.0,0.0,21.221830985915492,0
475903,Bind,2025-04-25 17:00:00,100 Thieves,NRG,0.02430555555555558,0.0,0.0,21.575418994413408,0
475904,Lotus,2025-04-25 19:15:00,Cloud9,Evil Geniuses,0.0,0.0,0.0,21.276412776412776,1
475904,Haven,2025-04-25 19:15:00,Cloud9,Evil Geniuses,0.0,0.0,0.0,21.159926470588236,1
475904,Fracture,2025-04-25 19:15:00,Cloud9,Evil Geniuses,0.0,0.0,0.0,21.18957345971564,0
475904,Icebox,2025-04-25 19:15:00,Cloud9,Evil Geniuses,0.0,0.0,0.0,21.217090069284065,0
473834,Lotus,2025-04-26 07:00:00,DRX,T1,0.15934065934065933,0.0,0.0,21.276412776412776,1
473834,Fracture,2025-04-26 07:00:00,DRX,T1,0.15934065934065933,0.0,0.0,21.18957345971564,1
473834,Abyss,2025-04-26 07:00:00,DRX,T1,0.15934065934065933,0.0,0.0,21.180487804878048,1
473834,Lotus,2025-04-26 07:00:00,DRX,T1,0.15934065934065933,0.0,0.0,21.276412776412776,0
473834,Fracture,2025-04-26 07:00:00,DRX,T1,0.15934065934065933,0.0,0.0,21.18957345971564,1
473834,Bind,2025-04-26 07:00:00,DRX,T1,0.15934065934065933,0.0,0.0,21.575418994413408,0
473834,Split,2025-04-26 07:00:00,DRX,T1,0.15934065934065933,0.0,0.0,21.295289855072465,1
475900,Split,2025-04-26 19:05:00,G2 Esports,Sentinels,0.18371212121212122,0.0,0.0,21.295289855072465,1
475900,Icebox,2025-04-26 19:05:00,G2 Esports,Sentinels,0.18371212121212122,0.0,0.0,21.217090069284065,0
475900,Ascent,2025-04-26 19:05:00,G2 Esports,Sentinels,0.18371212121212122,0.0,0.0,21.038961038961038,0
475900,Split,2025-04-26 19:05:00,G2 Esports,Sentinels,0.18371212121212122,0.0,0.0,21.295289855072465,0
475900,Pearl,2025-04-26 19:05:00,G2 Esports,Sentinels,0.18371212121212122,0.0,0.0,21.221830985915492,1
475900,Abyss,2025-04-26 19:05:00,G2 Esports,Sentinels,0.18371212121212122,0.0,0.0,21.180487804878048,0
475900,Fracture,2025-04-26 19:05:00,G2 Esports,Sentinels,0.18371212121212122,0.0,0.0,21.18957345971564,1
475900,Haven,2025-04-26 19:05:00,G2 Esports,Sentinels,0.18371212121212122,0.0,0.0,21.159926470588236,1
473837,Split,2025-04-27 04:00:00,BOOM Esports,Gen.G,-0.08571428571428574,0.0,0.0,21.295289855072465,0
473837,Ascent,2025-04-27 04:00:00,BOOM Esports,Gen.G,-0.08571428571428574,0.0,0.0,21.038961038961038,0
473838,Bind,2025-04-27 06:10:00,Rex Regum Qeon,DRX,-0.10465116279069764,0.0,0.0,21.575418994413408,0
473838,Ascent,2025-04-27 06:10:00,Rex Regum Qeon,DRX,-0.10465116279069764,0.0,0.0,21.038961038961038,0
473838,Fracture,2025-04-27 06:10:00,Rex Regum Qeon,DRX,-0.10465116279069764,0.0,0.0,21.18957345971564,0
473838,Icebox,2025-04-27 06:10:00,Rex Regum Qeon,DRX,-0.10465116279069764,0.0,0.0,21.217090069284065,1
473838,Lotus,2025-04-27 06:10:00,Rex Regum Qeon,DRX,-0.10465116279069764,0.0,0.0,21.276412776412776,1
475905,Sunset,2025-04-27 19:40:00,G2 Esports,100 Thieves,0.22943722943722944,0.0,0.0,21.045673076923077,1
475905,Haven,2025-04-27 19:40:00,G2 Esports,100 Thieves,0.22943722943722944,0.0,0.0,21.159926470588236,1
475905,Haven,2025-04-27 19:40:00,G2 Esports,100 Thieves,0.22943722943722944,0.0,0.0,21.159926470588236,1
475905,Split,2025-04-27 19:40:00,G2 Esports,100 Thieves,0.22943722943722944,0.0,0.0,21.295289855072465,0
475905,Pearl,2025-04-27 19:40:00,G2 Esports,100 Thieves,0.22943722943722944,0.0,0.0,21.221830985915492,1
459856,Lotus,2025-05-02 11:00:00,Team Liquid,Karmine Corp,0.10208333333333336,0.0,0.0,21.276412776412776,1
459856,Bind,2025-05-02 11:00:00,Team Liquid,Karmine Corp,0.10208333333333336,0.0,0.0,21.575418994413408,0
459856,Sunset,2025-05-02 11:00:00,Team Liquid,Karmine Corp,0.10208333333333336,0.0,0.0,21.045673076923077,0
459856,Icebox,2025-05-02 11:00:00,Team Liquid,Karmine Corp,0.10208333333333336,0.0,0.0,21.217090069284065,0
459856,Lotus,2025-05-02 11:00:00,Team Liquid,Karmine Corp,0.10208333333333336,0.0,0.0,21.276412776412776,1
459856,Split,2025-05-02 11:00:00,Team Liquid,Karmine Corp,0.10208333333333336,0.0,0.0,21.295289855072465,1
475901,Lotus,2025-05-02 17:00:00,MIBR,Sentinels,-0.16269841269841273,0.0,0.0,21.276412776412776,0
475901,Split,2025-05-02 17:00:00,MIBR,Sentinels,-0.16269841269841273,0.0,0.0,21.295289855072465,0
475907,Corrode,2025-05-02 19:50:00,G2 Esports,Evil Geniuses,0.21999999999999997,0.0,0.0,21.65277777777778,0
475907,Haven,2025-05-02 19:50:00,G2 Esports,Evil Geniuses,0.21999999999999997,0.0,0.0,21.159926470588236,1
475907,Ascent,2025-05-02 19:50:00,G2 Esports,Evil Geniuses,0.21999999999999997,0.0,0.0,21.038961038961038,1
475907,Lotus,2025-05-02 19:50:00,G2 Esports,Evil Geniuses,0.21999999999999997,0.0,0.0,21.276412776412776,0
475907,Split,2025-05-02 19:50:00,G2 Esports,Evil Geniuses,0.21999999999999997,0.0,0.0,21.295289855072465,1
475907,Pearl,2025-05-02 19:50:00,G2 Esports,Evil Geniuses,0.21999999999999997,0.0,0.0,21.221830985915492,1
473836,Haven,2025-05-03 07:25:00,T1,Paper Rex,-0.1836956521739131,0.0,0.0,21.159926470588236,0
473836,Lotus,2025-05-03 07:25:00,T1,Paper Rex,-0.1836956521739131,0.0,0.0,21.276412776412776,0
473836,Fracture,2025-05-03 07:25:00,T1,Paper Rex,-0.1836956521739131,0.0,0.0,21.18957345971564,1
473836,Ascent,2025-05-03 07:25:00,T1,Paper Rex,-0.1836956521739131,0.0,0.0,21.038961038961038,0
473836,Lotus,2025-05-03 07:25:00,T1,Paper Rex,-0.1836956521739131,0.0,0.0,21.276412776412776,0
475908,Haven,2025-05-03 17:00:00,MIBR,G2 Esports,-0.34617985125084516,0.0,0.0,21.159926470588236,1
475908,Lotus,2025-05-03 17:00:00,MIBR,G2 Esports,-0.34617985125084516,0.0,0.0,21.276412776412776,0
475908,Split,2025-05-03 17:00:00,MIBR,G2 Esports,-0.34617985125084516,0.0,0.0,21.295289855072465,0
475908,Ascent,2025-05-03 17:00:00,MIBR,G2 Esports,-0.34617985125084516,0.0,0.0,21.038961038961038,0
473840,Bind,2025-05-04 06:00:00,BOOM Esports,Paper Rex,0.007978723404255317,0.0,0.0,21.575418994413408,0
473840,Lotus,2025-05-04 06:00:00,BOOM Esports,Paper Rex,0.007978723404255317,0.0,0.0,21.276412776412776,0
473840,Lotus,2025-05-04 06:00:00,BOOM Esports,Paper Rex,0.007978723404255317,0.0,0.0,21.276412776412776,0
473840,Fracture,2025-05-04 06:00:00,BOOM Esports,Paper Rex,0.007978723404255317,0.0,0.0,21.18957345971564,0
475902,Corrode,2025-05-04 17:00:00,Sentinels,G2 Esports,-0.16555183946488294,0.0,0.0,21.65277777777778,1
475902,Ascent,2025-05-04 17:00:00,Sentinels,G2 Esports,-0.16555183946488294,0.0,0.0,21.038961038961038,0
475902,Lotus,2025-05-04 17:00:00,Sentinels,G2 Esports,-0.16555183946488294,0.0,0.0,21.276412776412776,1
475902,Bind,2025-05-04 17:00:00,Sentinels,G2 Esports,-0.16555183946488294,0.0,0.0,21.575418994413408,0
475902,Sunset,2025-05-04 17:00:00,Sentinels,G2 Esports,-0.16555183946488294,0.0,0.0,21.045673076923077,0
475902,Haven,2025-05-04 17:00:00,Sentinels,G2 Esports,-0.16555183946488294,0.0,0.0,21.159926470588236,0
475902,Split,2025-05-04 17:00:00,Sentinels,G2 Esports,-0.16555183946488294,0.0,0.0,21.295289855072465,0
475902,Pearl,2025-05-04 17:00:00,Sentinels,G2 Esports,-0.16555183946488294,0.0,0.0,21.221830985915492,1
475902,Ascent,2025-05-04 17:00:00,Sentinels,G2 Esports,-0.16555183946488294,0.0,0.0,21.038961038961038,0
475902,Abyss,2025-05-04 17:00:00,Sentinels,G2 Esports,-0.16555183946488294,0.0,0.0,21.180487804878048,0
475902,Pearl,2025-05-04 17:00:00,Sentinels,G2 Esports,-0.16555183946488294,0.0,0.0,21.221830985915492,0
482503,Lotus,2025-05-08 11:00:00,BBL Esports,Natus Vincere,0.10119047619047616,0.0,0.0,21.276412776412776,1
482503,Fracture,2025-05-08 11:00:00,BBL Esports,Natus Vincere,0.10119047619047616,0.0,0.0,21.18957345971564,1
473841,Lotus,2025-05-09 04:00:00,Gen.G,Rex Regum Qeon,0.3256606990622336,0.0,0.0,21.276412776412776,1
473841,Icebox,2025-05-09 04:00:00,Gen.G,Rex Regum Qeon,0.3256606990622336,0.0,0.0,21.217090069284065,1
473841,Haven,2025-05-09 04:00:00,Gen.G,Rex Regum Qeon,0.3256606990622336,0.0,0.0,21.159926470588236,1
473841,Ascent,2025-05-09 04:00:00,Gen.G,Rex Regum Qeon,0.3256606990622336,0.0,0.0,21.038961038961038,0
473841,Lotus,2025-05-09 04:00:00,Gen.G,Rex Regum Qeon,0.3256606990622336,0.0,0.0,21.276412776412776,0
473841,Icebox,2025-05-09 04:00:00,Gen.G,Rex Regum Qeon,0.3256606990622336,0.0,0.0,21.217090069284065,0
473841,Fracture,2025-05-09 04:00:00,Gen.G,Rex Regum Qeon,0.3256606990622336,0.0,0.0,21.18957345971564,0
473841,Lotus,2025-05-09 04:00:00,Gen.G,Rex Regum Qeon,0.3256606990622336,0.0,0.0,21.276412776412776,1
473841,Haven,2025-05-09 04:00:00,Gen.G,Rex Regum Qeon,0.3256606990622336,0.0,0.0,21.159926470588236,1
473842,Ascent,2025-05-09 06:00:00,DRX,Paper Rex,-0.025000000000000022,0.0,0.0,21.038961038961038,1
473842,Lotus,2025-05-09 06:00:00,DRX,Paper Rex,-0.025000000000000022,0.0,0.0,21.276412776412776,1
473842,Haven,2025-05-09 06:00:00,DRX,Paper Rex,-0.025000000000000022,0.0,0.0,21.159926470588236,1
473842,Icebox,2025-05-09 06:00:00,DRX,Paper Rex,-0.025000000000000022,0.0,0.0,21.217090069284065,0
473842,Lotus,2025-05-09 06:00:00,DRX,Paper Rex,-0.025000000000000022,0.0,0.0,21.276412776412776,1
473842,Lotus,2025-05-09 06:00:00,DRX,Paper Rex,-0.025000000000000022,0.0,0.0,21.276412776412776,0
473842,Icebox,2025-05-09 06:00:00,DRX,Paper Rex,-0.025000000000000022,0.0,0.0,21.217090069284065,0
482505,Sunset,2025-05-09 11:00:00,Natus Vincere,Karmine Corp,-0.02709677419354839,0.0,0.0,21.045673076923077,1
482505,Corrode,2025-05-09 11:00:00,Natus Vincere,Karmine Corp,-0.02709677419354839,0.0,0.0,21.65277777777778,1
482505,Icebox,2025-05-09 11:00:00,Natus Vincere,Karmine Corp,-0.02709677419354839,0.0,0.0,21.217090069284065,0
482505,Split,2025-05-09 11:00:00,Natus Vincere,Karmine Corp,-0.02709677419354839,0.0,0.0,21.295289855072465,1
482505,Ascent,2025-05-09 11:00:00,Natus Vincere,Karmine Corp,-0.02709677419354839,0.0,0.0,21.038961038961038,1
482506,Haven,2025-05-09 15:05:00,FUT Esports,Team Vitality,0.038461538461538436,0.0,0.0,21.159926470588236,0
482506,Lotus,2025-05-09 15:05:00,FUT Esports,Team Vitality,0.038461538461538436,0.0,0.0,21.276412776412776,0
482506,Split,2025-05-09 15:05:00,FUT Esports,Team Vitality,0.038461538461538436,0.0,0.0,21.295289855072465,1
482506,Fracture,2025-05-09 15:05:00,FUT Esports,Team Vitality,0.038461538461538436,0.0,0.0,21.18957345971564,1
482506,Bind,2025-05-09 15:05:00,FUT Esports,Team Vitality,0.038461538461538436,0.0,0.0,21.575418994413408,0
482506,Split,2025-05-09 15:05:00,FUT Esports,Team Vitality,0.038461538461538436,0.0,0.0,21.295289855072465,0
473843,Fracture,2025-05-10 04:00:00,Rex Regum Qeon,Paper Rex,-0.15391156462585037,0.0,0.0,21.18957345971564,0
473843,Split,2025-05-10 04:00:00,Rex Regum Qeon,Paper Rex,-0.15391156462585037,0.0,0.0,21.295289855072465,1
473843,Pearl,2025-05-10 04:00:00,Rex Regum Qeon,Paper Rex,-0.15391156462585037,0.0,0.0,21.221830985915492,1
473843,Icebox,2025-05-10 04:00:00,Rex Regum Qeon,Paper Rex,-0.15391156462585037,0.0,0.0,21.217090069284065,0
473843,Ascent,2025-05-10 04:00:00,Rex Regum Qeon,Paper Rex,-0.15391156462585037,0.0,0.0,21.038961038961038,1
482507,Icebox,2025-05-10 11:00:00,Team Heretics,BBL Esports,0.23469387755102045,0.0,0.0,21.217090069284065,0
482507,Haven,2025-05-10 11:00:00,Team Heretics,BBL Esports,0.23469387755102045,0.0,0.0,21.159926470588236,1
482507,Sunset,2025-05-10 11:00:00,Team Heretics,BBL Esports,0.23469387755102045,0.0,0.0,21.045673076923077,1
482507,Icebox,2025-05-10 11:00:00,Team Heretics,BBL Esports,0.23469387755102045,0.0,0.0,21.217090069284065,0
482507,Ascent,2025-05-10 11:00:00,Team Heretics,BBL Esports,0.23469387755102045,0.0,0.0,21.038961038961038,0
482507,Icebox,2025-05-10 11:00:00,Team Heretics,BBL Esports,0.23469387755102045,0.0,0.0,21.217090069284065,1
482507,Ascent,2025-05-10 11:00:00,Team Heretics,BBL Esports,0.23469387755102045,0.0,0.0,21.038961038961038,1
473844,Lotus,2025-05-11 04:00:00,Gen.G,Rex Regum Qeon,0.3276923076923077,0.0,0.0,21.276412776412776,1
473844,Icebox,2025-05-11 04:00:00,Gen.G,Rex Regum Qeon,0.3276923076923077,0.0,0.0,21.217090069284065,1
473844,Haven,2025-05-11 04:00:00,Gen.G,Rex Regum Qeon,0.3276923076923077,0.0,0.0,21.159926470588236,1
473844,Ascent,2025-05-11 04:00:00,Gen.G,Rex Regum Qeon,0.3276923076923077,0.0,0.0,21.038961038961038,0
473844,Lotus,2025-05-11 04:00:00,Gen.G,Rex Regum Qeon,0.3276923076923077,0.0,0.0,21.276412776412776,0
473844,Icebox,2025-05-11 04:00:00,Gen.G,Rex Regum Qeon,0.3276923076923077,0.0,0.0,21.217090069284065,0
473844,Fracture,2025-05-11 04:00:00,Gen.G,Rex Regum Qeon,0.3276923076923077,0.0,0.0,21.18957345971564,0
473844,Lotus,2025-05-11 04:00:00,Gen.G,Rex Regum Qeon,0.3276923076923077,0.0,0.0,21.276412776412776,1
473844,Haven,2025-05-11 04:00:00,Gen.G,Rex Regum Qeon,0.3276923076923077,0.0,0.0,21.159926470588236,1
482510,Ascent,2025-05-11 11:00:00,BBL Esports,FUT Esports,-0.046739130434782616,0.0,0.0,21.038961038961038,1
482510,Icebox,2025-05-11 11:00:00,BBL Esports,FUT Esports,-0.046739130434782616,0.0,0.0,21.217090069284065,1
482510,Ascent,2025-05-11 11:00:00,BBL Esports,FUT Esports,-0.046739130434782616,0.0,0.0,21.038961038961038,1
482510,Split,2025-05-11 11:00:00,BBL Esports,FUT Esports,-0.046739130434782616,0.0,0.0,21.295289855072465,1
482510,Haven,2025-05-11 11:00:00,BBL Esports,FUT Esports,-0.046739130434782616,0.0,0.0,21.159926470588236,0
482509,Corrode,2025-05-11 14:45:00,Team Liquid,Natus Vincere,0.085972850678733,0.0,0.0,21.65277777777778,1
482509,Sunset,2025-05-11 14:45:00,Team Liquid,Natus Vincere,0.085972850678733,0.0,0.0,21.045673076923077,1
482509,Icebox,2025-05-11 14:45:00,Team Liquid,Natus Vincere,0.085972850678733,0.0,0.0,21.217090069284065,0
482509,Split,2025-05-11 14:45:00,Team Liquid,Natus Vincere,0.085972850678733,0.0,0.0,21.295289855072465,1
482509,Ascent,2025-05-11 14:45:00,Team Liquid,Natus Vincere,0.085972850678733,0.0,0.0,21.038961038961038,1
482511,Fracture,2025-05-16 13:20:00,Team Liquid,BBL Esports,-0.01428571428571429,0.0,0.0,21.18957345971564,1
482511,Haven,2025-05-16 13:20:00,Team Liquid,BBL Esports,-0.01428571428571429,0.0,0.0,21.159926470588236,0
482511,Ascent,2025-05-16 13:20:00,Team Liquid,BBL Esports,-0.01428571428571429,0.0,0.0,21.038961038961038,1
482511,Haven,2025-05-16 13:20:00,Team Liquid,BBL Esports,-0.01428571428571429,0.0,0.0,21.159926470588236,1
482511,Split,2025-05-16 13:20:00,Team Liquid,BBL Esports,-0.01428571428571429,0.0,0.0,21.295289855072465,0
482511,Fracture,2025-05-16 13:20:00,Team Liquid,BBL Esports,-0.01428571428571429,0.0,0.0,21.18957345971564,1
482512,Haven,2025-05-17 12:00:00,Team Heretics,Team Liquid,0.22549019607843135,0.0,0.0,21.159926470588236,1
482512,Ascent,2025-05-17 12:00:00,Team Heretics,Team Liquid,0.22549019607843135,0.0,0.0,21.038961038961038,1
482512,Icebox,2025-05-17 12:00:00,Team Heretics,Team Liquid,0.22549019607843135,0.0,0.0,21.217090069284065,1
482512,Lotus,2025-05-17 12:00:00,Team Heretics,Team Liquid,0.22549019607843135,0.0,0.0,21.276412776412776,0
482512,Abyss,2025-05-17 12:00:00,Team Heretics,Team Liquid,0.22549019607843135,0.0,0.0,21.180487804878048,0
482512,Fracture,2025-05-17 12:00:00,Team Heretics,Team Liquid,0.22549019607843135,0.0,0.0,21.18957345971564,0
490309,Pearl,2025-06-07 12:00:00,Team Heretics,Paper Rex,0.13584905660377355,0.0,0.0,21.221830985915492,0
490309,Icebox,2025-06-07 12:00:00,Team Heretics,Paper Rex,0.13584905660377355,0.0,0.0,21.217090069284065,0
490307,Icebox,2025-06-07 14:10:00,Bilibili Gaming,Team Liquid,0.013513513513513487,0.0,0.0,21.217090069284065,1
490307,Haven,2025-06-07 14:10:00,Bilibili Gaming,Team Liquid,0.013513513513513487,0.0,0.0,21.159926470588236,0
490307,Sunset,2025-06-07 14:10:00,Bilibili Gaming,Team Liquid,0.013513513513513487,0.0,0.0,21.045673076923077,1
490308,Split,2025-06-08 12:00:00,Sentinels,Wolves Esports,0.30780141843971637,0.0,0.0,21.295289855072465,1
490308,Lotus,2025-06-08 12:00:00,Sentinels,Wolves Esports,0.30780141843971637,0.0,0.0,21.276412776412776,1
490306,Sunset,2025-06-08 14:45:00,Gen.G,MIBR,0.44465408805031453,0.0,0.0,21.045673076923077,1
490306,Haven,2025-06-08 14:45:00,Gen.G,MIBR,0.44465408805031453,0.0,0.0,21.159926470588236,1
490311,Icebox,2025-06-09 12:00:00,Bilibili Gaming,Sentinels,-0.06333333333333335,0.0,0.0,21.217090069284065,1
490311,Sunset,2025-06-09 12:00:00,Bilibili Gaming,Sentinels,-0.06333333333333335,0.0,0.0,21.045673076923077,0
490311,Lotus,2025-06-09 12:00:00,Bilibili Gaming,Sentinels,-0.06333333333333335,0.0,0.0,21.276412776412776,0
490310,Ascent,2025-06-09 15:30:00,Paper Rex,Gen.G,-0.20697167755991286,0.0,0.0,21.038961038961038,0
490310,Icebox,2025-06-09 15:30:00,Paper Rex,Gen.G,-0.20697167755991286,0.0,0.0,21.217090069284065,0
490312,Pearl,2025-06-10 12:00:00,Team Heretics,Wolves Esports,0.4722222222222222,0.0,0.0,21.221830985915492,0
490312,Lotus,2025-06-10 12:00:00,Team Heretics,Wolves Esports,0.4722222222222222,0.0,0.0,21.276412776412776,0
490313,Icebox,2025-06-10 14:30:00,Team Liquid,MIBR,0.11884550084889639,0.0,0.0,21.217090069284065,1
490313,Sunset,2025-06-10 14:30:00,Team Liquid,MIBR,0.11884550084889639,0.0,0.0,21.045673076923077,1
490315,Split,2025-06-11 12:00:00,Bilibili Gaming,Wolves Esports,0.20588235294117646,0.0,0.0,21.295289855072465,0
490315,Ascent,2025-06-11 12:00:00,Bilibili Gaming,Wolves Esports,0.20588235294117646,0.0,0.0,21.038961038961038,0
490315,Haven,2025-06-11 12:00:00,Bilibili Gaming,Wolves Esports,0.20588235294117646,0.0,0.0,21.159926470588236,1
490315,Ascent,2025-06-11 12:00:00,Bilibili Gaming,Wolves Esports,0.20588235294117646,0.0,0.0,21.038961038961038,1
490315,Lotus,2025-06-11 12:00:00,Bilibili Gaming,Wolves Esports,0.20588235294117646,0.0,0.0,21.276412776412776,0
490315,Split,2025-06-11 12:00:00,Bilibili Gaming,Wolves Esports,0.20588235294117646,0.0,0.0,21.295289855072465,0
490315,Haven,2025-06-11 12:00:00,Bilibili Gaming,Wolves Esports,0.20588235294117646,0.0,0.0,21.159926470588236,0
490314,Split,2025-06-11 14:30:00,Paper Rex,Team Liquid,0.10897435897435898,0.0,0.0,21.295289855072465,0
490314,Sunset,2025-06-11 14:30:00,Paper Rex,Team Liquid,0.10897435897435898,0.0,0.0,21.045673076923077,1
490314,Lotus,2025-06-11 14:30:00,Paper Rex,Team Liquid,0.10897435897435898,0.0,0.0,21.276412776412776,1
498622,Split,2025-06-13 12:00:00,G2 Esports,Paper Rex,0.1132075471698113,0.0,0.0,21.295289855072465,0
498622,Lotus,2025-06-13 12:00:00,G2 Esports,Paper Rex,0.1132075471698113,0.0,0.0,21.276412776412776,0
498621,Abyss,2025-06-13 14:25:00,Xi Lai Gaming,Sentinels,0.008163265306122436,0.0,0.0,21.180487804878048,0
498621,Lotus,2025-06-13 14:25:00,Xi Lai Gaming,Sentinels,0.008163265306122436,0.0,0.0,21.276412776412776,1
498621,Haven,2025-06-13 14:25:00,Xi Lai Gaming,Sentinels,0.008163265306122436,0.0,0.0,21.159926470588236,1
498621,Sunset,2025-06-13 14:25:00,Xi Lai Gaming,Sentinels,0.008163265306122436,0.0,0.0,21.045673076923077,0
498621,Lotus,2025-06-13 14:25:00,Xi Lai Gaming,Sentinels,0.008163265306122436,0.0,0.0,21.276412776412776,0
498623,Ascent,2025-06-14 12:00:00,Rex Regum Qeon,Wolves Esports,0.12820512820512825,0.0,0.0,21.038961038961038,0
498623,Icebox,2025-06-14 12:00:00,Rex Regum Qeon,Wolves Esports,0.12820512820512825,0.0,0.0,21.217090069284065,0
498629,Icebox,2025-06-15 12:00:00,Xi Lai Gaming,G2 Esports,-0.03703703703703709,0.0,0.0,21.217090069284065,0
498629,Haven,2025-06-15 12:00:00,Xi Lai Gaming,G2 Esports,-0.03703703703703709,0.0,0.0,21.159926470588236,0
498626,Split,2025-06-16 12:00:00,Wolves Esports,Gen.G,-0.45300751879699247,0.0,0.0,21.295289855072465,1
498626,Sunset,2025-06-16 12:00:00,Wolves Esports,Gen.G,-0.45300751879699247,0.0,0.0,21.045673076923077,1
498625,Split,2025-06-16 14:30:00,Sentinels,Paper Rex,-0.0311111111111112,0.0,0.0,21.295289855072465,0
498625,Sunset,2025-06-16 14:30:00,Sentinels,Paper Rex,-0.0311111111111112,0.0,0.0,21.045673076923077,0
498631,Lotus,2025-06-17 12:00:00,Gen.G,G2 Esports,0.09792663476873997,0.0,0.0,21.276412776412776,0
498631,Haven,2025-06-17 12:00:00,Gen.G,G2 Esports,0.09792663476873997,0.0,0.0,21.159926470588236,1
498631,Icebox,2025-06-17 12:00:00,Gen.G,G2 Esports,0.09792663476873997,0.0,0.0,21.217090069284065,0
498627,Lotus,2025-06-20 12:00:00,Paper Rex,Wolves Esports,0.21818181818181814,0.0,0.0,21.276412776412776,1
498627,Ascent,2025-06-20 12:00:00,Paper Rex,Wolves Esports,0.21818181818181814,0.0,0.0,21.038961038961038,1
508816,Sunset,2025-07-15 06:15:00,Nongshim RedForce,Team Secret,0.045454545454545414,0.0,0.0,21.045673076923077,0
508816,Ascent,2025-07-15 06:15:00,Nongshim RedForce,Team Secret,0.045454545454545414,0.0,0.0,21.038961038961038,1
508816,Lotus,2025-07-15 06:15:00,Nongshim RedForce,Team Secret,0.045454545454545414,0.0,0.0,21.276412776412776,1
508816,Pearl,2025-07-15 06:15:00,Nongshim RedForce,Team Secret,0.045454545454545414,0.0,0.0,21.221830985915492,1
508816,Split,2025-07-15 06:15:00,Nongshim RedForce,Team Secret,0.045454545454545414,0.0,0.0,21.295289855072465,1
508817,Haven,2025-07-16 04:00:00,T1,Paper Rex,-0.21694480102695762,0.0,0.0,21.159926470588236,0
508817,Lotus,2025-07-16 04:00:00,T1,Paper Rex,-0.21694480102695762,0.0,0.0,21.276412776412776,0
508817,Fracture,2025-07-16 04:00:00,T1,Paper Rex,-0.21694480102695762,0.0,0.0,21.18957345971564,1
508817,Ascent,2025-07-16 04:00:00,T1,Paper Rex,-0.21694480102695762,0.0,0.0,21.038961038961038,0
508817,Lotus,2025-07-16 04:00:00,T1,Paper Rex,-0.21694480102695762,0.0,0.0,21.276412776412776,0
508818,Haven,2025-07-16 06:35:00,DRX,Gen.G,-0.18440779610194902,0.0,0.0,21.159926470588236,0
508818,Corrode,2025-07-16 06:35:00,DRX,Gen.G,-0.18440779610194902,0.0,0.0,21.65277777777778,0
508818,Lotus,2025-07-16 06:35:00,DRX,Gen.G,-0.18440779610194902,0.0,0.0,21.276412776412776,0
508818,Split,2025-07-16 06:35:00,DRX,Gen.G,-0.18440779610194902,0.0,0.0,21.295289855072465,1
508818,Ascent,2025-07-16 06:35:00,DRX,Gen.G,-0.18440779610194902,0.0,0.0,21.038961038961038,1
511543,Icebox,2025-07-16 11:00:00,Natus Vincere,Apeks,0.37037037037037035,0.0,0.0,21.217090069284065,1
511543,Sunset,2025-07-16 11:00:00,Natus Vincere,Apeks,0.37037037037037035,0.0,0.0,21.045673076923077,0
511543,Corrode,2025-07-16 11:00:00,Natus Vincere,Apeks,0.37037037037037035,0.0,0.0,21.65277777777778,1
511544,Sunset,2025-07-16 13:50:00,Team Vitality,GIANTX,0.11351351351351346,0.0,0.0,21.045673076923077,0
511544,Bind,2025-07-16 13:50:00,Team Vitality,GIANTX,0.11351351351351346,0.0,0.0,21.575418994413408,0
511544,Split,2025-07-16 13:50:00,Team Vitality,GIANTX,0.11351351351351346,0.0,0.0,21.295289855072465,1
511544,Lotus,2025-07-16 13:50:00,Team Vitality,GIANTX,0.11351351351351346,0.0,0.0,21.276412776412776,1
508819,Corrode,2025-07-17 04:00:00,Rex Regum Qeon,Global Esports,0.19047619047619047,0.0,0.0,21.65277777777778,0
508819,Haven,2025-07-17 04:00:00,Rex Regum Qeon,Global Esports,0.19047619047619047,0.0,0.0,21.159926470588236,0
508820,Haven,2025-07-17 06:15:00,ZETA DIVISION,DetonatioN FocusMe,0.17532467532467533,0.0,0.0,21.159926470588236,0
508820,Lotus,2025-07-17 06:15:00,ZETA DIVISION,DetonatioN FocusMe,0.17532467532467533,0.0,0.0,21.276412776412776,1
508820,Icebox,2025-07-17 06:15:00,ZETA DIVISION,DetonatioN FocusMe,0.17532467532467533,0.0,0.0,21.217090069284065,0
511545,Bind,2025-07-17 11:00:00,FUT Esports,Gentle Mates,0.1788617886178862,0.0,0.0,21.575418994413408,0
511545,Sunset,2025-07-17 11:00:00,FUT Esports,Gentle Mates,0.1788617886178862,0.0,0.0,21.045673076923077,1
511545,Lotus,2025-07-17 11:00:00,FUT Esports,Gentle Mates,0.1788617886178862,0.0,0.0,21.276412776412776,1
511545,Icebox,2025-07-17 11:00:00,FUT Esports,Gentle Mates,0.1788617886178862,0.0,0.0,21.217090069284065,0
511545,Fracture,2025-07-17 11:00:00,FUT Esports,Gentle Mates,0.1788617886178862,0.0,0.0,21.18957345971564,1
511545,Lotus,2025-07-17 11:00:00,FUT Esports,Gentle Mates,0.1788617886178862,0.0,0.0,21.276412776412776,1
511546,Bind,2025-07-17 14:30:00,Team Liquid,KOI,0.2477272727272727,0.0,0.0,21.575418994413408,1
511546,Icebox,2025-07-17 14:30:00,Team Liquid,KOI,0.2477272727272727,0.0,0.0,21.217090069284065,0
511546,Lotus,2025-07-17 14:30:00,Team Liquid,KOI,0.2477272727272727,0.0,0.0,21.276412776412776,1
511546,Split,2025-07-17 14:30:00,Team Liquid,KOI,0.2477272727272727,0.0,0.0,21.295289855072465,1
511546,Lotus,2025-07-17 14:30:00,Team Liquid,KOI,0.2477272727272727,0.0,0.0,21.276412776412776,1
511546,Fracture,2025-07-17 14:30:00,Team Liquid,KOI,0.2477272727272727,0.0,0.0,21.18957345971564,0
511546,Abyss,2025-07-17 14:30:00,Team Liquid,KOI,0.2477272727272727,0.0,0.0,21.180487804878048,1
511546,Bind,2025-07-17 14:30:00,Team Liquid,KOI,0.2477272727272727,0.0,0.0,21.575418994413408,1
508821,Icebox,2025-07-18 04:00:00,DRX,Nongshim RedForce,0.012411347517730431,0.0,0.0,21.217090069284065,1
508821,Bind,2025-07-18 04:00:00,DRX,Nongshim RedForce,0.012411347517730431,0.0,0.0,21.575418994413408,0
508821,Lotus,2025-07-18 04:00:00,DRX,Nongshim RedForce,0.012411347517730431,0.0,0.0,21.276412776412776,1
508821,Lotus,2025-07-18 04:00:00,DRX,Nongshim RedForce,0.012411347517730431,0.0,0.0,21.276412776412776,1
508821,Pearl,2025-07-18 04:00:00,DRX,Nongshim RedForce,0.012411347517730431,0.0,0.0,21.221830985915492,0
508821,Fracture,2025-07-18 04:00:00,DRX,Nongshim RedForce,0.012411347517730431,0.0,0.0,21.18957345971564,1
508822,Ascent,2025-07-18 07:10:00,BOOM Esports,T1,0.09523809523809523,0.0,0.0,21.038961038961038,0
508822,Corrode,2025-07-18 07:10:00,BOOM Esports,T1,0.09523809523809523,0.0,0.0,21.65277777777778,0
508822,Pearl,2025-07-18 07:10:00,BOOM Esports,T1,0.09523809523809523,0.0,0.0,21.221830985915492,0
508822,Bind,2025-07-18 07:10:00,BOOM Esports,T1,0.09523809523809523,0.0,0.0,21.575418994413408,1
508822,Fracture,2025-07-18 07:10:00,BOOM Esports,T1,0.09523809523809523,0.0,0.0,21.18957345971564,0
511547,Icebox,2025-07-18 11:00:00,Team Heretics,BBL Esports,0.22909090909090912,0.0,0.0,21.217090069284065,0
511547,Haven,2025-07-18 11:00:00,Team Heretics,BBL Esports,0.22909090909090912,0.0,0.0,21.159926470588236,1
511547,Sunset,2025-07-18 11:00:00,Team Heretics,BBL Esports,0.22909090909090912,0.0,0.0,21.045673076923077,1
511547,Icebox,2025-07-18 11:00:00,Team Heretics,BBL Esports,0.22909090909090912,0.0,0.0,21.217090069284065,0
511547,Ascent,2025-07-18 11:00:00,Team Heretics,BBL Esports,0.22909090909090912,0.0,0.0,21.038961038961038,0
511547,Icebox,2025-07-18 11:00:00,Team Heretics,BBL Esports,0.22909090909090912,0.0,0.0,21.217090069284065,1
511547,Ascent,2025-07-18 11:00:00,Team Heretics,BBL Esports,0.22909090909090912,0.0,0.0,21.038961038961038,1
509801,Haven,2025-07-18 17:00:00,Cloud9,FURIA,0.37,0.0,0.0,21.159926470588236,1
509801,Bind,2025-07-18 17:00:00,Cloud9,FURIA,0.37,0.0,0.0,21.575418994413408,1
509802,Bind,2025-07-18 19:10:00,LEVIATÁN,LOUD,0.3404605263157895,0.0,0.0,21.575418994413408,1
509802,Ascent,2025-07-18 19:10:00,LEVIATÁN,LOUD,0.3404605263157895,0.0,0.0,21.038961038961038,0
509802,Icebox,2025-07-18 19:10:00,LEVIATÁN,LOUD,0.3404605263157895,0.0,0.0,21.217090069284065,0
508823,Bind,2025-07-19 04:00:00,Global Esports,Team Secret,-0.20727272727272728,0.0,0.0,21.575418994413408,0
508823,Corrode,2025-07-19 04:00:00,Global Esports,Team Secret,-0.20727272727272728,0.0,0.0,21.65277777777778,1
508823,Lotus,2025-07-19 04:00:00,Global Esports,Team Secret,-0.20727272727272728,0.0,0.0,21.276412776412776,0
508823,Abyss,2025-07-19 04:00:00,Global Esports,Team Secret,-0.20727272727272728,0.0,0.0,21.180487804878048,0
508823,Split,2025-07-19 04:00:00,Global Esports,Team Secret,-0.20727272727272728,0.0,0.0,21.295289855072465,1
508823,Pearl,2025-07-19 04:00:00,Global Esports,Team Secret,-0.20727272727272728,0.0,0.0,21.221830985915492,1
508824,Haven,2025-07-19 07:20:00,Paper Rex,DetonatioN FocusMe,0.45611285266457685,0.0,0.0,21.159926470588236,1
508824,Lotus,2025-07-19 07:20:00,Paper Rex,DetonatioN FocusMe,0.45611285266457685,0.0,0.0,21.276412776412776,1
509803,Sunset,2025-07-19 17:00:00,Evil Geniuses,2Game Esports,0.1970443349753695,0.0,0.0,21.045673076923077,0
509803,Lotus,2025-07-19 17:00:00,Evil Geniuses,2Game Esports,0.1970443349753695,0.0,0.0,21.276412776412776,1
509803,Ascent,2025-07-19 17:00:00,Evil Geniuses,2Game Esports,0.1970443349753695,0.0,0.0,21.038961038961038,1
508826,Ascent,2025-07-20 06:00:00,Rex Regum Qeon,Gen.G,-0.38281706604324955,0.0,0.0,21.038961038961038,0
508826,Haven,2025-07-20 06:00:00,Rex Regum Qeon,Gen.G,-0.38281706604324955,0.0,0.0,21.159926470588236,1
508826,Sunset,2025-07-20 06:00:00,Rex Regum Qeon,Gen.G,-0.38281706604324955,0.0,0.0,21.045673076923077,1
508826,Haven,2025-07-20 06:00:00,Rex Regum Qeon,Gen.G,-0.38281706604324955,0.0,0.0,21.159926470588236,0
508826,Sunset,2025-07-20 06:00:00,Rex Regum Qeon,Gen.G,-0.38281706604324955,0.0,0.0,21.045673076923077,1
508826,Corrode,2025-07-20 06:00:00,Rex Regum Qeon,Gen.G,-0.38281706604324955,0.0,0.0,21.65277777777778,1
509805,Bind,2025-07-20 17:00:00,100 Thieves,NRG,0.04201680672268909,0.0,0.0,21.575418994413408,1
509805,Sunset,2025-07-20 17:00:00,100 Thieves,NRG,0.04201680672268909,0.0,0.0,21.045673076923077,1
509805,Fracture,2025-07-20 17:00:00,100 Thieves,NRG,0.04201680672268909,0.0,0.0,21.18957345971564,1
509805,Haven,2025-07-20 17:00:00,100 Thieves,NRG,0.04201680672268909,0.0,0.0,21.159926470588236,1
509805,Lotus,2025-07-20 17:00:00,100 Thieves,NRG,0.04201680672268909,0.0,0.0,21.276412776412776,1
509805,Pearl,2025-07-20 17:00:00,100 Thieves,NRG,0.04201680672268909,0.0,0.0,21.221830985915492,0
509805,Bind,2025-07-20 17:00:00,100 Thieves,NRG,0.04201680672268909,0.0,0.0,21.575418994413408,0
509806,Corrode,2025-07-20 19:00:00,Sentinels,G2 Esports,-0.14406207827260453,0.0,0.0,21.65277777777778,1
509806,Ascent,2025-07-20 19:00:00,Sentinels,G2 Esports,-0.14406207827260453,0.0,0.0,21.038961038961038,0
509806,Lotus,2025-07-20 19:00:00,Sentinels,G2 Esports,-0.14406207827260453,0.0,0.0,21.276412776412776,1
509806,Bind,2025-07-20 19:00:00,Sentinels,G2 Esports,-0.14406207827260453,0.0,0.0,21.575418994413408,0
509806,Sunset,2025-07-20 19:00:00,Sentinels,G2 Esports,-0.14406207827260453,0.0,0.0,21.045673076923077,0
509806,Haven,2025-07-20 19:00:00,Sentinels,G2 Esports,-0.14406207827260453,0.0,0.0,21.159926470588236,0
509806,Split,2025-07-20 19:00:00,Sentinels,G2 Esports,-0.14406207827260453,0.0,0.0,21.295289855072465,0
509806,Pearl,2025-07-20 19:00:00,Sentinels,G2 Esports,-0.14406207827260453,0.0,0.0,21.221830985915492,1
509806,Ascent,2025-07-20 19:00:00,Sentinels,G2 Esports,-0.14406207827260453,0.0,0.0,21.038961038961038,0
509806,Abyss,2025-07-20 19:00:00,Sentinels,G2 Esports,-0.14406207827260453,0.0,0.0,21.180487804878048,0
509806,Pearl,2025-07-20 19:00:00,Sentinels,G2 Esports,-0.14406207827260453,0.0,0.0,21.221830985915492,0
511549,Icebox,2025-07-23 11:00:00,Apeks,Karmine Corp,-0.36363636363636365,0.0,0.0,21.217090069284065,0
511549,Sunset,2025-07-23 11:00:00,Apeks,Karmine Corp,-0.36363636363636365,0.0,0.0,21.045673076923077,1
511549,Lotus,2025-07-23 11:00:00,Apeks,Karmine Corp,-0.36363636363636365,0.0,0.0,21.276412776412776,0
511550,Icebox,2025-07-23 14:30:00,GIANTX,BBL Esports,-0.032967032967033016,0.0,0.0,21.217090069284065,1
511550,Lotus,2025-07-23 14:30:00,GIANTX,BBL Esports,-0.032967032967033016,0.0,0.0,21.276412776412776,0
511550,Corrode,2025-07-23 14:30:00,GIANTX,BBL Esports,-0.032967032967033016,0.0,0.0,21.65277777777778,1
511551,Corrode,2025-07-24 11:00:00,Team Liquid,Natus Vincere,0.09494773519163763,0.0,0.0,21.65277777777778,1
511551,Sunset,2025-07-24 11:00:00,Team Liquid,Natus Vincere,0.09494773519163763,0.0,0.0,21.045673076923077,1
511551,Icebox,2025-07-24 11:00:00,Team Liquid,Natus Vincere,0.09494773519163763,0.0,0.0,21.217090069284065,0
511551,Split,2025-07-24 11:00:00,Team Liquid,Natus Vincere,0.09494773519163763,0.0,0.0,21.295289855072465,1
511551,Ascent,2025-07-24 11:00:00,Team Liquid,Natus Vincere,0.09494773519163763,0.0,0.0,21.038961038961038,1
511552,Corrode,2025-07-24 13:05:00,Gentle Mates,Team Heretics,-0.3961038961038961,0.0,0.0,21.65277777777778,0
511552,Ascent,2025-07-24 13:05:00,Gentle Mates,Team Heretics,-0.3961038961038961,0.0,0.0,21.038961038961038,1
511552,Bind,2025-07-24 13:05:00,Gentle Mates,Team Heretics,-0.3961038961038961,0.0,0.0,21.575418994413408,0
508828,Icebox,2025-07-25 04:00:00,Gen.G,Global Esports,0.5224637681159421,0.0,0.0,21.217090069284065,0
508828,Haven,2025-07-25 04:00:00,Gen.G,Global Esports,0.5224637681159421,0.0,0.0,21.159926470588236,1
508828,Corrode,2025-07-25 04:00:00,Gen.G,Global Esports,0.5224637681159421,0.0,0.0,21.65277777777778,1
508828,Haven,2025-07-25 04:00:00,Gen.G,Global Esports,0.5224637681159421,0.0,0.0,21.159926470588236,1
508828,Pearl,2025-07-25 04:00:00,Gen.G,Global Esports,0.5224637681159421,0.0,0.0,21.221830985915492,1
511553,Haven,2025-07-25 11:00:00,FUT Esports,Team Vitality,0.023809523809523836,0.0,0.0,21.159926470588236,0
511553,Lotus,2025-07-25 11:00:00,FUT Esports,Team Vitality,0.023809523809523836,0.0,0.0,21.276412776412776,0
511553,Split,2025-07-25 11:00:00,FUT Esports,Team Vitality,0.023809523809523836,0.0,0.0,21.295289855072465,1
511553,Fracture,2025-07-25 11:00:00,FUT Esports,Team Vitality,0.023809523809523836,0.0,0.0,21.18957345971564,1
511553,Bind,2025-07-25 11:00:00,FUT Esports,Team Vitality,0.023809523809523836,0.0,0.0,21.575418994413408,0
511553,Split,2025-07-25 11:00:00,FUT Esports,Team Vitality,0.023809523809523836,0.0,0.0,21.295289855072465,0
509807,Ascent,2025-07-25 17:00:00,2Game Esports,G2 Esports,-0.43965517241379315,0.0,0.0,21.038961038961038,0
509807,Haven,2025-07-25 17:00:00,2Game Esports,G2 Esports,-0.43965517241379315,0.0,0.0,21.159926470588236,0
509808,Sunset,2025-07-25 19:10:00,FURIA,Sentinels,-0.42318059299191374,0.0,0.0,21.045673076923077,0
509808,Icebox,2025-07-25 19:10:00,FURIA,Sentinels,-0.42318059299191374,0.0,0.0,21.217090069284065,0
508830,Corrode,2025-07-26 04:00:00,T1,ZETA DIVISION,0.12693798449612403,0.0,0.0,21.65277777777778,1
508830,Sunset,2025-07-26 04:00:00,T1,ZETA DIVISION,0.12693798449612403,0.0,0.0,21.045673076923077,1
508830,Fracture,2025-07-26 04:00:00,T1,ZETA DIVISION,0.12693798449612403,0.0,0.0,21.18957345971564,1
508830,Split,2025-07-26 04:00:00,T1,ZETA DIVISION,0.12693798449612403,0.0,0.0,21.295289855072465,0
508830,Haven,2025-07-26 04:00:00,T1,ZETA DIVISION,0.12693798449612403,0.0,0.0,21.159926470588236,1
508831,Corrode,2025-07-26 06:05:00,Rex Regum Qeon,Nongshim RedForce,-0.10512820512820509,0.0,0.0,21.65277777777778,0
508831,Haven,2025-07-26 06:05:00,Rex Regum Qeon,Nongshim RedForce,-0.10512820512820509,0.0,0.0,21.159926470588236,1
508831,Icebox,2025-07-26 06:05:00,Rex Regum Qeon,Nongshim RedForce,-0.10512820512820509,0.0,0.0,21.217090069284065,1
509810,Haven,2025-07-26 19:00:00,NRG,LOUD,0.05015673981191221,0.0,0.0,21.159926470588236,1
509810,Corrode,2025-07-26 19:00:00,NRG,LOUD,0.05015673981191221,0.0,0.0,21.65277777777778,1
508832,Corrode,2025-07-27 04:00:00,DRX,Team Secret,0.10416666666666663,0.0,0.0,21.65277777777778,1
508832,Icebox,2025-07-27 04:00:00,DRX,Team Secret,0.10416666666666663,0.0,0.0,21.217090069284065,1
508833,Bind,2025-07-27 06:00:00,BOOM Esports,Paper Rex,-0.1895223420647149,0.0,0.0,21.575418994413408,0
508833,Lotus,2025-07-27 06:00:00,BOOM Esports,Paper Rex,-0.1895223420647149,0.0,0.0,21.276412776412776,0
508833,Lotus,2025-07-27 06:00:00,BOOM Esports,Paper Rex,-0.1895223420647149,0.0,0.0,21.276412776412776,0
508833,Fracture,2025-07-27 06:00:00,BOOM Esports,Paper Rex,-0.1895223420647149,0.0,0.0,21.18957345971564,0
509811,Lotus,2025-07-27 17:00:00,Cloud9,Evil Geniuses,0.038461538461538436,0.0,0.0,21.276412776412776,1
509811,Haven,2025-07-27 17:00:00,Cloud9,Evil Geniuses,0.038461538461538436,0.0,0.0,21.159926470588236,1
509811,Fracture,2025-07-27 17:00:00,Cloud9,Evil Geniuses,0.038461538461538436,0.0,0.0,21.18957345971564,0
509811,Icebox,2025-07-27 17:00:00,Cloud9,Evil Geniuses,0.038461538461538436,0.0,0.0,21.217090069284065,0
509812,Lotus,2025-07-27 19:25:00,MIBR,LEVIATÁN,-0.3333333333333333,0.0,0.0,21.276412776412776,0
509812,Sunset,2025-07-27 19:25:00,MIBR,LEVIATÁN,-0.3333333333333333,0.0,0.0,21.045673076923077,0
509812,Split,2025-07-27 19:25:00,MIBR,LEVIATÁN,-0.3333333333333333,0.0,0.0,21.295289855072465,1
509812,Icebox,2025-07-27 19:25:00,MIBR,LEVIATÁN,-0.3333333333333333,0.0,0.0,21.217090069284065,1
511562,Sunset,2025-07-30 11:00:00,FUT Esports,GIANTX,0.057082452431289676,0.0,0.0,21.045673076923077,0
511562,Haven,2025-07-30 11:00:00,FUT Esports,GIANTX,0.057082452431289676,0.0,0.0,21.159926470588236,1
511562,Bind,2025-07-30 11:00:00,FUT Esports,GIANTX,0.057082452431289676,0.0,0.0,21.575418994413408,1
511563,Sunset,2025-07-30 14:10:00,Gentle Mates,BBL Esports,-0.14009661835748788,0.0,0.0,21.045673076923077,0
511563,Lotus,2025-07-30 14:10:00,Gentle Mates,BBL Esports,-0.14009661835748788,0.0,0.0,21.276412776412776,0
511563,Lotus,2025-07-30 14:10:00,Gentle Mates,BBL Esports,-0.14009661835748788,0.0,0.0,21.276412776412776,0
511563,Haven,2025-07-30 14:10:00,Gentle Mates,BBL Esports,-0.14009661835748788,0.0,0.0,21.159926470588236,0
511564,Ascent,2025-07-31 11:00:00,Team Liquid,Apeks,0.5,0.0,0.0,21.038961038961038,1
511564,Corrode,2025-07-31 11:00:00,Team Liquid,Apeks,0.5,0.0,0.0,21.65277777777778,0
511564,Lotus,2025-07-31 11:00:00,Team Liquid,Apeks,0.5,0.0,0.0,21.276412776412776,1
511564,Abyss,2025-07-31 11:00:00,Team Liquid,Apeks,0.5,0.0,0.0,21.180487804878048,1
511564,Pearl,2025-07-31 11:00:00,Team Liquid,Apeks,0.5,0.0,0.0,21.221830985915492,0
511564,Haven,2025-07-31 11:00:00,Team Liquid,Apeks,0.5,0.0,0.0,21.159926470588236,1
511565,Lotus,2025-07-31 14:40:00,KOI,Karmine Corp,-0.17401960784313722,0.0,0.0,21.276412776412776,1
511565,Sunset,2025-07-31 14:40:00,KOI,Karmine Corp,-0.17401960784313722,0.0,0.0,21.045673076923077,0
511565,Haven,2025-07-31 14:40:00,KOI,Karmine Corp,-0.17401960784313722,0.0,0.0,21.159926470588236,0
511565,Lotus,2025-07-31 14:40:00,KOI,Karmine Corp,-0.17401960784313722,0.0,0.0,21.276412776412776,0
511565,Icebox,2025-07-31 14:40:00,KOI,Karmine Corp,-0.17401960784313722,0.0,0.0,21.217090069284065,0
508834,Lotus,2025-08-01 04:00:00,Gen.G,Team Secret,0.3054037644201579,0.0,0.0,21.276412776412776,1
508834,Ascent,2025-08-01 04:00:00,Gen.G,Team Secret,0.3054037644201579,0.0,0.0,21.038961038961038,1
511567,Haven,2025-08-01 14:40:00,Team Vitality,Team Heretics,-0.20647773279352233,0.0,0.0,21.159926470588236,0
511567,Ascent,2025-08-01 14:40:00,Team Vitality,Team Heretics,-0.20647773279352233,0.0,0.0,21.038961038961038,0
511567,Haven,2025-08-01 14:40:00,Team Vitality,Team Heretics,-0.20647773279352233,0.0,0.0,21.159926470588236,0
511567,Icebox,2025-08-01 14:40:00,Team Vitality,Team Heretics,-0.20647773279352233,0.0,0.0,21.217090069284065,0
511567,Haven,2025-08-01 14:40:00,Team Vitality,Team Heretics,-0.20647773279352233,0.0,0.0,21.159926470588236,1
511567,Abyss,2025-08-01 14:40:00,Team Vitality,Team Heretics,-0.20647773279352233,0.0,0.0,21.180487804878048,1
509813,Corrode,2025-08-01 17:00:00,2Game Esports,FURIA,0.08585858585858586,0.0,0.0,21.65277777777778,0
509813,Sunset,2025-08-01 17:00:00,2Game Esports,FURIA,0.08585858585858586,0.0,0.0,21.045673076923077,1
509813,Ascent,2025-08-01 17:00:00,2Game Esports,FURIA,0.08585858585858586,0.0,0.0,21.038961038961038,1
509813,Haven,2025-08-01 17:00:00,2Game Esports,FURIA,0.08585858585858586,0.0,0.0,21.159926470588236,0
509813,Lotus,2025-08-01 17:00:00,2Game Esports,FURIA,0.08585858585858586,0.0,0.0,21.276412776412776,0
509814,Lotus,2025-08-01 20:05:00,LEVIATÁN,NRG,0.2416666666666667,0.0,0.0,21.276412776412776,0
509814,Haven,2025-08-01 20:05:00,LEVIATÁN,NRG,0.2416666666666667,0.0,0.0,21.159926470588236,1
509814,Icebox,2025-08-01 20:05:00,LEVIATÁN,NRG,0.2416666666666667,0.0,0.0,21.217090069284065,0
509814,Fracture,2025-08-01 20:05:00,LEVIATÁN,NRG,0.2416666666666667,0.0,0.0,21.18957345971564,0
509814,Icebox,2025-08-01 20:05:00,LEVIATÁN,NRG,0.2416666666666667,0.0,0.0,21.217090069284065,0
508836,Lotus,2025-08-02 04:00:00,BOOM Esports,DetonatioN FocusMe,0.20833333333333334,0.0,0.0,21.276412776412776,0
508836,Corrode,2025-08-02 04:00:00,BOOM Esports,DetonatioN FocusMe,0.20833333333333334,0.0,0.0,21.65277777777778,0
508837,Bind,2025-08-02 06:05:00,Rex Regum Qeon,DRX,-0.16063199473337725,0.0,0.0,21.575418994413408,0
508837,Ascent,2025-08-02 06:05:00,Rex Regum Qeon,DRX,-0.16063199473337725,0.0,0.0,21.038961038961038,0
508837,Fracture,2025-08-02 06:05:00,Rex Regum Qeon,DRX,-0.16063199473337725,0.0,0.0,21.18957345971564,0
508837,Icebox,2025-08-02 06:05:00,Rex Regum Qeon,DRX,-0.16063199473337725,0.0,0.0,21.217090069284065,1
508837,Lotus,2025-08-02 06:05:00,Rex Regum Qeon,DRX,-0.16063199473337725,0.0,0.0,21.276412776412776,1
509815,Lotus,2025-08-02 17:00:00,Sentinels,Cloud9,0.01851851851851849,0.0,0.0,21.276412776412776,1
509815,Haven,2025-08-02 17:00:00,Sentinels,Cloud9,0.01851851851851849,0.0,0.0,21.159926470588236,1
509815,Corrode,2025-08-02 17:00:00,Sentinels,Cloud9,0.01851851851851849,0.0,0.0,21.65277777777778,1
509815,Icebox,2025-08-02 17:00:00,Sentinels,Cloud9,0.01851851851851849,0.0,0.0,21.217090069284065,0
509815,Lotus,2025-08-02 17:00:00,Sentinels,Cloud9,0.01851851851851849,0.0,0.0,21.276412776412776,1
509815,Ascent,2025-08-02 17:00:00,Sentinels,Cloud9,0.01851851851851849,0.0,0.0,21.038961038961038,1
509815,Pearl,2025-08-02 17:00:00,Sentinels,Cloud9,0.01851851851851849,0.0,0.0,21.221830985915492,1
509816,Icebox,2025-08-02 19:15:00,MIBR,100 Thieves,-0.1764705882352941,0.0,0.0,21.217090069284065,1
509816,Bind,2025-08-02 19:15:00,MIBR,100 Thieves,-0.1764705882352941,0.0,0.0,21.575418994413408,1
509816,Split,2025-08-02 19:15:00,MIBR,100 Thieves,-0.1764705882352941,0.0,0.0,21.295289855072465,1
509816,Icebox,2025-08-02 19:15:00,MIBR,100 Thieves,-0.1764705882352941,0.0,0.0,21.217090069284065,1
509816,Lotus,2025-08-02 19:15:00,MIBR,100 Thieves,-0.1764705882352941,0.0,0.0,21.276412776412776,0
509816,Bind,2025-08-02 19:15:00,MIBR,100 Thieves,-0.1764705882352941,0.0,0.0,21.575418994413408,0
508838,Corrode,2025-08-03 04:00:00,Nongshim RedForce,Global Esports,0.25,0.0,0.0,21.65277777777778,1
508838,Bind,2025-08-03 04:00:00,Nongshim RedForce,Global Esports,0.25,0.0,0.0,21.575418994413408,1
508839,Lotus,2025-08-03 06:10:00,Paper Rex,ZETA DIVISION,0.37,0.0,0.0,21.276412776412776,0
508839,Sunset,2025-08-03 06:10:00,Paper Rex,ZETA DIVISION,0.37,0.0,0.0,21.045673076923077,0
508839,Lotus,2025-08-03 06:10:00,Paper Rex,ZETA DIVISION,0.37,0.0,0.0,21.276412776412776,1
508839,Fracture,2025-08-03 06:10:00,Paper Rex,ZETA DIVISION,0.37,0.0,0.0,21.18957345971564,1
509817,Corrode,2025-08-03 17:00:00,G2 Esports,Evil Geniuses,0.21104428649535267,0.0,0.0,21.65277777777778,0
509817,Haven,2025-08-03 17:00:00,G2 Esports,Evil Geniuses,0.21104428649535267,0.0,0.0,21.159926470588236,1
509817,Ascent,2025-08-03 17:00:00,G2 Esports,Evil Geniuses,0.21104428649535267,0.0,0.0,21.038961038961038,1
509817,Lotus,2025-08-03 17:00:00,G2 Esports,Evil Geniuses,0.21104428649535267,0.0,0.0,21.276412776412776,0
509817,Split,2025-08-03 17:00:00,G2 Esports,Evil Geniuses,0.21104428649535267,0.0,0.0,21.295289855072465,1
509817,Pearl,2025-08-03 17:00:00,G2 Esports,Evil Geniuses,0.21104428649535267,0.0,0.0,21.221830985915492,1
511568,Haven,2025-08-06 11:00:00,FUT Esports,Team Heretics,-0.20141065830721006,0.0,0.0,21.159926470588236,0
511568,Bind,2025-08-06 11:00:00,FUT Esports,Team Heretics,-0.20141065830721006,0.0,0.0,21.575418994413408,0
511569,Lotus,2025-08-06 13:35:00,KOI,Apeks,0.2,0.0,0.0,21.276412776412776,0
511569,Ascent,2025-08-06 13:35:00,KOI,Apeks,0.2,0.0,0.0,21.038961038961038,1
511569,Haven,2025-08-06 13:35:00,KOI,Apeks,0.2,0.0,0.0,21.159926470588236,1
511570,Corrode,2025-08-07 11:00:00,Gentle Mates,GIANTX,-0.14311594202898548,0.0,0.0,21.65277777777778,1
511570,Ascent,2025-08-07 11:00:00,Gentle Mates,GIANTX,-0.14311594202898548,0.0,0.0,21.038961038961038,0
511570,Haven,2025-08-07 11:00:00,Gentle Mates,GIANTX,-0.14311594202898548,0.0,0.0,21.159926470588236,0
511571,Sunset,2025-08-07 14:00:00,Natus Vincere,Karmine Corp,-0.03333333333333338,0.0,0.0,21.045673076923077,1
511571,Corrode,2025-08-07 14:00:00,Natus Vincere,Karmine Corp,-0.03333333333333338,0.0,0.0,21.65277777777778,1
511571,Icebox,2025-08-07 14:00:00,Natus Vincere,Karmine Corp,-0.03333333333333338,0.0,0.0,21.217090069284065,0
511571,Split,2025-08-07 14:00:00,Natus Vincere,Karmine Corp,-0.03333333333333338,0.0,0.0,21.295289855072465,1
511571,Ascent,2025-08-07 14:00:00,Natus Vincere,Karmine Corp,-0.03333333333333338,0.0,0.0,21.038961038961038,1
508840,Lotus,2025-08-08 04:00:00,Gen.G,Nongshim RedForce,0.25698924731182793,0.0,0.0,21.276412776412776,0
508840,Ascent,2025-08-08 04:00:00,Gen.G,Nongshim RedForce,0.25698924731182793,0.0,0.0,21.038961038961038,0
511572,Lotus,2025-08-08 11:00:00,Team Vitality,BBL Esports,0.0357142857142857,0.0,0.0,21.276412776412776,1
511572,Icebox,2025-08-08 11:00:00,Team Vitality,BBL Esports,0.0357142857142857,0.0,0.0,21.217090069284065,0
511572,Bind,2025-08-08 11:00:00,Team Vitality,BBL Esports,0.0357142857142857,0.0,0.0,21.575418994413408,0
509819,Bind,2025-08-08 17:00:00,Cloud9,2Game Esports,0.2357142857142857,0.0,0.0,21.575418994413408,1
509819,Lotus,2025-08-08 17:00:00,Cloud9,2Game Esports,0.2357142857142857,0.0,0.0,21.276412776412776,1
509820,Abyss,2025-08-08 19:00:00,MIBR,NRG,-0.10875576036866358,0.0,0.0,21.180487804878048,0
509820,Haven,2025-08-08 19:00:00,MIBR,NRG,-0.10875576036866358,0.0,0.0,21.159926470588236,1
509820,Corrode,2025-08-08 19:00:00,MIBR,NRG,-0.10875576036866358,0.0,0.0,21.65277777777778,0
509820,Lotus,2025-08-08 19:00:00,MIBR,NRG,-0.10875576036866358,0.0,0.0,21.276412776412776,0
509820,Bind,2025-08-08 19:00:00,MIBR,NRG,-0.10875576036866358,0.0,0.0,21.575418994413408,0
508842,Lotus,2025-08-09 04:00:00,DRX,Global Esports,0.38,0.0,0.0,21.276412776412776,1
508842,Icebox,2025-08-09 04:00:00,DRX,Global Esports,0.38,0.0,0.0,21.217090069284065,1
508842,Ascent,2025-08-09 04:00:00,DRX,Global Esports,0.38,0.0,0.0,21.038961038961038,1
508842,Split,2025-08-09 04:00:00,DRX,Global Esports,0.38,0.0,0.0,21.295289855072465,1
508843,Lotus,2025-08-09 06:25:00,BOOM Esports,ZETA DIVISION,0.07692307692307693,0.0,0.0,21.276412776412776,1
508843,Corrode,2025-08-09 06:25:00,BOOM Esports,ZETA DIVISION,0.07692307692307693,0.0,0.0,21.65277777777778,0
508843,Ascent,2025-08-09 06:25:00,BOOM Esports,ZETA DIVISION,0.07692307692307693,0.0,0.0,21.038961038961038,0
509821,Lotus,2025-08-09 17:00:00,Sentinels,Evil Geniuses,0.11306818181818179,0.0,0.0,21.276412776412776,1
509821,Corrode,2025-08-09 17:00:00,Sentinels,Evil Geniuses,0.11306818181818179,0.0,0.0,21.65277777777778,1
508844,Ascent,2025-08-10 04:00:00,Rex Regum Qeon,Team Secret,-0.0267857142857143,0.0,0.0,21.038961038961038,0
508844,Icebox,2025-08-10 04:00:00,Rex Regum Qeon,Team Secret,-0.0267857142857143,0.0,0.0,21.217090069284065,1
508844,Sunset,2025-08-10 04:00:00,Rex Regum Qeon,Team Secret,-0.0267857142857143,0.0,0.0,21.045673076923077,1
508844,Haven,2025-08-10 04:00:00,Rex Regum Qeon,Team Secret,-0.0267857142857143,0.0,0.0,21.159926470588236,1
508844,Ascent,2025-08-10 04:00:00,Rex Regum Qeon,Team Secret,-0.0267857142857143,0.0,0.0,21.038961038961038,0
508844,Lotus,2025-08-10 04:00:00,Rex Regum Qeon,Team Secret,-0.0267857142857143,0.0,0.0,21.276412776412776,0
508844,Lotus,2025-08-10 04:00:00,Rex Regum Qeon,Team Secret,-0.0267857142857143,0.0,0.0,21.276412776412776,0
508844,Pearl,2025-08-10 04:00:00,Rex Regum Qeon,Team Secret,-0.0267857142857143,0.0,0.0,21.221830985915492,1
508844,Haven,2025-08-10 04:00:00,Rex Regum Qeon,Team Secret,-0.0267857142857143,0.0,0.0,21.159926470588236,1
508845,Sunset,2025-08-10 07:05:00,T1,DetonatioN FocusMe,0.18222222222222223,0.0,0.0,21.045673076923077,1
508845,Haven,2025-08-10 07:05:00,T1,DetonatioN FocusMe,0.18222222222222223,0.0,0.0,21.159926470588236,1
509823,Corrode,2025-08-10 17:00:00,FURIA,G2 Esports,-0.5695652173913043,0.0,0.0,21.65277777777778,0
509823,Ascent,2025-08-10 17:00:00,FURIA,G2 Esports,-0.5695652173913043,0.0,0.0,21.038961038961038,0
509824,Sunset,2025-08-10 19:00:00,LOUD,100 Thieves,-0.14362934362934365,0.0,0.0,21.045673076923077,1
509824,Bind,2025-08-10 19:00:00,LOUD,100 Thieves,-0.14362934362934365,0.0,0.0,21.575418994413408,0
509824,Lotus,2025-08-10 19:00:00,LOUD,100 Thieves,-0.14362934362934365,0.0,0.0,21.276412776412776,0
530355,Bind,2025-08-13 06:35:00,Rex Regum Qeon,T1,0.01976284584980237,0.0,0.0,21.575418994413408,0
530355,Haven,2025-08-13 06:35:00,Rex Regum Qeon,T1,0.01976284584980237,0.0,0.0,21.159926470588236,1
530355,Sunset,2025-08-13 06:35:00,Rex Regum Qeon,T1,0.01976284584980237,0.0,0.0,21.045673076923077,0
511575,Icebox,2025-08-13 11:00:00,KOI,Natus Vincere,-0.1563275434243176,0.0,0.0,21.217090069284065,0
511575,Corrode,2025-08-13 11:00:00,KOI,Natus Vincere,-0.1563275434243176,0.0,0.0,21.65277777777778,1
511575,Ascent,2025-08-13 11:00:00,KOI,Natus Vincere,-0.1563275434243176,0.0,0.0,21.038961038961038,0
530357,Sunset,2025-08-14 07:10:00,Paper Rex,T1,0.19835277968428278,0.0,0.0,21.045673076923077,1
530357,Bind,2025-08-14 07:10:00,Paper Rex,T1,0.19835277968428278,0.0,0.0,21.575418994413408,1
530357,Bind,2025-08-14 07:10:00,Paper Rex,T1,0.19835277968428278,0.0,0.0,21.575418994413408,0
530357,Fracture,2025-08-14 07:10:00,Paper Rex,T1,0.19835277968428278,0.0,0.0,21.18957345971564,1
530357,Split,2025-08-14 07:10:00,Paper Rex,T1,0.19835277968428278,0.0,0.0,21.295289855072465,0
511577,Ascent,2025-08-14 11:00:00,GIANTX,Team Heretics,-0.27048022598870053,0.0,0.0,21.038961038961038,0
511577,Haven,2025-08-14 11:00:00,GIANTX,Team Heretics,-0.27048022598870053,0.0,0.0,21.159926470588236,0
511579,Corrode,2025-08-14 13:05:00,Gentle Mates,Team Vitality,-0.20780487804878045,0.0,0.0,21.65277777777778,0
511579,Lotus,2025-08-14 13:05:00,Gentle Mates,Team Vitality,-0.20780487804878045,0.0,0.0,21.276412776412776,1
511579,Ascent,2025-08-14 13:05:00,Gentle Mates,Team Vitality,-0.20780487804878045,0.0,0.0,21.038961038961038,0
530358,Lotus,2025-08-15 04:00:00,Nongshim RedForce,DetonatioN FocusMe,0.2986425339366516,0.0,0.0,21.276412776412776,1
530358,Ascent,2025-08-15 04:00:00,Nongshim RedForce,DetonatioN FocusMe,0.2986425339366516,0.0,0.0,21.038961038961038,1
530359,Ascent,2025-08-15 06:05:00,Rex Regum Qeon,Gen.G,-0.3366013071895425,0.0,0.0,21.038961038961038,0
530359,Haven,2025-08-15 06:05:00,Rex Regum Qeon,Gen.G,-0.3366013071895425,0.0,0.0,21.159926470588236,1
530359,Sunset,2025-08-15 06:05:00,Rex Regum Qeon,Gen.G,-0.3366013071895425,0.0,0.0,21.045673076923077,1
530359,Haven,2025-08-15 06:05:00,Rex Regum Qeon,Gen.G,-0.3366013071895425,0.0,0.0,21.159926470588236,0
530359,Sunset,2025-08-15 06:05:00,Rex Regum Qeon,Gen.G,-0.3366013071895425,0.0,0.0,21.045673076923077,1
530359,Corrode,2025-08-15 06:05:00,Rex Regum Qeon,Gen.G,-0.3366013071895425,0.0,0.0,21.65277777777778,1
511580,Sunset,2025-08-15 11:00:00,FUT Esports,BBL Esports,0.028352490421455878,0.0,0.0,21.045673076923077,0
511580,Ascent,2025-08-15 11:00:00,FUT Esports,BBL Esports,0.028352490421455878,0.0,0.0,21.038961038961038,0
511581,Lotus,2025-08-15 13:30:00,Team Liquid,Karmine Corp,0.1338383838383838,0.0,0.0,21.276412776412776,1
511581,Bind,2025-08-15 13:30:00,Team Liquid,Karmine Corp,0.1338383838383838,0.0,0.0,21.575418994413408,0
511581,Sunset,2025-08-15 13:30:00,Team Liquid,Karmine Corp,0.1338383838383838,0.0,0.0,21.045673076923077,0
511581,Icebox,2025-08-15 13:30:00,Team Liquid,Karmine Corp,0.1338383838383838,0.0,0.0,21.217090069284065,0
511581,Lotus,2025-08-15 13:30:00,Team Liquid,Karmine Corp,0.1338383838383838,0.0,0.0,21.276412776412776,1
511581,Split,2025-08-15 13:30:00,Team Liquid,Karmine Corp,0.1338383838383838,0.0,0.0,21.295289855072465,1
509826,Haven,2025-08-15 20:05:00,100 Thieves,LEVIATÁN,-0.16666666666666663,0.0,0.0,21.159926470588236,1
509826,Sunset,2025-08-15 20:05:00,100 Thieves,LEVIATÁN,-0.16666666666666663,0.0,0.0,21.045673076923077,0
509826,Lotus,2025-08-15 20:05:00,100 Thieves,LEVIATÁN,-0.16666666666666663,0.0,0.0,21.276412776412776,0
530360,Ascent,2025-08-16 04:00:00,T1,Nongshim RedForce,-0.11805555555555558,0.0,0.0,21.038961038961038,1
530360,Lotus,2025-08-16 04:00:00,T1,Nongshim RedForce,-0.11805555555555558,0.0,0.0,21.276412776412776,1
530360,Icebox,2025-08-16 04:00:00,T1,Nongshim RedForce,-0.11805555555555558,0.0,0.0,21.217090069284065,1
530360,Split,2025-08-16 04:00:00,T1,Nongshim RedForce,-0.11805555555555558,0.0,0.0,21.295289855072465,1
530361,Icebox,2025-08-16 06:05:00,DRX,Rex Regum Qeon,0.1582417582417583,0.0,0.0,21.217090069284065,0
530361,Corrode,2025-08-16 06:05:00,DRX,Rex Regum Qeon,0.1582417582417583,0.0,0.0,21.65277777777778,0
509827,Corrode,2025-08-16 17:00:00,FURIA,Evil Geniuses,-0.32954545454545453,0.0,0.0,21.65277777777778,0
509827,Ascent,2025-08-16 17:00:00,FURIA,Evil Geniuses,-0.32954545454545453,0.0,0.0,21.038961038961038,0
509827,Abyss,2025-08-16 17:00:00,FURIA,Evil Geniuses,-0.32954545454545453,0.0,0.0,21.180487804878048,0
509827,Fracture,2025-08-16 17:00:00,FURIA,Evil Geniuses,-0.32954545454545453,0.0,0.0,21.18957345971564,0
509829,Sunset,2025-08-16 19:20:00,2Game Esports,Sentinels,-0.3165584415584416,0.0,0.0,21.045673076923077,1
509829,Lotus,2025-08-16 19:20:00,2Game Esports,Sentinels,-0.3165584415584416,0.0,0.0,21.276412776412776,0
509829,Haven,2025-08-16 19:20:00,2Game Esports,Sentinels,-0.3165584415584416,0.0,0.0,21.159926470588236,0
530363,Sunset,2025-08-17 06:00:00,T1,Rex Regum Qeon,-0.023242630385487517,0.0,0.0,21.045673076923077,1
530363,Haven,2025-08-17 06:00:00,T1,Rex Regum Qeon,-0.023242630385487517,0.0,0.0,21.159926470588236,0
530363,Ascent,2025-08-17 06:00:00,T1,Rex Regum Qeon,-0.023242630385487517,0.0,0.0,21.038961038961038,0
530363,Pearl,2025-08-17 06:00:00,T1,Rex Regum Qeon,-0.023242630385487517,0.0,0.0,21.221830985915492,1
530363,Icebox,2025-08-17 06:00:00,T1,Rex Regum Qeon,-0.023242630385487517,0.0,0.0,21.217090069284065,0
530363,Lotus,2025-08-17 06:00:00,T1,Rex Regum Qeon,-0.023242630385487517,0.0,0.0,21.276412776412776,0
509830,Ascent,2025-08-17 17:00:00,G2 Esports,Cloud9,0.15319389485585078,0.0,0.0,21.038961038961038,1
509830,Lotus,2025-08-17 17:00:00,G2 Esports,Cloud9,0.15319389485585078,0.0,0.0,21.276412776412776,1
509830,Icebox,2025-08-17 17:00:00,G2 Esports,Cloud9,0.15319389485585078,0.0,0.0,21.217090069284065,1
509830,Haven,2025-08-17 17:00:00,G2 Esports,Cloud9,0.15319389485585078,0.0,0.0,21.159926470588236,0
509830,Pearl,2025-08-17 17:00:00,G2 Esports,Cloud9,0.15319389485585078,0.0,0.0,21.221830985915492,1
509830,Lotus,2025-08-17 17:00:00,G2 Esports,Cloud9,0.15319389485585078,0.0,0.0,21.276412776412776,1
509830,Abyss,2025-08-17 17:00:00,G2 Esports,Cloud9,0.15319389485585078,0.0,0.0,21.180487804878048,1
509831,Icebox,2025-08-17 19:30:00,MIBR,LOUD,0.0,0.0,0.0,21.217090069284065,1
509831,Sunset,2025-08-17 19:30:00,MIBR,LOUD,0.0,0.0,0.0,21.045673076923077,1
530925,Bind,2025-08-21 14:15:00,GIANTX,Natus Vincere,0.03375,0.0,0.0,21.575418994413408,0
530925,Haven,2025-08-21 14:15:00,GIANTX,Natus Vincere,0.03375,0.0,0.0,21.159926470588236,1
530925,Ascent,2025-08-21 14:15:00,GIANTX,Natus Vincere,0.03375,0.0,0.0,21.038961038961038,1
530925,Icebox,2025-08-21 14:15:00,GIANTX,Natus Vincere,0.03375,0.0,0.0,21.217090069284065,0
530925,Sunset,2025-08-21 14:15:00,GIANTX,Natus Vincere,0.03375,0.0,0.0,21.045673076923077,1
530925,Haven,2025-08-21 14:15:00,GIANTX,Natus Vincere,0.03375,0.0,0.0,21.159926470588236,1
530902,Corrode,2025-08-21 17:00:00,LEVIATÁN,Cloud9,0.14108527131782944,0.0,0.0,21.65277777777778,0
530902,Haven,2025-08-21 17:00:00,LEVIATÁN,Cloud9,0.14108527131782944,0.0,0.0,21.159926470588236,1
530902,Lotus,2025-08-21 17:00:00,LEVIATÁN,Cloud9,0.14108527131782944,0.0,0.0,21.276412776412776,0
530902,Split,2025-08-21 17:00:00,LEVIATÁN,Cloud9,0.14108527131782944,0.0,0.0,21.295289855072465,0
530902,Ascent,2025-08-21 17:00:00,LEVIATÁN,Cloud9,0.14108527131782944,0.0,0.0,21.038961038961038,0
530903,Sunset,2025-08-21 20:45:00,G2 Esports,100 Thieves,0.22249793217535158,0.0,0.0,21.045673076923077,1
530903,Haven,2025-08-21 20:45:00,G2 Esports,100 Thieves,0.22249793217535158,0.0,0.0,21.159926470588236,1
530903,Haven,2025-08-21 20:45:00,G2 Esports,100 Thieves,0.22249793217535158,0.0,0.0,21.159926470588236,1
530903,Split,2025-08-21 20:45:00,G2 Esports,100 Thieves,0.22249793217535158,0.0,0.0,21.295289855072465,0
530903,Pearl,2025-08-21 20:45:00,G2 Esports,100 Thieves,0.22249793217535158,0.0,0.0,21.221830985915492,1
530928,Icebox,2025-08-22 11:00:00,Team Heretics,BBL Esports,0.21720430107526878,0.0,0.0,21.217090069284065,0
530928,Haven,2025-08-22 11:00:00,Team Heretics,BBL Esports,0.21720430107526878,0.0,0.0,21.159926470588236,1
530928,Sunset,2025-08-22 11:00:00,Team Heretics,BBL Esports,0.21720430107526878,0.0,0.0,21.045673076923077,1
530928,Icebox,2025-08-22 11:00:00,Team Heretics,BBL Esports,0.21720430107526878,0.0,0.0,21.217090069284065,0
530928,Ascent,2025-08-22 11:00:00,Team Heretics,BBL Esports,0.21720430107526878,0.0,0.0,21.038961038961038,0
530928,Icebox,2025-08-22 11:00:00,Team Heretics,BBL Esports,0.21720430107526878,0.0,0.0,21.217090069284065,1
530928,Ascent,2025-08-22 11:00:00,Team Heretics,BBL Esports,0.21720430107526878,0.0,0.0,21.038961038961038,1
530929,Sunset,2025-08-22 13:20:00,Team Liquid,GIANTX,0.04957264957264951,0.0,0.0,21.045673076923077,1
530929,Corrode,2025-08-22 13:20:00,Team Liquid,GIANTX,0.04957264957264951,0.0,0.0,21.65277777777778,0
530929,Ascent,2025-08-22 13:20:00,Team Liquid,GIANTX,0.04957264957264951,0.0,0.0,21.038961038961038,1
530929,Bind,2025-08-22 13:20:00,Team Liquid,GIANTX,0.04957264957264951,0.0,0.0,21.575418994413408,1
530929,Lotus,2025-08-22 13:20:00,Team Liquid,GIANTX,0.04957264957264951,0.0,0.0,21.276412776412776,1
530929,Sunset,2025-08-22 13:20:00,Team Liquid,GIANTX,0.04957264957264951,0.0,0.0,21.045673076923077,1
530906,Lotus,2025-08-22 17:00:00,Sentinels,Cloud9,0.0481041312959819,0.0,0.0,21.276412776412776,1
530906,Haven,2025-08-22 17:00:00,Sentinels,Cloud9,0.0481041312959819,0.0,0.0,21.159926470588236,1
530906,Corrode,2025-08-22 17:00:00,Sentinels,Cloud9,0.0481041312959819,0.0,0.0,21.65277777777778,1
530906,Icebox,2025-08-22 17:00:00,Sentinels,Cloud9,0.0481041312959819,0.0,0.0,21.217090069284065,0
530906,Lotus,2025-08-22 17:00:00,Sentinels,Cloud9,0.0481041312959819,0.0,0.0,21.276412776412776,1
530906,Ascent,2025-08-22 17:00:00,Sentinels,Cloud9,0.0481041312959819,0.0,0.0,21.038961038961038,1
530906,Pearl,2025-08-22 17:00:00,Sentinels,Cloud9,0.0481041312959819,0.0,0.0,21.221830985915492,1
530907,Corrode,2025-08-22 20:35:00,NRG,G2 Esports,-0.22943722943722944,0.0,0.0,21.65277777777778,1
530907,Sunset,2025-08-22 20:35:00,NRG,G2 Esports,-0.22943722943722944,0.0,0.0,21.045673076923077,0
530907,Bind,2025-08-22 20:35:00,NRG,G2 Esports,-0.22943722943722944,0.0,0.0,21.575418994413408,0
530927,Haven,2025-08-23 14:55:00,Natus Vincere,Team Vitality,-0.10606060606060608,0.0,0.0,21.159926470588236,1
530927,Bind,2025-08-23 14:55:00,Natus Vincere,Team Vitality,-0.10606060606060608,0.0,0.0,21.575418994413408,1
530905,Bind,2025-08-23 20:25:00,100 Thieves,Evil Geniuses,0.004411764705882337,0.0,0.0,21.575418994413408,1
530905,Corrode,2025-08-23 20:25:00,100 Thieves,Evil Geniuses,0.004411764705882337,0.0,0.0,21.65277777777778,1
530905,Fracture,2025-08-23 20:25:00,100 Thieves,Evil Geniuses,0.004411764705882337,0.0,0.0,21.18957345971564,1
530905,Haven,2025-08-23 20:25:00,100 Thieves,Evil Geniuses,0.004411764705882337,0.0,0.0,21.159926470588236,1
530931,Icebox,2025-08-24 13:25:00,Team Heretics,Natus Vincere,0.325940212150434,0.0,0.0,21.217090069284065,0
530931,Haven,2025-08-24 13:25:00,Team Heretics,Natus Vincere,0.325940212150434,0.0,0.0,21.159926470588236,0
530908,Ascent,2025-08-24 17:00:00,NRG,LEVIATÁN,-0.196078431372549,0.0,0.0,21.038961038961038,1
530908,Icebox,2025-08-24 17:00:00,NRG,LEVIATÁN,-0.196078431372549,0.0,0.0,21.217090069284065,1
530909,Haven,2025-08-24 18:50:00,Cloud9,100 Thieves,0.04344512195121952,0.0,0.0,21.159926470588236,1
530909,Icebox,2025-08-24 18:50:00,Cloud9,100 Thieves,0.04344512195121952,0.0,0.0,21.217090069284065,1
530932,Ascent,2025-08-29 11:00:00,BBL Esports,Team Liquid,-0.021739130434782594,0.0,0.0,21.038961038961038,0
530932,Sunset,2025-08-29 11:00:00,BBL Esports,Team Liquid,-0.021739130434782594,0.0,0.0,21.045673076923077,1
530932,Bind,2025-08-29 11:00:00,BBL Esports,Team Liquid,-0.021739130434782594,0.0,0.0,21.575418994413408,0
530932,Bind,2025-08-29 11:00:00,BBL Esports,Team Liquid,-0.021739130434782594,0.0,0.0,21.575418994413408,0
530932,Pearl,2025-08-29 11:00:00,BBL Esports,Team Liquid,-0.021739130434782594,0.0,0.0,21.221830985915492,1
530932,Split,2025-08-29 11:00:00,BBL Esports,Team Liquid,-0.021739130434782594,0.0,0.0,21.295289855072465,0
530933,Bind,2025-08-29 14:40:00,GIANTX,Natus Vincere,0.035714285714285754,0.0,0.0,21.575418994413408,0
530933,Haven,2025-08-29 14:40:00,GIANTX,Natus Vincere,0.035714285714285754,0.0,0.0,21.159926470588236,1
530933,Ascent,2025-08-29 14:40:00,GIANTX,Natus Vincere,0.035714285714285754,0.0,0.0,21.038961038961038,1
530933,Icebox,2025-08-29 14:40:00,GIANTX,Natus Vincere,0.035714285714285754,0.0,0.0,21.217090069284065,0
530933,Sunset,2025-08-29 14:40:00,GIANTX,Natus Vincere,0.035714285714285754,0.0,0.0,21.045673076923077,1
530933,Haven,2025-08-29 14:40:00,GIANTX,Natus Vincere,0.035714285714285754,0.0,0.0,21.159926470588236,1
530910,Corrode,2025-08-29 17:00:00,Sentinels,G2 Esports,-0.11530172413793105,0.0,0.0,21.65277777777778,1
530910,Ascent,2025-08-29 17:00:00,Sentinels,G2 Esports,-0.11530172413793105,0.0,0.0,21.038961038961038,0
530910,Lotus,2025-08-29 17:00:00,Sentinels,G2 Esports,-0.11530172413793105,0.0,0.0,21.276412776412776,1
530910,Bind,2025-08-29 17:00:00,Sentinels,G2 Esports,-0.11530172413793105,0.0,0.0,21.575418994413408,0
530910,Sunset,2025-08-29 17:00:00,Sentinels,G2 Esports,-0.11530172413793105,0.0,0.0,21.045673076923077,0
530910,Haven,2025-08-29 17:00:00,Sentinels,G2 Esports,-0.11530172413793105,0.0,0.0,21.159926470588236,0
530910,Split,2025-08-29 17:00:00,Sentinels,G2 Esports,-0.11530172413793105,0.0,0.0,21.295289855072465,0
530910,Pearl,2025-08-29 17:00:00,Sentinels,G2 Esports,-0.11530172413793105,0.0,0.0,21.221830985915492,1
530910,Ascent,2025-08-29 17:00:00,Sentinels,G2 Esports,-0.11530172413793105,0.0,0.0,21.038961038961038,0
530910,Abyss,2025-08-29 17:00:00,Sentinels,G2 Esports,-0.11530172413793105,0.0,0.0,21.180487804878048,0
530910,Pearl,2025-08-29 17:00:00,Sentinels,G2 Esports,-0.11530172413793105,0.0,0.0,21.221830985915492,0
530911,Corrode,2025-08-29 19:30:00,NRG,Cloud9,-0.059740259740259705,0.0,0.0,21.65277777777778,1
530911,Lotus,2025-08-29 19:30:00,NRG,Cloud9,-0.059740259740259705,0.0,0.0,21.276412776412776,1
530911,Haven,2025-08-29 19:30:00,NRG,Cloud9,-0.059740259740259705,0.0,0.0,21.159926470588236,0
530911,Fracture,2025-08-29 19:30:00,NRG,Cloud9,-0.059740259740259705,0.0,0.0,21.18957345971564,0
530911,Lotus,2025-08-29 19:30:00,NRG,Cloud9,-0.059740259740259705,0.0,0.0,21.276412776412776,0
530934,Ascent,2025-08-30 12:00:00,BBL Esports,GIANTX,0.0020898641588296685,0.0,0.0,21.038961038961038,0
530934,Sunset,2025-08-30 12:00:00,BBL Esports,GIANTX,0.0020898641588296685,0.0,0.0,21.045673076923077,0
530934,Bind,2025-08-30 12:00:00,BBL Esports,GIANTX,0.0020898641588296685,0.0,0.0,21.575418994413408,0
530934,Lotus,2025-08-30 12:00:00,BBL Esports,GIANTX,0.0020898641588296685,0.0,0.0,21.276412776412776,1
530934,Haven,2025-08-30 12:00:00,BBL Esports,GIANTX,0.0020898641588296685,0.0,0.0,21.159926470588236,0
530934,Pearl,2025-08-30 12:00:00,BBL Esports,GIANTX,0.0020898641588296685,0.0,0.0,21.221830985915492,1
530912,Lotus,2025-08-30 18:00:00,Sentinels,NRG,0.11016949152542377,0.0,0.0,21.276412776412776,0
530912,Icebox,2025-08-30 18:00:00,Sentinels,NRG,0.11016949152542377,0.0,0.0,21.217090069284065,0
530912,Sunset,2025-08-30 18:00:00,Sentinels,NRG,0.11016949152542377,0.0,0.0,21.045673076923077,1
530912,Corrode,2025-08-30 18:00:00,Sentinels,NRG,0.11016949152542377,0.0,0.0,21.65277777777778,0
530365,Ascent,2025-08-31 01:50:00,Paper Rex,Rex Regum Qeon,0.15625,0.0,0.0,21.038961038961038,1
530365,Lotus,2025-08-31 01:50:00,Paper Rex,Rex Regum Qeon,0.15625,0.0,0.0,21.276412776412776,0
530365,Haven,2025-08-31 01:50:00,Paper Rex,Rex Regum Qeon,0.15625,0.0,0.0,21.159926470588236,1
530365,Bind,2025-08-31 01:50:00,Paper Rex,Rex Regum Qeon,0.15625,0.0,0.0,21.575418994413408,1
530935,Sunset,2025-08-31 12:00:00,Team Liquid,GIANTX,0.03191489361702127,0.0,0.0,21.045673076923077,1
530935,Corrode,2025-08-31 12:00:00,Team Liquid,GIANTX,0.03191489361702127,0.0,0.0,21.65277777777778,0
530935,Ascent,2025-08-31 12:00:00,Team Liquid,GIANTX,0.03191489361702127,0.0,0.0,21.038961038961038,1
530935,Bind,2025-08-31 12:00:00,Team Liquid,GIANTX,0.03191489361702127,0.0,0.0,21.575418994413408,1
530935,Lotus,2025-08-31 12:00:00,Team Liquid,GIANTX,0.03191489361702127,0.0,0.0,21.276412776412776,1
530935,Sunset,2025-08-31 12:00:00,Team Liquid,GIANTX,0.03191489361702127,0.0,0.0,21.045673076923077,1
530913,Bind,2025-08-31 17:00:00,G2 Esports,NRG,0.19417879417879425,0.0,0.0,21.575418994413408,1
530913,Lotus,2025-08-31 17:00:00,G2 Esports,NRG,0.19417879417879425,0.0,0.0,21.276412776412776,1
530913,Ascent,2025-08-31 17:00:00,G2 Esports,NRG,0.19417879417879425,0.0,0.0,21.038961038961038,1
530913,Lotus,2025-08-31 17:00:00,G2 Esports,NRG,0.19417879417879425,0.0,0.0,21.276412776412776,1
530913,Ascent,2025-08-31 17:00:00,G2 Esports,NRG,0.19417879417879425,0.0,0.0,21.038961038961038,1
542195,Bind,2025-09-12 09:00:00,Paper Rex,Xi Lai Gaming,0.09010989010989012,0.0,0.0,21.575418994413408,1
542195,Sunset,2025-09-12 09:00:00,Paper Rex,Xi Lai Gaming,0.09010989010989012,0.0,0.0,21.045673076923077,1
542196,Corrode,2025-09-12 11:25:00,GIANTX,Sentinels,-0.11612903225806448,0.0,0.0,21.65277777777778,0
542196,Sunset,2025-09-12 11:25:00,GIANTX,Sentinels,-0.11612903225806448,0.0,0.0,21.045673076923077,1
542196,Haven,2025-09-12 11:25:00,GIANTX,Sentinels,-0.11612903225806448,0.0,0.0,21.159926470588236,1
542207,Abyss,2025-09-13 09:00:00,NRG,EDward Gaming,-0.14583333333333337,0.0,0.0,21.180487804878048,1
542207,Corrode,2025-09-13 09:00:00,NRG,EDward Gaming,-0.14583333333333337,0.0,0.0,21.65277777777778,1
542205,Abyss,2025-09-13 11:55:00,Team Liquid,DRX,-0.062106918238993725,0.0,0.0,21.180487804878048,0
542205,Bind,2025-09-13 11:55:00,Team Liquid,DRX,-0.062106918238993725,0.0,0.0,21.575418994413408,0
542212,Lotus,2025-09-14 09:00:00,Dragon Ranger Gaming,T1,-0.03999999999999998,0.0,0.0,21.276412776412776,0
542212,Sunset,2025-09-14 09:00:00,Dragon Ranger Gaming,T1,-0.03999999999999998,0.0,0.0,21.045673076923077,0
542211,Corrode,2025-09-14 12:20:00,G2 Esports,Team Heretics,-0.013685239491691092,0.0,0.0,21.65277777777778,0
542211,Lotus,2025-09-14 12:20:00,G2 Esports,Team Heretics,-0.013685239491691092,0.0,0.0,21.276412776412776,0
542200,Haven,2025-09-15 09:00:00,Bilibili Gaming,MIBR,0.13013013013013008,0.0,0.0,21.159926470588236,0
542200,Corrode,2025-09-15 09:00:00,Bilibili Gaming,MIBR,0.13013013013013008,0.0,0.0,21.65277777777778,0
542197,Ascent,2025-09-17 09:00:00,Paper Rex,GIANTX,0.16666666666666663,0.0,0.0,21.038961038961038,0
542197,Lotus,2025-09-17 09:00:00,Paper Rex,GIANTX,0.16666666666666663,0.0,0.0,21.276412776412776,1
542197,Sunset,2025-09-17 09:00:00,Paper Rex,GIANTX,0.16666666666666663,0.0,0.0,21.045673076923077,1
542208,Haven,2025-09-17 12:10:00,DRX,NRG,0.09829059829059839,0.0,0.0,21.159926470588236,1
542208,Corrode,2025-09-17 12:10:00,DRX,NRG,0.09829059829059839,0.0,0.0,21.65277777777778,0
542208,Lotus,2025-09-17 12:10:00,DRX,NRG,0.09829059829059839,0.0,0.0,21.276412776412776,0
542213,Lotus,2025-09-18 09:00:00,Team Heretics,T1,0.27917833800186737,0.0,0.0,21.276412776412776,1
542213,Sunset,2025-09-18 09:00:00,Team Heretics,T1,0.27917833800186737,0.0,0.0,21.045673076923077,1
542209,Sunset,2025-09-19 09:00:00,Team Liquid,EDward Gaming,-0.10204081632653061,0.0,0.0,21.045673076923077,0
542209,Abyss,2025-09-19 09:00:00,Team Liquid,EDward Gaming,-0.10204081632653061,0.0,0.0,21.180487804878048,1
542209,Bind,2025-09-19 09:00:00,Team Liquid,EDward Gaming,-0.10204081632653061,0.0,0.0,21.575418994413408,1
542198,Abyss,2025-09-19 12:30:00,Xi Lai Gaming,Sentinels,-0.0901639344262295,0.0,0.0,21.180487804878048,0
542198,Lotus,2025-09-19 12:30:00,Xi Lai Gaming,Sentinels,-0.0901639344262295,0.0,0.0,21.276412776412776,1
542198,Haven,2025-09-19 12:30:00,Xi Lai Gaming,Sentinels,-0.0901639344262295,0.0,0.0,21.159926470588236,1
542198,Sunset,2025-09-19 12:30:00,Xi Lai Gaming,Sentinels,-0.0901639344262295,0.0,0.0,21.045673076923077,0
542198,Lotus,2025-09-19 12:30:00,Xi Lai Gaming,Sentinels,-0.0901639344262295,0.0,0.0,21.276412776412776,0
542203,Sunset,2025-09-20 09:00:00,Bilibili Gaming,Rex Regum Qeon,-0.010714285714285676,0.0,0.0,21.045673076923077,1
542203,Lotus,2025-09-20 09:00:00,Bilibili Gaming,Rex Regum Qeon,-0.010714285714285676,0.0,0.0,21.276412776412776,0
542203,Abyss,2025-09-20 09:00:00,Bilibili Gaming,Rex Regum Qeon,-0.010714285714285676,0.0,0.0,21.180487804878048,0
542214,Lotus,2025-09-20 12:00:00,G2 Esports,Dragon Ranger Gaming,0.3168771526980482,0.0,0.0,21.276412776412776,1
542214,Abyss,2025-09-20 12:00:00,G2 Esports,Dragon Ranger Gaming,0.3168771526980482,0.0,0.0,21.180487804878048,1
542210,Corrode,2025-09-21 09:00:00,DRX,Team Liquid,0.05999999999999994,0.0,0.0,21.65277777777778,1
542210,Abyss,2025-09-21 09:00:00,DRX,Team Liquid,0.05999999999999994,0.0,0.0,21.180487804878048,1
542199,Bind,2025-09-21 11:20:00,GIANTX,Xi Lai Gaming,-0.07070707070707072,0.0,0.0,21.575418994413408,1
542199,Ascent,2025-09-21 11:20:00,GIANTX,Xi Lai Gaming,-0.07070707070707072,0.0,0.0,21.038961038961038,1
542215,Lotus,2025-09-22 09:00:00,T1,G2 Esports,-0.2635746606334842,0.0,0.0,21.276412776412776,0
542215,Corrode,2025-09-22 09:00:00,T1,G2 Esports,-0.2635746606334842,0.0,0.0,21.65277777777778,0
542204,Corrode,2025-09-22 11:15:00,MIBR,Rex Regum Qeon,-0.1288305190744215,0.0,0.0,21.65277777777778,1
542204,Abyss,2025-09-22 11:15:00,MIBR,Rex Regum Qeon,-0.1288305190744215,0.0,0.0,21.180487804878048,1
542265,Lotus,2025-09-25 09:00:00,Paper Rex,G2 Esports,-0.03850313649145576,0.0,0.0,21.276412776412776,1
542265,Corrode,2025-09-25 09:00:00,Paper Rex,G2 Esports,-0.03850313649145576,0.0,0.0,21.65277777777778,0
542265,Ascent,2025-09-25 09:00:00,Paper Rex,G2 Esports,-0.03850313649145576,0.0,0.0,21.038961038961038,1
542266,Corrode,2025-09-26 09:00:00,Team Heretics,MIBR,0.359375,0.0,0.0,21.65277777777778,0
542266,Sunset,2025-09-26 09:00:00,Team Heretics,MIBR,0.359375,0.0,0.0,21.045673076923077,0
542267,Haven,2025-09-26 11:35:00,NRG,GIANTX,0.025000000000000022,0.0,0.0,21.159926470588236,1
542267,Lotus,2025-09-26 11:35:00,NRG,GIANTX,0.025000000000000022,0.0,0.0,21.276412776412776,1
542273,Lotus,2025-09-27 09:00:00,DRX,G2 Esports,-0.10350877192982455,0.0,0.0,21.276412776412776,0
542273,Abyss,2025-09-27 09:00:00,DRX,G2 Esports,-0.10350877192982455,0.0,0.0,21.180487804878048,1
542273,Bind,2025-09-27 09:00:00,DRX,G2 Esports,-0.10350877192982455,0.0,0.0,21.575418994413408,1
542274,Ascent,2025-09-27 12:20:00,Team Heretics,GIANTX,0.23736263736263735,0.0,0.0,21.038961038961038,1
542274,Lotus,2025-09-27 12:20:00,Team Heretics,GIANTX,0.23736263736263735,0.0,0.0,21.276412776412776,0
542274,Bind,2025-09-27 12:20:00,Team Heretics,GIANTX,0.23736263736263735,0.0,0.0,21.575418994413408,1
542274,Haven,2025-09-27 12:20:00,Team Heretics,GIANTX,0.23736263736263735,0.0,0.0,21.159926470588236,1
542274,Split,2025-09-27 12:20:00,Team Heretics,GIANTX,0.23736263736263735,0.0,0.0,21.295289855072465,0
542274,Lotus,2025-09-27 12:20:00,Team Heretics,GIANTX,0.23736263736263735,0.0,0.0,21.276412776412776,1
542269,Abyss,2025-09-28 12:20:00,MIBR,NRG,-0.14634146341463417,0.0,0.0,21.180487804878048,0
542269,Haven,2025-09-28 12:20:00,MIBR,NRG,-0.14634146341463417,0.0,0.0,21.159926470588236,1
542269,Corrode,2025-09-28 12:20:00,MIBR,NRG,-0.14634146341463417,0.0,0.0,21.65277777777778,0
542269,Lotus,2025-09-28 12:20:00,MIBR,NRG,-0.14634146341463417,0.0,0.0,21.276412776412776,0
542269,Bind,2025-09-28 12:20:00,MIBR,NRG,-0.14634146341463417,0.0,0.0,21.575418994413408,0
542277,Ascent,2025-09-29 09:00:00,Paper Rex,Team Heretics,-0.06060606060606066,0.0,0.0,21.038961038961038,1
542277,Bind,2025-09-29 09:00:00,Paper Rex,Team Heretics,-0.06060606060606066,0.0,0.0,21.575418994413408,0
542277,Lotus,2025-09-29 09:00:00,Paper Rex,Team Heretics,-0.06060606060606066,0.0,0.0,21.276412776412776,1
542276,Sunset,2025-09-29 12:20:00,MIBR,DRX,-0.22249589490968802,0.0,0.0,21.045673076923077,1
542276,Ascent,2025-09-29 12:20:00,MIBR,DRX,-0.22249589490968802,0.0,0.0,21.038961038961038,0
542276,Bind,2025-09-29 12:20:00,MIBR,DRX,-0.22249589490968802,0.0,0.0,21.575418994413408,0
542278,Ascent,2025-10-03 09:35:00,DRX,Paper Rex,-0.061259079903147606,0.0,0.0,21.038961038961038,1
542278,Lotus,2025-10-03 09:35:00,DRX,Paper Rex,-0.061259079903147606,0.0,0.0,21.276412776412776,1
542278,Haven,2025-10-03 09:35:00,DRX,Paper Rex,-0.061259079903147606,0.0,0.0,21.159926470588236,1
542278,Icebox,2025-10-03 09:35:00,DRX,Paper Rex,-0.061259079903147606,0.0,0.0,21.217090069284065,0
542278,Lotus,2025-10-03 09:35:00,DRX,Paper Rex,-0.061259079903147606,0.0,0.0,21.276412776412776,1
542278,Lotus,2025-10-03 09:35:00,DRX,Paper Rex,-0.061259079903147606,0.0,0.0,21.276412776412776,0
542278,Icebox,2025-10-03 09:35:00,DRX,Paper Rex,-0.061259079903147606,0.0,0.0,21.217090069284065,0
596399,Abyss,2026-01-15 17:00:00,ENVY,Evil Geniuses,0.04285714285714287,-0.5,-0.5,21.180487804878048,0
596399,Corrode,2026-01-15 17:00:00,ENVY,Evil Geniuses,0.04285714285714287,-0.5,-0.5,21.65277777777778,1
596399,Bind,2026-01-15 17:00:00,ENVY,Evil Geniuses,0.04285714285714287,-0.5,-0.5,21.575418994413408,1
596398,Lotus,2026-01-15 20:10:00,LOUD,Cloud9,-0.20508744038155802,0.0,0.0,21.276412776412776,1
596398,Split,2026-01-15 20:10:00,LOUD,Cloud9,-0.20508744038155802,0.0,0.0,21.295289855072465,0
596398,Breeze,2026-01-15 20:10:00,LOUD,Cloud9,-0.20508744038155802,0.0,0.0,21.06774193548387,1
596398,Haven,2026-01-15 20:10:00,LOUD,Cloud9,-0.20508744038155802,0.0,0.0,21.159926470588236,0
596398,Abyss,2026-01-15 20:10:00,LOUD,Cloud9,-0.20508744038155802,0.0,0.0,21.180487804878048,0
596401,Bind,2026-01-16 20:05:00,100 Thieves,LEVIATÁN,-0.1759834368530021,0.0,0.0,21.575418994413408,1
596401,Pearl,2026-01-16 20:05:00,100 Thieves,LEVIATÁN,-0.1759834368530021,0.0,0.0,21.221830985915492,0
596401,Split,2026-01-16 20:05:00,100 Thieves,LEVIATÁN,-0.1759834368530021,0.0,0.0,21.295289855072465,1
596402,Pearl,2026-01-17 17:00:00,NRG,Cloud9,0.053896103896104,0.0,0.0,21.221830985915492,1
596402,Breeze,2026-01-17 17:00:00,NRG,Cloud9,0.053896103896104,0.0,0.0,21.06774193548387,1
596403,Abyss,2026-01-17 19:00:00,MIBR,ENVY,-0.627906976744186,0.05555555555555558,-0.11290322580645162,21.180487804878048,1
596403,Corrode,2026-01-17 19:00:00,MIBR,ENVY,-0.627906976744186,0.05555555555555558,-0.11290322580645162,21.65277777777778,1
596404,Split,2026-01-18 17:00:00,Sentinels,FURIA,0.42679900744416877,0.0,-0.004266211604095571,21.295289855072465,0
596404,Breeze,2026-01-18 17:00:00,Sentinels,FURIA,0.42679900744416877,0.0,-0.004266211604095571,21.06774193548387,0
596405,Bind,2026-01-18 19:20:00,G2 Esports,100 Thieves,0.2017687520471667,-0.0006277463904582614,0.0003133486526007978,21.575418994413408,1
596405,Corrode,2026-01-18 19:20:00,G2 Esports,100 Thieves,0.2017687520471667,-0.0006277463904582614,0.0003133486526007978,21.65277777777778,0
596405,Split,2026-01-18 19:20:00,G2 Esports,100 Thieves,0.2017687520471667,-0.0006277463904582614,0.0003133486526007978,21.295289855072465,1
594740,Lotus,2026-01-20 11:00:00,Natus Vincere,Karmine Corp,0.02192982456140352,0.0,0.0,21.276412776412776,1
594740,Breeze,2026-01-20 11:00:00,Natus Vincere,Karmine Corp,0.02192982456140352,0.0,0.0,21.06774193548387,1
594740,Split,2026-01-20 11:00:00,Natus Vincere,Karmine Corp,0.02192982456140352,0.0,0.0,21.295289855072465,1
594740,Haven,2026-01-20 11:00:00,Natus Vincere,Karmine Corp,0.02192982456140352,0.0,0.0,21.159926470588236,1
594741,Abyss,2026-01-20 13:35:00,FUT Esports,Gentle Mates,0.23076923076923078,0.0,0.0,21.180487804878048,0
594741,Split,2026-01-20 13:35:00,FUT Esports,Gentle Mates,0.23076923076923078,0.0,0.0,21.295289855072465,0
594742,Breeze,2026-01-21 11:00:00,PCIFIC Esports,BBL Esports,0.02941176470588236,-0.5,-0.5,21.06774193548387,0
594742,Abyss,2026-01-21 11:00:00,PCIFIC Esports,BBL Esports,0.02941176470588236,-0.5,-0.5,21.180487804878048,1
594742,Pearl,2026-01-21 11:00:00,PCIFIC Esports,BBL Esports,0.02941176470588236,-0.5,-0.5,21.221830985915492,0
594743,Breeze,2026-01-21 14:20:00,ULF Esports,Team Vitality,0.011627906976744207,-0.5,-0.5,21.06774193548387,0
594743,Corrode,2026-01-21 14:20:00,ULF Esports,Team Vitality,0.011627906976744207,-0.5,-0.5,21.65277777777778,0
595630,Breeze,2026-01-22 03:00:00,Nongshim RedForce,Team Secret,0.07803992740471866,0.0,0.0,21.06774193548387,1
595630,Fracture,2026-01-22 03:00:00,Nongshim RedForce,Team Secret,0.07803992740471866,0.0,0.0,21.18957345971564,0
595630,Pearl,2026-01-22 03:00:00,Nongshim RedForce,Team Secret,0.07803992740471866,0.0,0.0,21.221830985915492,1
595630,Haven,2026-01-22 03:00:00,Nongshim RedForce,Team Secret,0.07803992740471866,0.0,0.0,21.159926470588236,1
595630,Split,2026-01-22 03:00:00,Nongshim RedForce,Team Secret,0.07803992740471866,0.0,0.0,21.295289855072465,1
598923,Abyss,2026-01-22 04:00:00,Trace Esports,Wolves Esports,0.2727272727272727,0.0,0.0,21.180487804878048,1
598923,Haven,2026-01-22 04:00:00,Trace Esports,Wolves Esports,0.2727272727272727,0.0,0.0,21.159926470588236,0
598923,Bind,2026-01-22 04:00:00,Trace Esports,Wolves Esports,0.2727272727272727,0.0,0.0,21.575418994413408,0
598923,Abyss,2026-01-22 04:00:00,Trace Esports,Wolves Esports,0.2727272727272727,0.0,0.0,21.180487804878048,0
598923,Bind,2026-01-22 04:00:00,Trace Esports,Wolves Esports,0.2727272727272727,0.0,0.0,21.575418994413408,1
598923,Split,2026-01-22 04:00:00,Trace Esports,Wolves Esports,0.2727272727272727,0.0,0.0,21.295289855072465,1
595631,Corrode,2026-01-22 05:10:00,ZETA DIVISION,FULL SENSE,-0.16666666666666669,0.5,0.5,21.65277777777778,0
595631,Split,2026-01-22 05:10:00,ZETA DIVISION,FULL SENSE,-0.16666666666666669,0.5,0.5,21.295289855072465,0
598924,Bind,2026-01-22 07:25:00,FunPlus Phoenix,TYLOO,0.08064516129032262,0.0,0.0,21.575418994413408,0
598924,Split,2026-01-22 07:25:00,FunPlus Phoenix,TYLOO,0.08064516129032262,0.0,0.0,21.295289855072465,1
598924,Pearl,2026-01-22 07:25:00,FunPlus Phoenix,TYLOO,0.08064516129032262,0.0,0.0,21.221830985915492,1
598924,Pearl,2026-01-22 07:25:00,FunPlus Phoenix,TYLOO,0.08064516129032262,0.0,0.0,21.221830985915492,0
598924,Haven,2026-01-22 07:25:00,FunPlus Phoenix,TYLOO,0.08064516129032262,0.0,0.0,21.159926470588236,0
594744,Bind,2026-01-22 11:00:00,Team Heretics,Natus Vincere,0.2839854780153287,0.0,0.0,21.575418994413408,0
594744,Haven,2026-01-22 11:00:00,Team Heretics,Natus Vincere,0.2839854780153287,0.0,0.0,21.159926470588236,1
594744,Split,2026-01-22 11:00:00,Team Heretics,Natus Vincere,0.2839854780153287,0.0,0.0,21.295289855072465,0
594745,Pearl,2026-01-22 14:30:00,GIANTX,Gentle Mates,0.17592592592592593,0.0,0.0,21.221830985915492,0
594745,Bind,2026-01-22 14:30:00,GIANTX,Gentle Mates,0.17592592592592593,0.0,0.0,21.575418994413408,0
595632,Abyss,2026-01-23 03:00:00,VARREL,Global Esports,0.2692307692307692,-0.5,-0.5,21.180487804878048,0
595632,Split,2026-01-23 03:00:00,VARREL,Global Esports,0.2692307692307692,-0.5,-0.5,21.295289855072465,0
598921,Split,2026-01-23 04:00:00,All Gamers,Nova Esports,-0.013888888888888895,0.0,0.0,21.295289855072465,1
598921,Pearl,2026-01-23 04:00:00,All Gamers,Nova Esports,-0.013888888888888895,0.0,0.0,21.221830985915492,1
595633,Abyss,2026-01-23 05:10:00,DetonatioN FocusMe,Gen.G,-0.5434027777777778,0.0,0.0,21.180487804878048,1
595633,Pearl,2026-01-23 05:10:00,DetonatioN FocusMe,Gen.G,-0.5434027777777778,0.0,0.0,21.221830985915492,1
598922,Fracture,2026-01-23 06:55:00,JDG Esports,Titan Esports Club,0.24836601307189543,0.0,0.0,21.18957345971564,1
598922,Haven,2026-01-23 06:55:00,JDG Esports,Titan Esports Club,0.24836601307189543,0.0,0.0,21.159926470588236,1
598922,Corrode,2026-01-23 06:55:00,JDG Esports,Titan Esports Club,0.24836601307189543,0.0,0.0,21.65277777777778,1
598922,Haven,2026-01-23 06:55:00,JDG Esports,Titan Esports Club,0.24836601307189543,0.0,0.0,21.159926470588236,0
598922,Abyss,2026-01-23 06:55:00,JDG Esports,Titan Esports Club,0.24836601307189543,0.0,0.0,21.180487804878048,1
594747,Breeze,2026-01-23 13:25:00,Team Liquid,Team Vitality,0.02941176470588236,0.0,0.0,21.06774193548387,0
594747,Pearl,2026-01-23 13:25:00,Team Liquid,Team Vitality,0.02941176470588236,0.0,0.0,21.221830985915492,1
594747,Corrode,2026-01-23 13:25:00,Team Liquid,Team Vitality,0.02941176470588236,0.0,0.0,21.65277777777778,0
596409,Breeze,2026-01-23 17:00:00,LOUD,100 Thieves,-0.13516746411483255,-0.000468164794007464,-0.00020781379883627604,21.06774193548387,1
596409,Bind,2026-01-23 17:00:00,LOUD,100 Thieves,-0.13516746411483255,-0.000468164794007464,-0.00020781379883627604,21.575418994413408,0
596409,Pearl,2026-01-23 17:00:00,LOUD,100 Thieves,-0.13516746411483255,-0.000468164794007464,-0.00020781379883627604,21.221830985915492,0
596410,Haven,2026-01-23 20:10:00,Evil Geniuses,Sentinels,-0.12698412698412698,0.000525762355415349,-0.001156260323752878,21.159926470588236,0
596410,Bind,2026-01-23 20:10:00,Evil Geniuses,Sentinels,-0.12698412698412698,0.000525762355415349,-0.001156260323752878,21.575418994413408,0
596410,Abyss,2026-01-23 20:10:00,Evil Geniuses,Sentinels,-0.12698412698412698,0.000525762355415349,-0.001156260323752878,21.180487804878048,0
596410,Pearl,2026-01-23 20:10:00,Evil Geniuses,Sentinels,-0.12698412698412698,0.000525762355415349,-0.001156260323752878,21.221830985915492,0
595634,Haven,2026-01-24 03:00:00,T1,Nongshim RedForce,-0.11603773584905663,0.0,0.0,21.159926470588236,0
595634,Corrode,2026-01-24 03:00:00,T1,Nongshim RedForce,-0.11603773584905663,0.0,0.0,21.65277777777778,0
595634,Split,2026-01-24 03:00:00,T1,Nongshim RedForce,-0.11603773584905663,0.0,0.0,21.295289855072465,1
598927,Fracture,2026-01-24 04:00:00,Xi Lai Gaming,Wolves Esports,0.10869565217391303,0.0,0.0,21.18957345971564,0
598927,Bind,2026-01-24 04:00:00,Xi Lai Gaming,Wolves Esports,0.10869565217391303,0.0,0.0,21.575418994413408,1
598927,Lotus,2026-01-24 04:00:00,Xi Lai Gaming,Wolves Esports,0.10869565217391303,0.0,0.0,21.276412776412776,1
598927,Breeze,2026-01-24 04:00:00,Xi Lai Gaming,Wolves Esports,0.10869565217391303,0.0,0.0,21.06774193548387,1
598927,Abyss,2026-01-24 04:00:00,Xi Lai Gaming,Wolves Esports,0.10869565217391303,0.0,0.0,21.180487804878048,1
598928,Abyss,2026-01-24 06:35:00,EDward Gaming,TYLOO,0.15333333333333332,0.0,0.0,21.180487804878048,1
598928,Bind,2026-01-24 06:35:00,EDward Gaming,TYLOO,0.15333333333333332,0.0,0.0,21.575418994413408,1
596412,Pearl,2026-01-24 20:05:00,LEVIATÁN,Cloud9,0.13829787234042556,-0.00046490004649002437,0.00020859407592821455,21.221830985915492,0
596412,Split,2026-01-24 20:05:00,LEVIATÁN,Cloud9,0.13829787234042556,-0.00046490004649002437,0.00020859407592821455,21.295289855072465,0
595636,Breeze,2026-01-25 03:00:00,Paper Rex,Global Esports,0.40271257172665625,0.0,0.0,21.06774193548387,1
595636,Split,2026-01-25 03:00:00,Paper Rex,Global Esports,0.40271257172665625,0.0,0.0,21.295289855072465,0
595636,Bind,2026-01-25 03:00:00,Paper Rex,Global Esports,0.40271257172665625,0.0,0.0,21.575418994413408,1
598925,Split,2026-01-25 04:00:00,Bilibili Gaming,All Gamers,0.0365111561866126,0.0,0.0,21.295289855072465,0
598925,Abyss,2026-01-25 04:00:00,Bilibili Gaming,All Gamers,0.0365111561866126,0.0,0.0,21.180487804878048,0
595637,Haven,2026-01-25 06:00:00,Rex Regum Qeon,DetonatioN FocusMe,0.22619047619047616,0.0,0.0,21.159926470588236,0
595637,Lotus,2026-01-25 06:00:00,Rex Regum Qeon,DetonatioN FocusMe,0.22619047619047616,0.0,0.0,21.276412776412776,1
595637,Fracture,2026-01-25 06:00:00,Rex Regum Qeon,DetonatioN FocusMe,0.22619047619047616,0.0,0.0,21.18957345971564,1
595637,Ascent,2026-01-25 06:00:00,Rex Regum Qeon,DetonatioN FocusMe,0.22619047619047616,0.0,0.0,21.038961038961038,0
595637,Breeze,2026-01-25 06:00:00,Rex Regum Qeon,DetonatioN FocusMe,0.22619047619047616,0.0,0.0,21.06774193548387,1
595637,Lotus,2026-01-25 06:00:00,Rex Regum Qeon,DetonatioN FocusMe,0.22619047619047616,0.0,0.0,21.276412776412776,1
595637,Haven,2026-01-25 06:00:00,Rex Regum Qeon,DetonatioN FocusMe,0.22619047619047616,0.0,0.0,21.159926470588236,1
595637,Corrode,2026-01-25 06:00:00,Rex Regum Qeon,DetonatioN FocusMe,0.22619047619047616,0.0,0.0,21.65277777777778,1
598926,Abyss,2026-01-25 06:30:00,Dragon Ranger Gaming,JDG Esports,-0.12962962962962965,0.0,0.0,21.180487804878048,0
598926,Breeze,2026-01-25 06:30:00,Dragon Ranger Gaming,JDG Esports,-0.12962962962962965,0.0,0.0,21.06774193548387,1
598926,Corrode,2026-01-25 06:30:00,Dragon Ranger Gaming,JDG Esports,-0.12962962962962965,0.0,0.0,21.65277777777778,1
596413,Haven,2026-01-25 17:00:00,100 Thieves,Sentinels,-0.08923611111111113,0.0013966480446927498,0.0006206040546131719,21.159926470588236,0
596413,Split,2026-01-25 17:00:00,100 Thieves,Sentinels,-0.08923611111111113,0.0013966480446927498,0.0006206040546131719,21.295289855072465,0
596413,Corrode,2026-01-25 17:00:00,100 Thieves,Sentinels,-0.08923611111111113,0.0013966480446927498,0.0006206040546131719,21.65277777777778,1
596413,Split,2026-01-25 17:00:00,100 Thieves,Sentinels,-0.08923611111111113,0.0013966480446927498,0.0006206040546131719,21.295289855072465,1
596414,Pearl,2026-01-25 20:00:00,ENVY,Cloud9,0.15315315315315314,0.0,0.05670103092783507,21.221830985915492,0
596414,Breeze,2026-01-25 20:00:00,ENVY,Cloud9,0.15315315315315314,0.0,0.05670103092783507,21.06774193548387,1
596414,Split,2026-01-25 20:00:00,ENVY,Cloud9,0.15315315315315314,0.0,0.05670103092783507,21.295289855072465,0
594751,Abyss,2026-01-27 11:00:00,Karmine Corp,Team Liquid,-0.13461538461538464,0.0,0.0004266211604095349,21.180487804878048,1
594751,Split,2026-01-27 11:00:00,Karmine Corp,Team Liquid,-0.13461538461538464,0.0,0.0004266211604095349,21.295289855072465,0
594751,Breeze,2026-01-27 11:00:00,Karmine Corp,Team Liquid,-0.13461538461538464,0.0,0.0004266211604095349,21.06774193548387,0
598932,Split,2026-01-28 04:00:00,Nova Esports,TYLOO,-0.06907894736842107,0.0,0.0,21.295289855072465,0
598932,Corrode,2026-01-28 04:00:00,Nova Esports,TYLOO,-0.06907894736842107,0.0,0.0,21.65277777777778,0
598933,Breeze,2026-01-28 06:00:00,Titan Esports Club,Wolves Esports,-0.16447368421052633,0.0,0.0,21.06774193548387,1
598933,Bind,2026-01-28 06:00:00,Titan Esports Club,Wolves Esports,-0.16447368421052633,0.0,0.0,21.575418994413408,0
598933,Haven,2026-01-28 06:00:00,Titan Esports Club,Wolves Esports,-0.16447368421052633,0.0,0.0,21.159926470588236,1
594753,Abyss,2026-01-28 11:00:00,PCIFIC Esports,GIANTX,-0.4594594594594595,-0.16666666666666669,0.125,21.180487804878048,0
594753,Bind,2026-01-28 11:00:00,PCIFIC Esports,GIANTX,-0.4594594594594595,-0.16666666666666669,0.125,21.575418994413408,1
594753,Split,2026-01-28 11:00:00,PCIFIC Esports,GIANTX,-0.4594594594594595,-0.16666666666666669,0.125,21.295289855072465,0
594754,Haven,2026-01-28 14:35:00,ULF Esports,Team Heretics,-0.7058823529411765,0.0001833516685001979,0.00024360535931788885,21.159926470588236,0
594754,Bind,2026-01-28 14:35:00,ULF Esports,Team Heretics,-0.7058823529411765,0.0001833516685001979,0.00024360535931788885,21.575418994413408,0
595641,Split,2026-01-29 03:00:00,Team Secret,DetonatioN FocusMe,0.19195402298850575,0.0,0.0,21.295289855072465,0
595641,Bind,2026-01-29 03:00:00,Team Secret,DetonatioN FocusMe,0.19195402298850575,0.0,0.0,21.575418994413408,0
598934,Split,2026-01-29 04:00:00,Trace Esports,JDG Esports,0.14396284829721367,0.0,0.0,21.295289855072465,1
598934,Pearl,2026-01-29 04:00:00,Trace Esports,JDG Esports,0.14396284829721367,0.0,0.0,21.221830985915492,0
598934,Corrode,2026-01-29 04:00:00,Trace Esports,JDG Esports,0.14396284829721367,0.0,0.0,21.65277777777778,1
595642,Haven,2026-01-29 05:00:00,ZETA DIVISION,Global Esports,0.07142857142857145,0.0004553734061930603,-0.0013531799729363803,21.159926470588236,0
595642,Abyss,2026-01-29 05:00:00,ZETA DIVISION,Global Esports,0.07142857142857145,0.0004553734061930603,-0.0013531799729363803,21.180487804878048,0
598935,Lotus,2026-01-29 07:10:00,FunPlus Phoenix,Bilibili Gaming,0.16041666666666665,0.0,0.0,21.276412776412776,0
598935,Fracture,2026-01-29 07:10:00,FunPlus Phoenix,Bilibili Gaming,0.16041666666666665,0.0,0.0,21.18957345971564,1
598935,Pearl,2026-01-29 07:10:00,FunPlus Phoenix,Bilibili Gaming,0.16041666666666665,0.0,0.0,21.221830985915492,0
598935,Pearl,2026-01-29 07:10:00,FunPlus Phoenix,Bilibili Gaming,0.16041666666666665,0.0,0.0,21.221830985915492,0
598935,Bind,2026-01-29 07:10:00,FunPlus Phoenix,Bilibili Gaming,0.16041666666666665,0.0,0.0,21.575418994413408,0
594748,Abyss,2026-01-29 11:00:00,Natus Vincere,Gentle Mates,0.12593984962406013,0.0006016847172082285,0.0008006405124099114,21.180487804878048,0
594748,Bind,2026-01-29 11:00:00,Natus Vincere,Gentle Mates,0.12593984962406013,0.0006016847172082285,0.0008006405124099114,21.575418994413408,0
594749,Lotus,2026-01-29 13:20:00,BBL Esports,Team Vitality,-0.011111111111111072,0.0013623978201634523,-0.001271187176020816,21.276412776412776,0
594749,Haven,2026-01-29 13:20:00,BBL Esports,Team Vitality,-0.011111111111111072,0.0013623978201634523,-0.001271187176020816,21.159926470588236,1
594749,Breeze,2026-01-29 13:20:00,BBL Esports,Team Vitality,-0.011111111111111072,0.0013623978201634523,-0.001271187176020816,21.06774193548387,1
594749,Haven,2026-01-29 13:20:00,BBL Esports,Team Vitality,-0.011111111111111072,0.0013623978201634523,-0.001271187176020816,21.159926470588236,1
594749,Abyss,2026-01-29 13:20:00,BBL Esports,Team Vitality,-0.011111111111111072,0.0013623978201634523,-0.001271187176020816,21.180487804878048,1
598936,Split,2026-01-30 04:00:00,TYLOO,Titan Esports Club,0.22058823529411764,0.0,0.0,21.295289855072465,1
598936,Fracture,2026-01-30 04:00:00,TYLOO,Titan Esports Club,0.22058823529411764,0.0,0.0,21.18957345971564,1
598936,Corrode,2026-01-30 04:00:00,TYLOO,Titan Esports Club,0.22058823529411764,0.0,0.0,21.65277777777778,0
598936,Breeze,2026-01-30 04:00:00,TYLOO,Titan Esports Club,0.22058823529411764,0.0,0.0,21.06774193548387,1
598936,Split,2026-01-30 04:00:00,TYLOO,Titan Esports Club,0.22058823529411764,0.0,0.0,21.295289855072465,1
595644,Breeze,2026-01-30 06:25:00,Gen.G,T1,0.3279202279202279,0.0005858230814294041,9.2030185900982e-05,21.06774193548387,1
595644,Bind,2026-01-30 06:25:00,Gen.G,T1,0.3279202279202279,0.0005858230814294041,9.2030185900982e-05,21.575418994413408,0
595644,Haven,2026-01-30 06:25:00,Gen.G,T1,0.3279202279202279,0.0005858230814294041,9.2030185900982e-05,21.159926470588236,0
598937,Abyss,2026-01-30 07:25:00,Trace Esports,Bilibili Gaming,0.17695852534562212,0.0,0.0,21.180487804878048,0
598937,Breeze,2026-01-30 07:25:00,Trace Esports,Bilibili Gaming,0.17695852534562212,0.0,0.0,21.06774193548387,0
594756,Abyss,2026-01-30 13:20:00,GIANTX,Team Heretics,-0.23646071700991617,0.0007150297384717619,0.0006143478911778133,21.180487804878048,1
594756,Haven,2026-01-30 13:20:00,GIANTX,Team Heretics,-0.23646071700991617,0.0007150297384717619,0.0006143478911778133,21.159926470588236,1
596406,Abyss,2026-01-30 17:00:00,NRG,MIBR,0.19141414141414137,0.0,0.0,21.180487804878048,1
596406,Split,2026-01-30 17:00:00,NRG,MIBR,0.19141414141414137,0.0,0.0,21.295289855072465,0
596406,Breeze,2026-01-30 17:00:00,NRG,MIBR,0.19141414141414137,0.0,0.0,21.06774193548387,0
596407,Abyss,2026-01-30 20:55:00,FURIA,G2 Esports,-0.5092592592592593,-7.751937984501467e-05,0.0043813443856218215,21.180487804878048,1
596407,Bind,2026-01-30 20:55:00,FURIA,G2 Esports,-0.5092592592592593,-7.751937984501467e-05,0.0043813443856218215,21.575418994413408,0
596407,Split,2026-01-30 20:55:00,FURIA,G2 Esports,-0.5092592592592593,-7.751937984501467e-05,0.0043813443856218215,21.295289855072465,1
595638,Split,2026-01-31 03:00:00,Nongshim RedForce,FULL SENSE,-0.4285714285714286,-0.010789934702978177,-0.055374461748963766,21.295289855072465,1
595638,Bind,2026-01-31 03:00:00,Nongshim RedForce,FULL SENSE,-0.4285714285714286,-0.010789934702978177,-0.055374461748963766,21.575418994413408,1
598942,Lotus,2026-01-31 04:00:00,Nova Esports,Wolves Esports,-0.010000000000000009,0.0,0.0,21.276412776412776,1
598942,Fracture,2026-01-31 04:00:00,Nova Esports,Wolves Esports,-0.010000000000000009,0.0,0.0,21.18957345971564,1
598942,Abyss,2026-01-31 04:00:00,Nova Esports,Wolves Esports,-0.010000000000000009,0.0,0.0,21.180487804878048,1
598942,Haven,2026-01-31 04:00:00,Nova Esports,Wolves Esports,-0.010000000000000009,0.0,0.0,21.159926470588236,0
598942,Pearl,2026-01-31 04:00:00,Nova Esports,Wolves Esports,-0.010000000000000009,0.0,0.0,21.221830985915492,0
595639,Bind,2026-01-31 05:10:00,Paper Rex,Rex Regum Qeon,0.17829457364341084,9.028530155286152e-05,-0.00023691068467185383,21.575418994413408,0
595639,Pearl,2026-01-31 05:10:00,Paper Rex,Rex Regum Qeon,0.17829457364341084,9.028530155286152e-05,-0.00023691068467185383,21.221830985915492,0
598929,Lotus,2026-01-31 07:10:00,All Gamers,Dragon Ranger Gaming,0.05158730158730157,0.0,0.0,21.276412776412776,0
598929,Split,2026-01-31 07:10:00,All Gamers,Dragon Ranger Gaming,0.05158730158730157,0.0,0.0,21.295289855072465,1
598929,Haven,2026-01-31 07:10:00,All Gamers,Dragon Ranger Gaming,0.05158730158730157,0.0,0.0,21.159926470588236,0
598929,Corrode,2026-01-31 07:10:00,All Gamers,Dragon Ranger Gaming,0.05158730158730157,0.0,0.0,21.65277777777778,0
598929,Bind,2026-01-31 07:10:00,All Gamers,Dragon Ranger Gaming,0.05158730158730157,0.0,0.0,21.575418994413408,1
598929,Abyss,2026-01-31 07:10:00,All Gamers,Dragon Ranger Gaming,0.05158730158730157,0.0,0.0,21.180487804878048,1
596419,Haven,2026-01-31 17:00:00,LOUD,Evil Geniuses,-0.09909909909909914,-0.001929251107721408,0.000517861175663159,21.159926470588236,0
596419,Abyss,2026-01-31 17:00:00,LOUD,Evil Geniuses,-0.09909909909909914,-0.001929251107721408,0.000517861175663159,21.180487804878048,0
595645,Breeze,2026-02-01 03:00:00,DetonatioN FocusMe,Global Esports,-0.009195402298850575,0.0004456327985739583,-0.0013140604467805073,21.06774193548387,0
595645,Pearl,2026-02-01 03:00:00,DetonatioN FocusMe,Global Esports,-0.009195402298850575,0.0004456327985739583,-0.0013140604467805073,21.221830985915492,1
595645,Split,2026-02-01 03:00:00,DetonatioN FocusMe,Global Esports,-0.009195402298850575,0.0004456327985739583,-0.0013140604467805073,21.295289855072465,1
598943,Lotus,2026-02-01 04:00:00,JDG Esports,FunPlus Phoenix,-0.1257575757575758,0.0,0.0,21.276412776412776,1
598943,Split,2026-02-01 04:00:00,JDG Esports,FunPlus Phoenix,-0.1257575757575758,0.0,0.0,21.295289855072465,1
598943,Pearl,2026-02-01 04:00:00,JDG Esports,FunPlus Phoenix,-0.1257575757575758,0.0,0.0,21.221830985915492,0
598943,Pearl,2026-02-01 04:00:00,JDG Esports,FunPlus Phoenix,-0.1257575757575758,0.0,0.0,21.221830985915492,0
598943,Bind,2026-02-01 04:00:00,JDG Esports,FunPlus Phoenix,-0.1257575757575758,0.0,0.0,21.575418994413408,1
598943,Haven,2026-02-01 04:00:00,JDG Esports,FunPlus Phoenix,-0.1257575757575758,0.0,0.0,21.159926470588236,1
598930,Lotus,2026-02-01 07:00:00,Xi Lai Gaming,EDward Gaming,-0.08199643493761144,0.0,0.0,21.276412776412776,0
598930,Breeze,2026-02-01 07:00:00,Xi Lai Gaming,EDward Gaming,-0.08199643493761144,0.0,0.0,21.06774193548387,1
598930,Split,2026-02-01 07:00:00,Xi Lai Gaming,EDward Gaming,-0.08199643493761144,0.0,0.0,21.295289855072465,0
598930,Split,2026-02-01 07:00:00,Xi Lai Gaming,EDward Gaming,-0.08199643493761144,0.0,0.0,21.295289855072465,0
598930,Breeze,2026-02-01 07:00:00,Xi Lai Gaming,EDward Gaming,-0.08199643493761144,0.0,0.0,21.06774193548387,0
598930,Split,2026-02-01 07:00:00,Xi Lai Gaming,EDward Gaming,-0.08199643493761144,0.0,0.0,21.295289855072465,1
598930,Pearl,2026-02-01 07:00:00,Xi Lai Gaming,EDward Gaming,-0.08199643493761144,0.0,0.0,21.221830985915492,1
596415,Pearl,2026-02-01 17:00:00,NRG,100 Thieves,0.08695652173913038,-0.0007167695692285037,-0.0014126253757706375,21.221830985915492,0
596415,Lotus,2026-02-01 17:00:00,NRG,100 Thieves,0.08695652173913038,-0.0007167695692285037,-0.0014126253757706375,21.276412776412776,1
596415,Breeze,2026-02-01 17:00:00,NRG,100 Thieves,0.08695652173913038,-0.0007167695692285037,-0.0014126253757706375,21.06774193548387,1
596415,Fracture,2026-02-01 17:00:00,NRG,100 Thieves,0.08695652173913038,-0.0007167695692285037,-0.0014126253757706375,21.18957345971564,1
596415,Breeze,2026-02-01 17:00:00,NRG,100 Thieves,0.08695652173913038,-0.0007167695692285037,-0.0014126253757706375,21.06774193548387,1
596415,Haven,2026-02-01 17:00:00,NRG,100 Thieves,0.08695652173913038,-0.0007167695692285037,-0.0014126253757706375,21.159926470588236,1
596415,Corrode,2026-02-01 17:00:00,NRG,100 Thieves,0.08695652173913038,-0.0007167695692285037,-0.0014126253757706375,21.65277777777778,1
596415,Pearl,2026-02-01 17:00:00,NRG,100 Thieves,0.08695652173913038,-0.0007167695692285037,-0.0014126253757706375,21.221830985915492,1
596415,Abyss,2026-02-01 17:00:00,NRG,100 Thieves,0.08695652173913038,-0.0007167695692285037,-0.0014126253757706375,21.180487804878048,1
596416,Lotus,2026-02-01 19:25:00,G2 Esports,Cloud9,0.15861571737563085,0.000397811975717699,-0.0009353528167299618,21.276412776412776,1
596416,Split,2026-02-01 19:25:00,G2 Esports,Cloud9,0.15861571737563085,0.000397811975717699,-0.0009353528167299618,21.295289855072465,1
596416,Corrode,2026-02-01 19:25:00,G2 Esports,Cloud9,0.15861571737563085,0.000397811975717699,-0.0009353528167299618,21.65277777777778,1
596416,Bind,2026-02-01 19:25:00,G2 Esports,Cloud9,0.15861571737563085,0.000397811975717699,-0.0009353528167299618,21.575418994413408,1
598944,Abyss,2026-02-03 04:00:00,Trace Esports,Wolves Esports,0.264957264957265,0.0,0.0,21.180487804878048,1
598944,Haven,2026-02-03 04:00:00,Trace Esports,Wolves Esports,0.264957264957265,0.0,0.0,21.159926470588236,0
598944,Bind,2026-02-03 04:00:00,Trace Esports,Wolves Esports,0.264957264957265,0.0,0.0,21.575418994413408,0
598944,Abyss,2026-02-03 04:00:00,Trace Esports,Wolves Esports,0.264957264957265,0.0,0.0,21.180487804878048,0
598944,Bind,2026-02-03 04:00:00,Trace Esports,Wolves Esports,0.264957264957265,0.0,0.0,21.575418994413408,1
598944,Split,2026-02-03 04:00:00,Trace Esports,Wolves Esports,0.264957264957265,0.0,0.0,21.295289855072465,1
598938,Corrode,2026-02-03 07:30:00,Dragon Ranger Gaming,TYLOO,-0.08620689655172414,0.0,0.0,21.65277777777778,0
598938,Split,2026-02-03 07:30:00,Dragon Ranger Gaming,TYLOO,-0.08620689655172414,0.0,0.0,21.295289855072465,1
598938,Pearl,2026-02-03 07:30:00,Dragon Ranger Gaming,TYLOO,-0.08620689655172414,0.0,0.0,21.221830985915492,1
594761,Haven,2026-02-03 11:00:00,Karmine Corp,FUT Esports,-0.10416666666666669,0.0025803782966687394,-0.0018346480752709504,21.159926470588236,1
594761,Split,2026-02-03 11:00:00,Karmine Corp,FUT Esports,-0.10416666666666669,0.0025803782966687394,-0.0018346480752709504,21.295289855072465,0
594761,Pearl,2026-02-03 11:00:00,Karmine Corp,FUT Esports,-0.10416666666666669,0.0025803782966687394,-0.0018346480752709504,21.221830985915492,1
594762,Split,2026-02-03 14:35:00,PCIFIC Esports,ULF Esports,0.0,-0.1111111111111111,0.03448275862068961,21.295289855072465,0
594762,Abyss,2026-02-03 14:35:00,PCIFIC Esports,ULF Esports,0.0,-0.1111111111111111,0.03448275862068961,21.180487804878048,0
598945,Bind,2026-02-04 04:00:00,Titan Esports Club,JDG Esports,-0.23809523809523808,0.0,0.0,21.575418994413408,1
598945,Haven,2026-02-04 04:00:00,Titan Esports Club,JDG Esports,-0.23809523809523808,0.0,0.0,21.159926470588236,0
598945,Split,2026-02-04 04:00:00,Titan Esports Club,JDG Esports,-0.23809523809523808,0.0,0.0,21.295289855072465,0
598939,Abyss,2026-02-04 07:20:00,EDward Gaming,Bilibili Gaming,0.16586538461538458,0.0,0.0,21.180487804878048,0
598939,Haven,2026-02-04 07:20:00,EDward Gaming,Bilibili Gaming,0.16586538461538458,0.0,0.0,21.159926470588236,1
598939,Breeze,2026-02-04 07:20:00,EDward Gaming,Bilibili Gaming,0.16586538461538458,0.0,0.0,21.06774193548387,0
594758,Haven,2026-02-04 15:00:00,Team Vitality,GIANTX,0.01282051282051283,-0.000525762355415349,7.649710188051273e-05,21.159926470588236,1
594758,Pearl,2026-02-04 15:00:00,Team Vitality,GIANTX,0.01282051282051283,-0.000525762355415349,7.649710188051273e-05,21.221830985915492,1
594758,Abyss,2026-02-04 15:00:00,Team Vitality,GIANTX,0.01282051282051283,-0.000525762355415349,7.649710188051273e-05,21.180487804878048,1
594758,Breeze,2026-02-04 15:00:00,Team Vitality,GIANTX,0.01282051282051283,-0.000525762355415349,7.649710188051273e-05,21.06774193548387,1
595651,Bind,2026-02-05 03:00:00,Team Secret,ZETA DIVISION,0.10901001112347053,0.0,0.0,21.575418994413408,1
595651,Split,2026-02-05 03:00:00,Team Secret,ZETA DIVISION,0.10901001112347053,0.0,0.0,21.295289855072465,0
595651,Abyss,2026-02-05 03:00:00,Team Secret,ZETA DIVISION,0.10901001112347053,0.0,0.0,21.180487804878048,0
598946,Haven,2026-02-05 04:00:00,TYLOO,Trace Esports,-0.12091038406827886,0.0,0.0,21.159926470588236,1
598946,Abyss,2026-02-05 04:00:00,TYLOO,Trace Esports,-0.12091038406827886,0.0,0.0,21.180487804878048,1
595652,Breeze,2026-02-05 05:45:00,VARREL,Gen.G,-0.7424242424242424,-0.07142857142857145,0.03345981954633609,21.06774193548387,0
595652,Pearl,2026-02-05 05:45:00,VARREL,Gen.G,-0.7424242424242424,-0.07142857142857145,0.03345981954633609,21.221830985915492,1
595652,Haven,2026-02-05 05:45:00,VARREL,Gen.G,-0.7424242424242424,-0.07142857142857145,0.03345981954633609,21.159926470588236,0
598947,Abyss,2026-02-05 06:25:00,EDward Gaming,JDG Esports,0.12264150943396224,0.0,0.0,21.180487804878048,1
598947,Haven,2026-02-05 06:25:00,EDward Gaming,JDG Esports,0.12264150943396224,0.0,0.0,21.159926470588236,0
598947,Corrode,2026-02-05 06:25:00,EDward Gaming,JDG Esports,0.12264150943396224,0.0,0.0,21.65277777777778,1
594763,Haven,2026-02-05 11:00:00,Team Heretics,Karmine Corp,0.30975609756097555,-0.0014443783527753329,0.0006614469738555617,21.159926470588236,1
594763,Corrode,2026-02-05 11:00:00,Team Heretics,Karmine Corp,0.30975609756097555,-0.0014443783527753329,0.0006614469738555617,21.65277777777778,1
594763,Abyss,2026-02-05 11:00:00,Team Heretics,Karmine Corp,0.30975609756097555,-0.0014443783527753329,0.0006614469738555617,21.180487804878048,0
594764,Split,2026-02-05 14:00:00,Team Liquid,ULF Esports,0.18518518518518517,-0.0009881422924901129,0.0005270925574530905,21.295289855072465,0
594764,Pearl,2026-02-05 14:00:00,Team Liquid,ULF Esports,0.18518518518518517,-0.0009881422924901129,0.0005270925574530905,21.221830985915492,1
594764,Breeze,2026-02-05 14:00:00,Team Liquid,ULF Esports,0.18518518518518517,-0.0009881422924901129,0.0005270925574530905,21.06774193548387,1
595647,Pearl,2026-02-06 03:00:00,FULL SENSE,DetonatioN FocusMe,0.3763440860215053,0.008380910554823595,0.030783995812096898,21.221830985915492,1
595647,Split,2026-02-06 03:00:00,FULL SENSE,DetonatioN FocusMe,0.3763440860215053,0.008380910554823595,0.030783995812096898,21.295289855072465,0
595647,Haven,2026-02-06 03:00:00,FULL SENSE,DetonatioN FocusMe,0.3763440860215053,0.008380910554823595,0.030783995812096898,21.159926470588236,0
598940,Split,2026-02-06 04:00:00,Dragon Ranger Gaming,Bilibili Gaming,-0.051515151515151514,0.0,0.0,21.295289855072465,0
598940,Abyss,2026-02-06 04:00:00,Dragon Ranger Gaming,Bilibili Gaming,-0.051515151515151514,0.0,0.0,21.180487804878048,0
595648,Pearl,2026-02-06 06:00:00,Paper Rex,T1,0.21110567514677098,0.0006685994246673488,-0.0004181337876853486,21.221830985915492,1
595648,Breeze,2026-02-06 06:00:00,Paper Rex,T1,0.21110567514677098,0.0006685994246673488,-0.0004181337876853486,21.06774193548387,0
595648,Bind,2026-02-06 06:00:00,Paper Rex,T1,0.21110567514677098,0.0006685994246673488,-0.0004181337876853486,21.575418994413408,0
598948,Bind,2026-02-06 06:00:00,TYLOO,EDward Gaming,-0.12962962962962965,0.0,0.0,21.575418994413408,1
598948,Haven,2026-02-06 06:00:00,TYLOO,EDward Gaming,-0.12962962962962965,0.0,0.0,21.159926470588236,0
598948,Corrode,2026-02-06 06:00:00,TYLOO,EDward Gaming,-0.12962962962962965,0.0,0.0,21.65277777777778,0
594765,Haven,2026-02-06 11:00:00,Natus Vincere,Team Heretics,-0.279225352112676,-4.337619922428759e-05,0.0027216174183515296,21.159926470588236,0
594765,Breeze,2026-02-06 11:00:00,Natus Vincere,Team Heretics,-0.279225352112676,-4.337619922428759e-05,0.0027216174183515296,21.06774193548387,0
594766,Breeze,2026-02-06 13:00:00,GIANTX,Team Liquid,-0.05227272727272725,0.001331419072087059,-0.0004785107370934849,21.06774193548387,0
594766,Pearl,2026-02-06 13:00:00,GIANTX,Team Liquid,-0.05227272727272725,0.001331419072087059,-0.0004785107370934849,21.221830985915492,1
594766,Bind,2026-02-06 13:00:00,GIANTX,Team Liquid,-0.05227272727272725,0.001331419072087059,-0.0004785107370934849,21.575418994413408,0
596421,Abyss,2026-02-06 17:00:00,ENVY,Evil Geniuses,0.05263157894736842,0.018724183617800705,0.021944797290145035,21.180487804878048,0
596421,Corrode,2026-02-06 17:00:00,ENVY,Evil Geniuses,0.05263157894736842,0.018724183617800705,0.021944797290145035,21.65277777777778,1
596421,Bind,2026-02-06 17:00:00,ENVY,Evil Geniuses,0.05263157894736842,0.018724183617800705,0.021944797290145035,21.575418994413408,1
596421,Pearl,2026-02-06 17:00:00,ENVY,Evil Geniuses,0.05263157894736842,0.018724183617800705,0.021944797290145035,21.221830985915492,0
596421,Corrode,2026-02-06 17:00:00,ENVY,Evil Geniuses,0.05263157894736842,0.018724183617800705,0.021944797290145035,21.65277777777778,0
596422,Corrode,2026-02-06 19:30:00,Sentinels,LEVIATÁN,-0.048037676609105184,0.00045977011494252595,-0.0002069250931162614,21.65277777777778,0
596422,Bind,2026-02-06 19:30:00,Sentinels,LEVIATÁN,-0.048037676609105184,0.00045977011494252595,-0.0002069250931162614,21.575418994413408,0
598949,Split,2026-02-07 02:00:00,Dragon Ranger Gaming,EDward Gaming,-0.21700879765395892,0.0,0.0,21.295289855072465,1
598949,Pearl,2026-02-07 02:00:00,Dragon Ranger Gaming,EDward Gaming,-0.21700879765395892,0.0,0.0,21.221830985915492,0
598949,Corrode,2026-02-07 02:00:00,Dragon Ranger Gaming,EDward Gaming,-0.21700879765395892,0.0,0.0,21.65277777777778,0
598931,Lotus,2026-02-07 05:10:00,All Gamers,Xi Lai Gaming,-0.07894736842105265,0.0,0.0,21.276412776412776,1
598931,Bind,2026-02-07 05:10:00,All Gamers,Xi Lai Gaming,-0.07894736842105265,0.0,0.0,21.575418994413408,0
598931,Split,2026-02-07 05:10:00,All Gamers,Xi Lai Gaming,-0.07894736842105265,0.0,0.0,21.295289855072465,0
598931,Pearl,2026-02-07 05:10:00,All Gamers,Xi Lai Gaming,-0.07894736842105265,0.0,0.0,21.221830985915492,1
598931,Split,2026-02-07 05:10:00,All Gamers,Xi Lai Gaming,-0.07894736842105265,0.0,0.0,21.295289855072465,1
598931,Bind,2026-02-07 05:10:00,All Gamers,Xi Lai Gaming,-0.07894736842105265,0.0,0.0,21.575418994413408,0
598931,Abyss,2026-02-07 05:10:00,All Gamers,Xi Lai Gaming,-0.07894736842105265,0.0,0.0,21.180487804878048,0
598931,Haven,2026-02-07 05:10:00,All Gamers,Xi Lai Gaming,-0.07894736842105265,0.0,0.0,21.159926470588236,1
595654,Breeze,2026-02-07 06:00:00,Global Esports,Gen.G,-0.4796019900497513,4.177109440262061e-05,0.0007435809200115329,21.06774193548387,0
595654,Abyss,2026-02-07 06:00:00,Global Esports,Gen.G,-0.4796019900497513,4.177109440262061e-05,0.0007435809200115329,21.180487804878048,1
595654,Haven,2026-02-07 06:00:00,Global Esports,Gen.G,-0.4796019900497513,4.177109440262061e-05,0.0007435809200115329,21.159926470588236,1
596423,Haven,2026-02-07 15:00:00,100 Thieves,Evil Geniuses,0.03218767048554283,0.0008184391769129329,0.0016323366954269503,21.159926470588236,1
596423,Breeze,2026-02-07 15:00:00,100 Thieves,Evil Geniuses,0.03218767048554283,0.0008184391769129329,0.0016323366954269503,21.06774193548387,1
596423,Haven,2026-02-07 15:00:00,100 Thieves,Evil Geniuses,0.03218767048554283,0.0008184391769129329,0.0016323366954269503,21.159926470588236,1
596423,Bind,2026-02-07 15:00:00,100 Thieves,Evil Geniuses,0.03218767048554283,0.0008184391769129329,0.0016323366954269503,21.575418994413408,1
596424,Pearl,2026-02-07 18:20:00,Cloud9,LEVIATÁN,-0.12717948717948724,-0.00016003657978963526,0.0004269234612325201,21.221830985915492,0
596424,Haven,2026-02-07 18:20:00,Cloud9,LEVIATÁN,-0.12717948717948724,-0.00016003657978963526,0.0004269234612325201,21.159926470588236,0
596424,Bind,2026-02-07 18:20:00,Cloud9,LEVIATÁN,-0.12717948717948724,-0.00016003657978963526,0.0004269234612325201,21.575418994413408,1
596424,Breeze,2026-02-07 18:20:00,Cloud9,LEVIATÁN,-0.12717948717948724,-0.00016003657978963526,0.0004269234612325201,21.06774193548387,1
596417,Pearl,2026-02-07 20:25:00,NRG,G2 Esports,-0.11472110408280611,0.000838475084351642,-0.00048398362549245677,21.221830985915492,0
596417,Split,2026-02-07 20:25:00,NRG,G2 Esports,-0.11472110408280611,0.000838475084351642,-0.00048398362549245677,21.295289855072465,0
598941,Abyss,2026-02-08 04:00:00,Xi Lai Gaming,Bilibili Gaming,0.038461538461538436,0.0,0.0,21.180487804878048,0
598941,Bind,2026-02-08 04:00:00,Xi Lai Gaming,Bilibili Gaming,0.038461538461538436,0.0,0.0,21.575418994413408,1
598941,Breeze,2026-02-08 04:00:00,Xi Lai Gaming,Bilibili Gaming,0.038461538461538436,0.0,0.0,21.06774193548387,0
598941,Pearl,2026-02-08 04:00:00,Xi Lai Gaming,Bilibili Gaming,0.038461538461538436,0.0,0.0,21.221830985915492,1
598941,Split,2026-02-08 04:00:00,Xi Lai Gaming,Bilibili Gaming,0.038461538461538436,0.0,0.0,21.295289855072465,1
595656,Corrode,2026-02-08 05:00:00,Paper Rex,Global Esports,0.3583260680034874,-0.00017921146953403522,-0.0018126365602446626,21.65277777777778,1
595656,Breeze,2026-02-08 05:00:00,Paper Rex,Global Esports,0.3583260680034874,-0.00017921146953403522,-0.0018126365602446626,21.06774193548387,0
595656,Split,2026-02-08 05:00:00,Paper Rex,Global Esports,0.3583260680034874,-0.00017921146953403522,-0.0018126365602446626,21.295289855072465,1
598950,Pearl,2026-02-09 04:00:00,Bilibili Gaming,EDward Gaming,-0.1571428571428572,0.0,0.0,21.221830985915492,1
598950,Haven,2026-02-09 04:00:00,Bilibili Gaming,EDward Gaming,-0.1571428571428572,0.0,0.0,21.159926470588236,0
598950,Abyss,2026-02-09 04:00:00,Bilibili Gaming,EDward Gaming,-0.1571428571428572,0.0,0.0,21.180487804878048,0
598950,Split,2026-02-09 04:00:00,Bilibili Gaming,EDward Gaming,-0.1571428571428572,0.0,0.0,21.295289855072465,0
594767,Abyss,2026-02-12 12:00:00,Team Heretics,Team Liquid,0.17261904761904767,0.0002726765422077504,-0.001249479383590213,21.180487804878048,0
594767,Bind,2026-02-12 12:00:00,Team Heretics,Team Liquid,0.17261904761904767,0.0002726765422077504,-0.001249479383590213,21.575418994413408,0
595649,Pearl,2026-02-13 02:00:00,DetonatioN FocusMe,T1,-0.14364035087719296,-0.0006497244839213656,0.0020840429408348626,21.221830985915492,0
595649,Lotus,2026-02-13 02:00:00,DetonatioN FocusMe,T1,-0.14364035087719296,-0.0006497244839213656,0.0020840429408348626,21.276412776412776,0
595649,Pearl,2026-02-13 02:00:00,DetonatioN FocusMe,T1,-0.14364035087719296,-0.0006497244839213656,0.0020840429408348626,21.221830985915492,0
595649,Split,2026-02-13 02:00:00,DetonatioN FocusMe,T1,-0.14364035087719296,-0.0006497244839213656,0.0020840429408348626,21.295289855072465,0
595640,Corrode,2026-02-13 04:00:00,Nongshim RedForce,Rex Regum Qeon,0.09090909090909094,0.0011001100110010764,0.00017889087656530744,21.65277777777778,0
595640,Bind,2026-02-13 04:00:00,Nongshim RedForce,Rex Regum Qeon,0.09090909090909094,0.0011001100110010764,0.00017889087656530744,21.575418994413408,1
595640,Haven,2026-02-13 04:00:00,Nongshim RedForce,Rex Regum Qeon,0.09090909090909094,0.0011001100110010764,0.00017889087656530744,21.159926470588236,1
595640,Abyss,2026-02-13 04:00:00,Nongshim RedForce,Rex Regum Qeon,0.09090909090909094,0.0011001100110010764,0.00017889087656530744,21.180487804878048,0
595640,Breeze,2026-02-13 04:00:00,Nongshim RedForce,Rex Regum Qeon,0.09090909090909094,0.0011001100110010764,0.00017889087656530744,21.06774193548387,1
594750,Haven,2026-02-13 10:15:00,Gentle Mates,BBL Esports,-0.1686859273066169,-0.001312335958005284,0.0007865757734661916,21.159926470588236,1
594750,Abyss,2026-02-13 10:15:00,Gentle Mates,BBL Esports,-0.1686859273066169,-0.001312335958005284,0.0007865757734661916,21.180487804878048,0
594750,Pearl,2026-02-13 10:15:00,Gentle Mates,BBL Esports,-0.1686859273066169,-0.001312335958005284,0.0007865757734661916,21.221830985915492,0
594750,Split,2026-02-13 10:15:00,Gentle Mates,BBL Esports,-0.1686859273066169,-0.001312335958005284,0.0007865757734661916,21.295289855072465,1
594750,Corrode,2026-02-13 10:15:00,Gentle Mates,BBL Esports,-0.1686859273066169,-0.001312335958005284,0.0007865757734661916,21.65277777777778,0
596425,Pearl,2026-02-13 15:00:00,100 Thieves,Cloud9,-0.020833333333333315,0.0018830100110959758,-6.773463457865336e-05,21.221830985915492,1
596425,Split,2026-02-13 15:00:00,100 Thieves,Cloud9,-0.020833333333333315,0.0018830100110959758,-6.773463457865336e-05,21.295289855072465,0
596425,Abyss,2026-02-13 15:00:00,100 Thieves,Cloud9,-0.020833333333333315,0.0018830100110959758,-6.773463457865336e-05,21.180487804878048,1
596408,Bind,2026-02-13 18:30:00,MIBR,FURIA,0.18571428571428575,-0.0028142589118198558,-0.0036641469820474226,21.575418994413408,1
596408,Abyss,2026-02-13 18:30:00,MIBR,FURIA,0.18571428571428575,-0.0028142589118198558,-0.0036641469820474226,21.180487804878048,0
596408,Haven,2026-02-13 18:30:00,MIBR,FURIA,0.18571428571428575,-0.0028142589118198558,-0.0036641469820474226,21.159926470588236,0
596408,Breeze,2026-02-13 18:30:00,MIBR,FURIA,0.18571428571428575,-0.0028142589118198558,-0.0036641469820474226,21.06774193548387,1
596408,Split,2026-02-13 18:30:00,MIBR,FURIA,0.18571428571428575,-0.0028142589118198558,-0.0036641469820474226,21.295289855072465,0
595658,Haven,2026-02-14 02:00:00,DetonatioN FocusMe,Paper Rex,-0.35486443381180227,-0.00039462539462542523,0.002224276700858452,21.159926470588236,0
595658,Split,2026-02-14 02:00:00,DetonatioN FocusMe,Paper Rex,-0.35486443381180227,-0.00039462539462542523,0.002224276700858452,21.295289855072465,0
595650,Pearl,2026-02-14 04:00:00,Rex Regum Qeon,T1,0.02337164750957854,-0.0012714254304205252,0.00037802213908755267,21.221830985915492,0
595650,Bind,2026-02-14 04:00:00,Rex Regum Qeon,T1,0.02337164750957854,-0.0012714254304205252,0.00037802213908755267,21.575418994413408,0
595650,Pearl,2026-02-14 04:00:00,Rex Regum Qeon,T1,0.02337164750957854,-0.0012714254304205252,0.00037802213908755267,21.221830985915492,0
595650,Breeze,2026-02-14 04:00:00,Rex Regum Qeon,T1,0.02337164750957854,-0.0012714254304205252,0.00037802213908755267,21.06774193548387,0
595650,Abyss,2026-02-14 04:00:00,Rex Regum Qeon,T1,0.02337164750957854,-0.0012714254304205252,0.00037802213908755267,21.180487804878048,0
594768,Corrode,2026-02-14 08:00:00,Team Vitality,Team Liquid,-0.04385964912280704,0.0008074935400516625,-0.00081711989887856,21.65277777777778,1
594768,Bind,2026-02-14 08:00:00,Team Vitality,Team Liquid,-0.04385964912280704,0.0008074935400516625,-0.00081711989887856,21.575418994413408,0
594768,Breeze,2026-02-14 08:00:00,Team Vitality,Team Liquid,-0.04385964912280704,0.0008074935400516625,-0.00081711989887856,21.06774193548387,0
596426,Pearl,2026-02-14 15:00:00,NRG,100 Thieves,0.07270408163265307,-0.0012337485535361958,-0.0015966701698853503,21.221830985915492,0
596426,Lotus,2026-02-14 15:00:00,NRG,100 Thieves,0.07270408163265307,-0.0012337485535361958,-0.0015966701698853503,21.276412776412776,1
596426,Breeze,2026-02-14 15:00:00,NRG,100 Thieves,0.07270408163265307,-0.0012337485535361958,-0.0015966701698853503,21.06774193548387,1
596426,Fracture,2026-02-14 15:00:00,NRG,100 Thieves,0.07270408163265307,-0.0012337485535361958,-0.0015966701698853503,21.18957345971564,1
596426,Breeze,2026-02-14 15:00:00,NRG,100 Thieves,0.07270408163265307,-0.0012337485535361958,-0.0015966701698853503,21.06774193548387,1
596426,Haven,2026-02-14 15:00:00,NRG,100 Thieves,0.07270408163265307,-0.0012337485535361958,-0.0015966701698853503,21.159926470588236,1
596426,Corrode,2026-02-14 15:00:00,NRG,100 Thieves,0.07270408163265307,-0.0012337485535361958,-0.0015966701698853503,21.65277777777778,1
596426,Pearl,2026-02-14 15:00:00,NRG,100 Thieves,0.07270408163265307,-0.0012337485535361958,-0.0015966701698853503,21.221830985915492,1
596426,Abyss,2026-02-14 15:00:00,NRG,100 Thieves,0.07270408163265307,-0.0012337485535361958,-0.0015966701698853503,21.180487804878048,1
596418,Breeze,2026-02-14 17:20:00,MIBR,G2 Esports,-0.3020289855072464,-0.00021627500040882763,0.0013660499348432942,21.06774193548387,0
596418,Haven,2026-02-14 17:20:00,MIBR,G2 Esports,-0.3020289855072464,-0.00021627500040882763,0.0013660499348432942,21.159926470588236,0
596418,Corrode,2026-02-14 17:20:00,MIBR,G2 Esports,-0.3020289855072464,-0.00021627500040882763,0.0013660499348432942,21.65277777777778,0
595659,Haven,2026-02-15 02:00:00,Rex Regum Qeon,Paper Rex,-0.18407679277244493,-0.0010279943947028025,0.0006587707246293317,21.159926470588236,0
595659,Corrode,2026-02-15 02:00:00,Rex Regum Qeon,Paper Rex,-0.18407679277244493,-0.0010279943947028025,0.0006587707246293317,21.65277777777778,1
595659,Breeze,2026-02-15 02:00:00,Rex Regum Qeon,Paper Rex,-0.18407679277244493,-0.0010279943947028025,0.0006587707246293317,21.06774193548387,0
595659,Pearl,2026-02-15 02:00:00,Rex Regum Qeon,Paper Rex,-0.18407679277244493,-0.0010279943947028025,0.0006587707246293317,21.221830985915492,0
596427,Bind,2026-02-15 17:00:00,MIBR,NRG,-0.18844984802431608,-0.0010054899152643348,0.0017932765174016874,21.575418994413408,1
596427,Corrode,2026-02-15 17:00:00,MIBR,NRG,-0.18844984802431608,-0.0010054899152643348,0.0017932765174016874,21.65277777777778,1
596427,Split,2026-02-15 17:00:00,MIBR,NRG,-0.18844984802431608,-0.0010054899152643348,0.0017932765174016874,21.295289855072465,0
596427,Abyss,2026-02-15 17:00:00,MIBR,NRG,-0.18844984802431608,-0.0010054899152643348,0.0017932765174016874,21.180487804878048,0
596427,Haven,2026-02-15 17:00:00,MIBR,NRG,-0.18844984802431608,-0.0010054899152643348,0.0017932765174016874,21.159926470588236,0
625788,Haven,2026-02-28 12:00:00,Gentle Mates,EDward Gaming,-0.2942840973401245,0.0027173913043477826,-0.0024019215372297897,21.159926470588236,1
625788,Pearl,2026-02-28 12:00:00,Gentle Mates,EDward Gaming,-0.2942840973401245,0.0027173913043477826,-0.0024019215372297897,21.221830985915492,1
625791,Pearl,2026-02-28 14:30:00,Xi Lai Gaming,NRG,-0.008571428571428563,-0.0011210762331838042,0.00047961630695442237,21.221830985915492,0
625791,Lotus,2026-02-28 14:30:00,Xi Lai Gaming,NRG,-0.008571428571428563,-0.0011210762331838042,0.00047961630695442237,21.276412776412776,0
625791,Haven,2026-02-28 14:30:00,Xi Lai Gaming,NRG,-0.008571428571428563,-0.0011210762331838042,0.00047961630695442237,21.159926470588236,0
625791,Abyss,2026-02-28 14:30:00,Xi Lai Gaming,NRG,-0.008571428571428563,-0.0011210762331838042,0.00047961630695442237,21.180487804878048,0
625790,Split,2026-03-01 12:00:00,G2 Esports,Paper Rex,0.030701754385964897,0.00012351525044401734,-0.00017094443402021486,21.295289855072465,0
625790,Corrode,2026-03-01 12:00:00,G2 Esports,Paper Rex,0.030701754385964897,0.00012351525044401734,-0.00017094443402021486,21.65277777777778,0
625789,Breeze,2026-03-01 14:05:00,T1,Team Liquid,-0.08474576271186435,0.00033844942935851163,-0.001549338975468717,21.06774193548387,0
625789,Split,2026-03-01 14:05:00,T1,Team Liquid,-0.08474576271186435,0.00033844942935851163,-0.001549338975468717,21.295289855072465,0
626529,Split,2026-03-02 13:00:00,Paper Rex,NRG,0.08265078183172003,-0.0014514616419254445,0.00035730660007643467,21.295289855072465,1
626529,Pearl,2026-03-02 13:00:00,Paper Rex,NRG,0.08265078183172003,-0.0014514616419254445,0.00035730660007643467,21.221830985915492,0
626529,Haven,2026-03-02 13:00:00,Paper Rex,NRG,0.08265078183172003,-0.0014514616419254445,0.00035730660007643467,21.159926470588236,1
626530,Split,2026-03-02 16:30:00,Gentle Mates,Team Liquid,-0.19166666666666665,0.003151161220631915,-0.004068497715810526,21.295289855072465,0
626530,Lotus,2026-03-02 16:30:00,Gentle Mates,Team Liquid,-0.19166666666666665,0.003151161220631915,-0.004068497715810526,21.276412776412776,0
626530,Pearl,2026-03-02 16:30:00,Gentle Mates,Team Liquid,-0.19166666666666665,0.003151161220631915,-0.004068497715810526,21.221830985915492,1
626530,Bind,2026-03-02 16:30:00,Gentle Mates,Team Liquid,-0.19166666666666665,0.003151161220631915,-0.004068497715810526,21.575418994413408,1
626532,Bind,2026-03-03 13:00:00,EDward Gaming,T1,0.171264367816092,0.00013683634373290454,-0.00017088174982915483,21.575418994413408,0
626532,Haven,2026-03-03 13:00:00,EDward Gaming,T1,0.171264367816092,0.00013683634373290454,-0.00017088174982915483,21.159926470588236,0
626533,Abyss,2026-03-03 15:10:00,Xi Lai Gaming,G2 Esports,-0.154978354978355,0.00022727272727274261,0.00028533384059348244,21.180487804878048,0
626533,Haven,2026-03-03 15:10:00,Xi Lai Gaming,G2 Esports,-0.154978354978355,0.00022727272727274261,0.00028533384059348244,21.159926470588236,0
626535,Breeze,2026-03-04 13:00:00,NRG,Team Liquid,0.0031525851197982124,0.0013772926013308484,-0.0021492225167053514,21.06774193548387,1
626535,Abyss,2026-03-04 13:00:00,NRG,Team Liquid,0.0031525851197982124,0.0013772926013308484,-0.0021492225167053514,21.180487804878048,1
626534,Breeze,2026-03-04 15:20:00,G2 Esports,T1,0.21689785624211855,-9.050582783648453e-05,-0.00045475587418558616,21.06774193548387,1
626534,Haven,2026-03-04 15:20:00,G2 Esports,T1,0.21689785624211855,-9.050582783648453e-05,-0.00045475587418558616,21.159926470588236,1
626539,Haven,2026-03-06 13:00:00,FURIA,Paper Rex,-0.4336206896551724,0.0018145751357679374,0.0036604895904826518,21.159926470588236,1
626539,Breeze,2026-03-06 13:00:00,FURIA,Paper Rex,-0.4336206896551724,0.0018145751357679374,0.0036604895904826518,21.06774193548387,0
626539,Split,2026-03-06 13:00:00,FURIA,Paper Rex,-0.4336206896551724,0.0018145751357679374,0.0036604895904826518,21.295289855072465,0
626537,Haven,2026-03-06 16:00:00,Nongshim RedForce,Gentle Mates,0.24505928853754944,0.0014542748917749648,0.0012457611762574095,21.159926470588236,1
626537,Corrode,2026-03-06 16:00:00,Nongshim RedForce,Gentle Mates,0.24505928853754944,0.0014542748917749648,0.0012457611762574095,21.65277777777778,1
626540,Pearl,2026-03-07 12:00:00,BBL Esports,NRG,-0.05858987090367429,-0.00025616385495219607,0.0004646840148698761,21.221830985915492,0
626540,Abyss,2026-03-07 12:00:00,BBL Esports,NRG,-0.05858987090367429,-0.00025616385495219607,0.0004646840148698761,21.180487804878048,1
626540,Split,2026-03-07 12:00:00,BBL Esports,NRG,-0.05858987090367429,-0.00025616385495219607,0.0004646840148698761,21.295289855072465,0
626538,Split,2026-03-07 15:30:00,All Gamers,G2 Esports,-0.29620253164556964,0.0002256317689530718,0.00028328611898015277,21.295289855072465,0
626538,Abyss,2026-03-07 15:30:00,All Gamers,G2 Esports,-0.29620253164556964,0.0002256317689530718,0.00028328611898015277,21.180487804878048,0
626546,Haven,2026-03-08 13:00:00,FURIA,BBL Esports,-0.27948717948717944,-0.0003487679478337835,0.0012860265781468039,21.159926470588236,0
626546,Breeze,2026-03-08 13:00:00,FURIA,BBL Esports,-0.27948717948717944,-0.0003487679478337835,0.0012860265781468039,21.06774193548387,1
626546,Abyss,2026-03-08 13:00:00,FURIA,BBL Esports,-0.27948717948717944,-0.0003487679478337835,0.0012860265781468039,21.180487804878048,0
626545,Pearl,2026-03-08 16:30:00,Gentle Mates,All Gamers,-0.028011204481792673,0.0025684931506849695,-0.002262443438914019,21.221830985915492,1
626545,Split,2026-03-08 16:30:00,Gentle Mates,All Gamers,-0.028011204481792673,0.0025684931506849695,-0.002262443438914019,21.295289855072465,0
626545,Bind,2026-03-08 16:30:00,Gentle Mates,All Gamers,-0.028011204481792673,0.0025684931506849695,-0.002262443438914019,21.575418994413408,0
626541,Corrode,2026-03-09 14:00:00,Nongshim RedForce,G2 Esports,-0.07499999999999996,0.004231230400295161,-0.0007561356009702647,21.65277777777778,1
626541,Split,2026-03-09 14:00:00,Nongshim RedForce,G2 Esports,-0.07499999999999996,0.004231230400295161,-0.0007561356009702647,21.295289855072465,1
626541,Abyss,2026-03-09 14:00:00,Nongshim RedForce,G2 Esports,-0.07499999999999996,0.004231230400295161,-0.0007561356009702647,21.180487804878048,0
626542,Split,2026-03-09 17:20:00,Paper Rex,NRG,0.0864197530864198,-0.0008053775826074028,0.00028522532800911993,21.295289855072465,1
626542,Pearl,2026-03-09 17:20:00,Paper Rex,NRG,0.0864197530864198,-0.0008053775826074028,0.00028522532800911993,21.221830985915492,0
626542,Haven,2026-03-09 17:20:00,Paper Rex,NRG,0.0864197530864198,-0.0008053775826074028,0.00028522532800911993,21.159926470588236,1
626542,Pearl,2026-03-09 17:20:00,Paper Rex,NRG,0.0864197530864198,-0.0008053775826074028,0.00028522532800911993,21.221830985915492,0
626542,Bind,2026-03-09 17:20:00,Paper Rex,NRG,0.0864197530864198,-0.0008053775826074028,0.00028522532800911993,21.575418994413408,0
626548,Haven,2026-03-10 14:00:00,G2 Esports,BBL Esports,0.16635802469135796,-0.0025111726304871684,0.0012369519289959219,21.159926470588236,1
626548,Breeze,2026-03-10 14:00:00,G2 Esports,BBL Esports,0.16635802469135796,-0.0025111726304871684,0.0012369519289959219,21.06774193548387,1
626547,Corrode,2026-03-10 16:10:00,Paper Rex,All Gamers,0.2738359201773836,0.0007689669726706483,-0.0026339543687053935,21.65277777777778,0
626547,Pearl,2026-03-10 16:10:00,Paper Rex,All Gamers,0.2738359201773836,0.0007689669726706483,-0.0026339543687053935,21.221830985915492,1
626547,Split,2026-03-10 16:10:00,Paper Rex,All Gamers,0.2738359201773836,0.0007689669726706483,-0.0026339543687053935,21.295289855072465,1
626543,Bind,2026-03-13 13:00:00,Nongshim RedForce,NRG,0.05818181818181822,0.00459365522127031,-0.00239890335846471,21.575418994413408,1
626543,Abyss,2026-03-13 13:00:00,Nongshim RedForce,NRG,0.05818181818181822,0.00459365522127031,-0.00239890335846471,21.180487804878048,1
626549,Haven,2026-03-13 15:25:00,Paper Rex,G2 Esports,-0.008374963267704927,0.0005102999472972325,0.0008550810122595065,21.159926470588236,0
626549,Breeze,2026-03-13 15:25:00,Paper Rex,G2 Esports,-0.008374963267704927,0.0005102999472972325,0.0008550810122595065,21.06774193548387,1
626549,Corrode,2026-03-13 15:25:00,Paper Rex,G2 Esports,-0.008374963267704927,0.0005102999472972325,0.0008550810122595065,21.65277777777778,1
626550,Pearl,2026-03-14 13:00:00,NRG,Paper Rex,-0.11904761904761907,0.00035073130305163236,-0.0010015579790785267,21.221830985915492,1
626550,Split,2026-03-14 13:00:00,NRG,Paper Rex,-0.11904761904761907,0.00035073130305163236,-0.0010015579790785267,21.295289855072465,0
626550,Corrode,2026-03-14 13:00:00,NRG,Paper Rex,-0.11904761904761907,0.00035073130305163236,-0.0010015579790785267,21.65277777777778,0
626550,Breeze,2026-03-14 13:00:00,NRG,Paper Rex,-0.11904761904761907,0.00035073130305163236,-0.0010015579790785267,21.06774193548387,0
626544,Fracture,2026-03-15 14:00:00,Nongshim RedForce,Paper Rex,-0.04027149321266965,0.004886594136086941,-0.0033573038474083994,21.18957345971564,1
626544,Split,2026-03-15 14:00:00,Nongshim RedForce,Paper Rex,-0.04027149321266965,0.004886594136086941,-0.0033573038474083994,21.295289855072465,0
626544,Lotus,2026-03-15 14:00:00,Nongshim RedForce,Paper Rex,-0.04027149321266965,0.004886594136086941,-0.0033573038474083994,21.276412776412776,0
626544,Corrode,2026-03-15 14:00:00,Nongshim RedForce,Paper Rex,-0.04027149321266965,0.004886594136086941,-0.0033573038474083994,21.65277777777778,1
626544,Split,2026-03-15 14:00:00,Nongshim RedForce,Paper Rex,-0.04027149321266965,0.004886594136086941,-0.0033573038474083994,21.295289855072465,1
626544,Abyss,2026-03-15 14:00:00,Nongshim RedForce,Paper Rex,-0.04027149321266965,0.004886594136086941,-0.0033573038474083994,21.180487804878048,1
642914,Lotus,2026-03-31 05:00:00,Titan Esports Club,All Gamers,-0.1640316205533597,0.0008417508417508657,0.0005747126436781436,21.276412776412776,0
642914,Bind,2026-03-31 05:00:00,Titan Esports Club,All Gamers,-0.1640316205533597,0.0008417508417508657,0.0005747126436781436,21.575418994413408,1
642914,Breeze,2026-03-31 05:00:00,Titan Esports Club,All Gamers,-0.1640316205533597,0.0008417508417508657,0.0005747126436781436,21.06774193548387,0
642915,Fracture,2026-03-31 08:30:00,Nova Esports,EDward Gaming,-0.24616626311541567,0.0,0.0,21.18957345971564,0
642915,Breeze,2026-03-31 08:30:00,Nova Esports,EDward Gaming,-0.24616626311541567,0.0,0.0,21.06774193548387,0
642916,Lotus,2026-04-01 05:00:00,JDG Esports,FunPlus Phoenix,-0.08056265984654731,0.0,0.0,21.276412776412776,1
642916,Split,2026-04-01 05:00:00,JDG Esports,FunPlus Phoenix,-0.08056265984654731,0.0,0.0,21.295289855072465,1
642916,Pearl,2026-04-01 05:00:00,JDG Esports,FunPlus Phoenix,-0.08056265984654731,0.0,0.0,21.221830985915492,0
642916,Pearl,2026-04-01 05:00:00,JDG Esports,FunPlus Phoenix,-0.08056265984654731,0.0,0.0,21.221830985915492,0
642916,Bind,2026-04-01 05:00:00,JDG Esports,FunPlus Phoenix,-0.08056265984654731,0.0,0.0,21.575418994413408,1
642916,Haven,2026-04-01 05:00:00,JDG Esports,FunPlus Phoenix,-0.08056265984654731,0.0,0.0,21.159926470588236,1
642917,Haven,2026-04-01 08:10:00,Dragon Ranger Gaming,Xi Lai Gaming,-0.09375,0.0,0.0,21.159926470588236,1
642917,Fracture,2026-04-01 08:10:00,Dragon Ranger Gaming,Xi Lai Gaming,-0.09375,0.0,0.0,21.18957345971564,0
642917,Split,2026-04-01 08:10:00,Dragon Ranger Gaming,Xi Lai Gaming,-0.09375,0.0,0.0,21.295289855072465,0
642917,Lotus,2026-04-01 08:10:00,Dragon Ranger Gaming,Xi Lai Gaming,-0.09375,0.0,0.0,21.276412776412776,0
642917,Bind,2026-04-01 08:10:00,Dragon Ranger Gaming,Xi Lai Gaming,-0.09375,0.0,0.0,21.575418994413408,0
644710,Haven,2026-04-01 14:35:00,Team Liquid,Karmine Corp,0.1835637480798772,-0.0024334333737469627,0.0030167167696112385,21.159926470588236,1
644710,Pearl,2026-04-01 14:35:00,Team Liquid,Karmine Corp,0.1835637480798772,-0.0024334333737469627,0.0030167167696112385,21.221830985915492,1
642918,Lotus,2026-04-02 05:00:00,Wolves Esports,Trace Esports,-0.2085769980506823,0.0,0.0,21.276412776412776,0
642918,Bind,2026-04-02 05:00:00,Wolves Esports,Trace Esports,-0.2085769980506823,0.0,0.0,21.575418994413408,0
642919,Bind,2026-04-02 07:30:00,Bilibili Gaming,TYLOO,-0.003968253968253954,0.0,0.0,21.575418994413408,0
642919,Pearl,2026-04-02 07:30:00,Bilibili Gaming,TYLOO,-0.003968253968253954,0.0,0.0,21.221830985915492,1
642919,Breeze,2026-04-02 07:30:00,Bilibili Gaming,TYLOO,-0.003968253968253954,0.0,0.0,21.06774193548387,0
644711,Haven,2026-04-02 11:00:00,Team Vitality,GIANTX,0.02638128422100544,-0.0008202399439724561,0.000250364395089131,21.159926470588236,1
644711,Pearl,2026-04-02 11:00:00,Team Vitality,GIANTX,0.02638128422100544,-0.0008202399439724561,0.000250364395089131,21.221830985915492,1
644711,Abyss,2026-04-02 11:00:00,Team Vitality,GIANTX,0.02638128422100544,-0.0008202399439724561,0.000250364395089131,21.180487804878048,1
644711,Breeze,2026-04-02 11:00:00,Team Vitality,GIANTX,0.02638128422100544,-0.0008202399439724561,0.000250364395089131,21.06774193548387,1
644712,Pearl,2026-04-02 13:05:00,Gentle Mates,FUT Esports,-0.12653061224489798,0.004754248453585297,-0.004822553924214545,21.221830985915492,1
644712,Bind,2026-04-02 13:05:00,Gentle Mates,FUT Esports,-0.12653061224489798,0.004754248453585297,-0.004822553924214545,21.575418994413408,0
644712,Haven,2026-04-02 13:05:00,Gentle Mates,FUT Esports,-0.12653061224489798,0.004754248453585297,-0.004822553924214545,21.159926470588236,0
644652,Bind,2026-04-03 04:00:00,Gen.G,Global Esports,0.4540441176470589,-0.0008136469156150294,-0.0008951847941586766,21.575418994413408,0
644652,Split,2026-04-03 04:00:00,Gen.G,Global Esports,0.4540441176470589,-0.0008136469156150294,-0.0008951847941586766,21.295289855072465,0
642920,Breeze,2026-04-03 05:00:00,Dragon Ranger Gaming,Nova Esports,0.030303030303030276,0.0,0.0,21.06774193548387,1
642920,Haven,2026-04-03 05:00:00,Dragon Ranger Gaming,Nova Esports,0.030303030303030276,0.0,0.0,21.159926470588236,1
644653,Haven,2026-04-03 06:15:00,T1,VARREL,0.46774193548387094,0.09986493787142081,-0.051233178200713825,21.159926470588236,1
644653,Pearl,2026-04-03 06:15:00,T1,VARREL,0.46774193548387094,0.09986493787142081,-0.051233178200713825,21.221830985915492,1
642921,Split,2026-04-03 07:10:00,FunPlus Phoenix,All Gamers,0.12619047619047613,0.0008169934640522847,0.0005537098560354226,21.295289855072465,1
642921,Pearl,2026-04-03 07:10:00,FunPlus Phoenix,All Gamers,0.12619047619047613,0.0008169934640522847,0.0005537098560354226,21.221830985915492,1
644713,Pearl,2026-04-03 11:00:00,Team Heretics,Natus Vincere,0.283995990644838,3.9910600255432804e-05,-0.002698535080956077,21.221830985915492,1
644713,Lotus,2026-04-03 11:00:00,Team Heretics,Natus Vincere,0.283995990644838,3.9910600255432804e-05,-0.002698535080956077,21.276412776412776,0
644713,Bind,2026-04-03 11:00:00,Team Heretics,Natus Vincere,0.283995990644838,3.9910600255432804e-05,-0.002698535080956077,21.575418994413408,0
644714,Split,2026-04-03 14:55:00,BBL Esports,PCIFIC Esports,0.5121951219512195,0.0685606060606061,-0.023861631184545207,21.295289855072465,1
644714,Breeze,2026-04-03 14:55:00,BBL Esports,PCIFIC Esports,0.5121951219512195,0.0685606060606061,-0.023861631184545207,21.06774193548387,1
644654,Fracture,2026-04-04 04:00:00,Nongshim RedForce,Paper Rex,-0.06804478897502153,0.004642456380770765,-0.0032338410245601468,21.18957345971564,1
644654,Split,2026-04-04 04:00:00,Nongshim RedForce,Paper Rex,-0.06804478897502153,0.004642456380770765,-0.0032338410245601468,21.295289855072465,0
644654,Lotus,2026-04-04 04:00:00,Nongshim RedForce,Paper Rex,-0.06804478897502153,0.004642456380770765,-0.0032338410245601468,21.276412776412776,0
642922,Split,2026-04-04 05:00:00,TYLOO,Titan Esports Club,0.28260869565217395,0.0,0.0,21.295289855072465,1
642922,Fracture,2026-04-04 05:00:00,TYLOO,Titan Esports Club,0.28260869565217395,0.0,0.0,21.18957345971564,1
642922,Corrode,2026-04-04 05:00:00,TYLOO,Titan Esports Club,0.28260869565217395,0.0,0.0,21.65277777777778,0
642922,Breeze,2026-04-04 05:00:00,TYLOO,Titan Esports Club,0.28260869565217395,0.0,0.0,21.06774193548387,1
642922,Split,2026-04-04 05:00:00,TYLOO,Titan Esports Club,0.28260869565217395,0.0,0.0,21.295289855072465,1
644655,Pearl,2026-04-04 07:10:00,FULL SENSE,DetonatioN FocusMe,0.10588235294117648,0.005367092756473291,-0.0020746887966804906,21.221830985915492,1
644655,Bind,2026-04-04 07:10:00,FULL SENSE,DetonatioN FocusMe,0.10588235294117648,0.005367092756473291,-0.0020746887966804906,21.575418994413408,1
644655,Pearl,2026-04-04 07:10:00,FULL SENSE,DetonatioN FocusMe,0.10588235294117648,0.005367092756473291,-0.0020746887966804906,21.221830985915492,1
644655,Split,2026-04-04 07:10:00,FULL SENSE,DetonatioN FocusMe,0.10588235294117648,0.005367092756473291,-0.0020746887966804906,21.295289855072465,0
644655,Haven,2026-04-04 07:10:00,FULL SENSE,DetonatioN FocusMe,0.10588235294117648,0.005367092756473291,-0.0020746887966804906,21.159926470588236,0
642923,Fracture,2026-04-04 07:30:00,Wolves Esports,EDward Gaming,-0.27619047619047615,0.0,0.0,21.18957345971564,0
642923,Lotus,2026-04-04 07:30:00,Wolves Esports,EDward Gaming,-0.27619047619047615,0.0,0.0,21.276412776412776,0
642924,Breeze,2026-04-05 05:00:00,Trace Esports,Xi Lai Gaming,0.0603318250377074,0.0,0.0,21.06774193548387,1
642924,Lotus,2026-04-05 05:00:00,Trace Esports,Xi Lai Gaming,0.0603318250377074,0.0,0.0,21.276412776412776,0
642924,Bind,2026-04-05 05:00:00,Trace Esports,Xi Lai Gaming,0.0603318250377074,0.0,0.0,21.575418994413408,0
644657,Split,2026-04-05 06:30:00,Rex Regum Qeon,ZETA DIVISION,0.14550446122168842,-0.0023991780698188747,0.0024771613711940255,21.295289855072465,0
644657,Fracture,2026-04-05 06:30:00,Rex Regum Qeon,ZETA DIVISION,0.14550446122168842,-0.0023991780698188747,0.0024771613711940255,21.18957345971564,1
644657,Haven,2026-04-05 06:30:00,Rex Regum Qeon,ZETA DIVISION,0.14550446122168842,-0.0023991780698188747,0.0024771613711940255,21.159926470588236,1
642925,Haven,2026-04-05 08:25:00,Bilibili Gaming,JDG Esports,-0.040540540540540515,0.0,0.0,21.159926470588236,1
642925,Fracture,2026-04-05 08:25:00,Bilibili Gaming,JDG Esports,-0.040540540540540515,0.0,0.0,21.18957345971564,1
642927,Bind,2026-04-07 05:00:00,FunPlus Phoenix,TYLOO,0.033816425120772986,0.0,0.0,21.575418994413408,0
642927,Split,2026-04-07 05:00:00,FunPlus Phoenix,TYLOO,0.033816425120772986,0.0,0.0,21.295289855072465,1
642927,Pearl,2026-04-07 05:00:00,FunPlus Phoenix,TYLOO,0.033816425120772986,0.0,0.0,21.221830985915492,1
642927,Pearl,2026-04-07 05:00:00,FunPlus Phoenix,TYLOO,0.033816425120772986,0.0,0.0,21.221830985915492,0
642927,Haven,2026-04-07 05:00:00,FunPlus Phoenix,TYLOO,0.033816425120772986,0.0,0.0,21.159926470588236,0
642928,Fracture,2026-04-07 08:30:00,Titan Esports Club,Bilibili Gaming,-0.26535087719298245,0.0,0.0,21.18957345971564,1
642928,Breeze,2026-04-07 08:30:00,Titan Esports Club,Bilibili Gaming,-0.26535087719298245,0.0,0.0,21.06774193548387,1
642929,Haven,2026-04-08 05:00:00,Xi Lai Gaming,Nova Esports,0.20772946859903385,0.0,0.0,21.159926470588236,1
642929,Bind,2026-04-08 05:00:00,Xi Lai Gaming,Nova Esports,0.20772946859903385,0.0,0.0,21.575418994413408,1
642930,Lotus,2026-04-08 07:30:00,EDward Gaming,Trace Esports,0.06434426229508206,0.0,0.0,21.276412776412776,1
642930,Haven,2026-04-08 07:30:00,EDward Gaming,Trace Esports,0.06434426229508206,0.0,0.0,21.159926470588236,1
644716,Haven,2026-04-08 11:00:00,PCIFIC Esports,GIANTX,-0.4523809523809524,-0.04811507936507936,0.015734021394398723,21.159926470588236,0
644716,Pearl,2026-04-08 11:00:00,PCIFIC Esports,GIANTX,-0.4523809523809524,-0.04811507936507936,0.015734021394398723,21.221830985915492,1
644716,Split,2026-04-08 11:00:00,PCIFIC Esports,GIANTX,-0.4523809523809524,-0.04811507936507936,0.015734021394398723,21.295289855072465,0
644717,Pearl,2026-04-08 14:25:00,BBL Esports,Eternal Fire,0.5238095238095238,-0.02590277777777783,0.17455320124314883,21.221830985915492,0
644717,Split,2026-04-08 14:25:00,BBL Esports,Eternal Fire,0.5238095238095238,-0.02590277777777783,0.17455320124314883,21.295289855072465,0
642931,Lotus,2026-04-09 05:00:00,JDG Esports,All Gamers,0.07999999999999996,0.0008012820512820484,0.0005458515283842669,21.276412776412776,0
642931,Haven,2026-04-09 05:00:00,JDG Esports,All Gamers,0.07999999999999996,0.0008012820512820484,0.0005458515283842669,21.159926470588236,0
642932,Breeze,2026-04-09 07:25:00,Dragon Ranger Gaming,Wolves Esports,0.06693711967545635,0.0,0.0,21.06774193548387,1
642932,Pearl,2026-04-09 07:25:00,Dragon Ranger Gaming,Wolves Esports,0.06693711967545635,0.0,0.0,21.221830985915492,0
642932,Lotus,2026-04-09 07:25:00,Dragon Ranger Gaming,Wolves Esports,0.06693711967545635,0.0,0.0,21.276412776412776,1
644719,Pearl,2026-04-09 13:30:00,Team Liquid,Team Heretics,-0.11776061776061775,7.834133170409041e-05,0.0018956221499613068,21.221830985915492,1
644719,Bind,2026-04-09 13:30:00,Team Liquid,Team Heretics,-0.11776061776061775,7.834133170409041e-05,0.0018956221499613068,21.575418994413408,1
644658,Pearl,2026-04-10 04:00:00,DetonatioN FocusMe,T1,-0.19047619047619047,-0.000560252281266771,0.0017930553637086621,21.221830985915492,0
644658,Lotus,2026-04-10 04:00:00,DetonatioN FocusMe,T1,-0.19047619047619047,-0.000560252281266771,0.0017930553637086621,21.276412776412776,0
644658,Pearl,2026-04-10 04:00:00,DetonatioN FocusMe,T1,-0.19047619047619047,-0.000560252281266771,0.0017930553637086621,21.221830985915492,0
644658,Split,2026-04-10 04:00:00,DetonatioN FocusMe,T1,-0.19047619047619047,-0.000560252281266771,0.0017930553637086621,21.295289855072465,0
642933,Lotus,2026-04-10 05:00:00,Nova Esports,Trace Esports,-0.2276422764227643,0.0,0.0,21.276412776412776,0
642933,Split,2026-04-10 05:00:00,Nova Esports,Trace Esports,-0.2276422764227643,0.0,0.0,21.295289855072465,0
642934,Lotus,2026-04-10 07:30:00,FunPlus Phoenix,Bilibili Gaming,0.10602910602910598,0.0,0.0,21.276412776412776,0
642934,Fracture,2026-04-10 07:30:00,FunPlus Phoenix,Bilibili Gaming,0.10602910602910598,0.0,0.0,21.18957345971564,1
642934,Pearl,2026-04-10 07:30:00,FunPlus Phoenix,Bilibili Gaming,0.10602910602910598,0.0,0.0,21.221830985915492,0
642934,Pearl,2026-04-10 07:30:00,FunPlus Phoenix,Bilibili Gaming,0.10602910602910598,0.0,0.0,21.221830985915492,0
642934,Bind,2026-04-10 07:30:00,FunPlus Phoenix,Bilibili Gaming,0.10602910602910598,0.0,0.0,21.575418994413408,0
644720,Fracture,2026-04-10 11:00:00,FUT Esports,Natus Vincere,0.051428571428571435,-0.0012281791442466106,-0.0016248238971559026,21.18957345971564,0
644720,Bind,2026-04-10 11:00:00,FUT Esports,Natus Vincere,0.051428571428571435,-0.0012281791442466106,-0.0016248238971559026,21.575418994413408,1
644720,Split,2026-04-10 11:00:00,FUT Esports,Natus Vincere,0.051428571428571435,-0.0012281791442466106,-0.0016248238971559026,21.295289855072465,1
644721,Fracture,2026-04-10 14:20:00,Gentle Mates,Karmine Corp,-0.038759689922480633,0.0014011915494436256,-0.004777667398993768,21.18957345971564,1
644721,Haven,2026-04-10 14:20:00,Gentle Mates,Karmine Corp,-0.038759689922480633,0.0014011915494436256,-0.004777667398993768,21.159926470588236,0
644721,Pearl,2026-04-10 14:20:00,Gentle Mates,Karmine Corp,-0.038759689922480633,0.0014011915494436256,-0.004777667398993768,21.221830985915492,1
645475,Lotus,2026-04-10 19:40:00,G2 Esports,MIBR,0.3117469879518072,0.00011671335200746924,-0.0007456684217642673,21.276412776412776,0
645475,Split,2026-04-10 19:40:00,G2 Esports,MIBR,0.3117469879518072,0.00011671335200746924,-0.0007456684217642673,21.295289855072465,0
644660,Split,2026-04-11 04:00:00,Team Secret,Global Esports,0.09090909090909088,-0.0017628205128205066,3.207013759520816e-05,21.295289855072465,0
644660,Lotus,2026-04-11 04:00:00,Team Secret,Global Esports,0.09090909090909088,-0.0017628205128205066,3.207013759520816e-05,21.276412776412776,0
642935,Bind,2026-04-11 05:00:00,All Gamers,TYLOO,-0.07692307692307693,-0.0007861635220126062,-0.0005359056806001905,21.575418994413408,0
642935,Haven,2026-04-11 05:00:00,All Gamers,TYLOO,-0.07692307692307693,-0.0007861635220126062,-0.0005359056806001905,21.159926470588236,1
642935,Breeze,2026-04-11 05:00:00,All Gamers,TYLOO,-0.07692307692307693,-0.0007861635220126062,-0.0005359056806001905,21.06774193548387,0
642935,Fracture,2026-04-11 05:00:00,All Gamers,TYLOO,-0.07692307692307693,-0.0007861635220126062,-0.0005359056806001905,21.18957345971564,1
642935,Haven,2026-04-11 05:00:00,All Gamers,TYLOO,-0.07692307692307693,-0.0007861635220126062,-0.0005359056806001905,21.159926470588236,0
642935,Split,2026-04-11 05:00:00,All Gamers,TYLOO,-0.07692307692307693,-0.0007861635220126062,-0.0005359056806001905,21.295289855072465,1
644661,Bind,2026-04-11 06:25:00,Rex Regum Qeon,VARREL,0.4791666666666667,0.06957397202204324,-0.03763597702490695,21.575418994413408,1
644661,Split,2026-04-11 06:25:00,Rex Regum Qeon,VARREL,0.4791666666666667,0.06957397202204324,-0.03763597702490695,21.295289855072465,1
642936,Breeze,2026-04-11 08:15:00,EDward Gaming,Dragon Ranger Gaming,0.21658986175115208,0.0,0.0,21.06774193548387,1
642936,Lotus,2026-04-11 08:15:00,EDward Gaming,Dragon Ranger Gaming,0.21658986175115208,0.0,0.0,21.276412776412776,0
642936,Split,2026-04-11 08:15:00,EDward Gaming,Dragon Ranger Gaming,0.21658986175115208,0.0,0.0,21.295289855072465,1
642936,Lotus,2026-04-11 08:15:00,EDward Gaming,Dragon Ranger Gaming,0.21658986175115208,0.0,0.0,21.276412776412776,0
642936,Split,2026-04-11 08:15:00,EDward Gaming,Dragon Ranger Gaming,0.21658986175115208,0.0,0.0,21.295289855072465,1
642936,Breeze,2026-04-11 08:15:00,EDward Gaming,Dragon Ranger Gaming,0.21658986175115208,0.0,0.0,21.06774193548387,1
645476,Haven,2026-04-11 17:00:00,100 Thieves,Evil Geniuses,0.05499999999999999,0.001289174440582963,0.001821139303628816,21.159926470588236,1
645476,Breeze,2026-04-11 17:00:00,100 Thieves,Evil Geniuses,0.05499999999999999,0.001289174440582963,0.001821139303628816,21.06774193548387,1
645476,Haven,2026-04-11 17:00:00,100 Thieves,Evil Geniuses,0.05499999999999999,0.001289174440582963,0.001821139303628816,21.159926470588236,1
645476,Bind,2026-04-11 17:00:00,100 Thieves,Evil Geniuses,0.05499999999999999,0.001289174440582963,0.001821139303628816,21.575418994413408,1
645477,Lotus,2026-04-11 20:35:00,ENVY,LOUD,0.27499999999999997,0.010659819483348931,0.011017267267267206,21.276412776412776,1
645477,Pearl,2026-04-11 20:35:00,ENVY,LOUD,0.27499999999999997,0.010659819483348931,0.011017267267267206,21.221830985915492,0
645477,Breeze,2026-04-11 20:35:00,ENVY,LOUD,0.27499999999999997,0.010659819483348931,0.011017267267267206,21.06774193548387,0
644662,Fracture,2026-04-12 04:00:00,FULL SENSE,ZETA DIVISION,0.1875,0.00022321428571425717,0.004551988500239579,21.18957345971564,1
644662,Split,2026-04-12 04:00:00,FULL SENSE,ZETA DIVISION,0.1875,0.00022321428571425717,0.004551988500239579,21.295289855072465,1
642937,Fracture,2026-04-12 05:00:00,JDG Esports,Titan Esports Club,0.22153846153846157,0.0,0.0,21.18957345971564,1
642937,Haven,2026-04-12 05:00:00,JDG Esports,Titan Esports Club,0.22153846153846157,0.0,0.0,21.159926470588236,1
642937,Corrode,2026-04-12 05:00:00,JDG Esports,Titan Esports Club,0.22153846153846157,0.0,0.0,21.65277777777778,1
642937,Haven,2026-04-12 05:00:00,JDG Esports,Titan Esports Club,0.22153846153846157,0.0,0.0,21.159926470588236,0
642937,Abyss,2026-04-12 05:00:00,JDG Esports,Titan Esports Club,0.22153846153846157,0.0,0.0,21.180487804878048,1
644663,Haven,2026-04-12 05:50:00,Gen.G,Paper Rex,0.023488255872063935,0.00029456767726743216,-0.0022097353945465525,21.159926470588236,1
644663,Fracture,2026-04-12 05:50:00,Gen.G,Paper Rex,0.023488255872063935,0.00029456767726743216,-0.0022097353945465525,21.18957345971564,0
644663,Lotus,2026-04-12 05:50:00,Gen.G,Paper Rex,0.023488255872063935,0.00029456767726743216,-0.0022097353945465525,21.276412776412776,1
642938,Fracture,2026-04-12 07:35:00,Xi Lai Gaming,Wolves Esports,0.24561403508771934,0.0,0.0,21.18957345971564,0
642938,Bind,2026-04-12 07:35:00,Xi Lai Gaming,Wolves Esports,0.24561403508771934,0.0,0.0,21.575418994413408,1
642938,Lotus,2026-04-12 07:35:00,Xi Lai Gaming,Wolves Esports,0.24561403508771934,0.0,0.0,21.276412776412776,1
642938,Breeze,2026-04-12 07:35:00,Xi Lai Gaming,Wolves Esports,0.24561403508771934,0.0,0.0,21.06774193548387,1
642938,Abyss,2026-04-12 07:35:00,Xi Lai Gaming,Wolves Esports,0.24561403508771934,0.0,0.0,21.180487804878048,1
645478,Pearl,2026-04-12 17:00:00,Cloud9,LEVIATÁN,-0.15925394548063132,-0.000949959555370028,4.3771701362493864e-05,21.221830985915492,0
645478,Haven,2026-04-12 17:00:00,Cloud9,LEVIATÁN,-0.15925394548063132,-0.000949959555370028,4.3771701362493864e-05,21.159926470588236,0
645478,Bind,2026-04-12 17:00:00,Cloud9,LEVIATÁN,-0.15925394548063132,-0.000949959555370028,4.3771701362493864e-05,21.575418994413408,1
645478,Breeze,2026-04-12 17:00:00,Cloud9,LEVIATÁN,-0.15925394548063132,-0.000949959555370028,4.3771701362493864e-05,21.06774193548387,1
645479,Pearl,2026-04-12 19:05:00,FURIA,NRG,-0.33559705715902655,-0.002676280092875516,0.002645502645502673,21.221830985915492,1
645479,Split,2026-04-12 19:05:00,FURIA,NRG,-0.33559705715902655,-0.002676280092875516,0.002645502645502673,21.295289855072465,1
645479,Lotus,2026-04-12 19:05:00,FURIA,NRG,-0.33559705715902655,-0.002676280092875516,0.002645502645502673,21.276412776412776,0
645479,Haven,2026-04-12 19:05:00,FURIA,NRG,-0.33559705715902655,-0.002676280092875516,0.002645502645502673,21.159926470588236,0
642939,Bind,2026-04-14 05:00:00,TYLOO,JDG Esports,0.03851851851851856,0.0,0.0,21.575418994413408,0
642939,Haven,2026-04-14 05:00:00,TYLOO,JDG Esports,0.03851851851851856,0.0,0.0,21.159926470588236,0
642940,Lotus,2026-04-14 07:55:00,Trace Esports,Dragon Ranger Gaming,0.1547619047619047,0.0,0.0,21.276412776412776,1
642940,Bind,2026-04-14 07:55:00,Trace Esports,Dragon Ranger Gaming,0.1547619047619047,0.0,0.0,21.575418994413408,0
642940,Breeze,2026-04-14 07:55:00,Trace Esports,Dragon Ranger Gaming,0.1547619047619047,0.0,0.0,21.06774193548387,0
642940,Ascent,2026-04-14 07:55:00,Trace Esports,Dragon Ranger Gaming,0.1547619047619047,0.0,0.0,21.038961038961038,0
642940,Lotus,2026-04-14 07:55:00,Trace Esports,Dragon Ranger Gaming,0.1547619047619047,0.0,0.0,21.276412776412776,0
642941,Fracture,2026-04-15 05:00:00,Titan Esports Club,FunPlus Phoenix,-0.3218623481781377,0.0,0.0,21.18957345971564,1
642941,Split,2026-04-15 05:00:00,Titan Esports Club,FunPlus Phoenix,-0.3218623481781377,0.0,0.0,21.295289855072465,1
642942,Lotus,2026-04-15 07:05:00,All Gamers,Bilibili Gaming,-0.06759259259259259,-0.0007309941520468044,-0.0004980079681274896,21.276412776412776,1
642942,Pearl,2026-04-15 07:05:00,All Gamers,Bilibili Gaming,-0.06759259259259259,-0.0007309941520468044,-0.0004980079681274896,21.221830985915492,0
642942,Bind,2026-04-15 07:05:00,All Gamers,Bilibili Gaming,-0.06759259259259259,-0.0007309941520468044,-0.0004980079681274896,21.575418994413408,1
644722,Haven,2026-04-15 11:00:00,BBL Esports,GIANTX,0.04651162790697677,0.00038150938987702165,-0.0004218768140191176,21.159926470588236,0
644722,Lotus,2026-04-15 11:00:00,BBL Esports,GIANTX,0.04651162790697677,0.00038150938987702165,-0.0004218768140191176,21.276412776412776,1
644722,Split,2026-04-15 11:00:00,BBL Esports,GIANTX,0.04651162790697677,0.00038150938987702165,-0.0004218768140191176,21.295289855072465,0
644723,Pearl,2026-04-15 14:20:00,Gentle Mates,Natus Vincere,-0.06725329981143935,0.003605705848230778,-0.00701077422749824,21.221830985915492,1
644723,Lotus,2026-04-15 14:20:00,Gentle Mates,Natus Vincere,-0.06725329981143935,0.003605705848230778,-0.00701077422749824,21.276412776412776,1
642943,Lotus,2026-04-16 05:00:00,Nova Esports,Wolves Esports,-0.002580645161290307,0.0,0.0,21.276412776412776,1
642943,Fracture,2026-04-16 05:00:00,Nova Esports,Wolves Esports,-0.002580645161290307,0.0,0.0,21.18957345971564,1
642943,Abyss,2026-04-16 05:00:00,Nova Esports,Wolves Esports,-0.002580645161290307,0.0,0.0,21.180487804878048,1
642943,Haven,2026-04-16 05:00:00,Nova Esports,Wolves Esports,-0.002580645161290307,0.0,0.0,21.159926470588236,0
642943,Pearl,2026-04-16 05:00:00,Nova Esports,Wolves Esports,-0.002580645161290307,0.0,0.0,21.221830985915492,0
642944,Lotus,2026-04-16 07:15:00,EDward Gaming,Xi Lai Gaming,0.050793650793650835,0.0,0.0,21.276412776412776,1
642944,Haven,2026-04-16 07:15:00,EDward Gaming,Xi Lai Gaming,0.050793650793650835,0.0,0.0,21.159926470588236,0
642944,Split,2026-04-16 07:15:00,EDward Gaming,Xi Lai Gaming,0.050793650793650835,0.0,0.0,21.295289855072465,0
642944,Fracture,2026-04-16 07:15:00,EDward Gaming,Xi Lai Gaming,0.050793650793650835,0.0,0.0,21.18957345971564,0
642944,Split,2026-04-16 07:15:00,EDward Gaming,Xi Lai Gaming,0.050793650793650835,0.0,0.0,21.295289855072465,1
642944,Breeze,2026-04-16 07:15:00,EDward Gaming,Xi Lai Gaming,0.050793650793650835,0.0,0.0,21.06774193548387,1
642944,Haven,2026-04-16 07:15:00,EDward Gaming,Xi Lai Gaming,0.050793650793650835,0.0,0.0,21.159926470588236,0
642944,Pearl,2026-04-16 07:15:00,EDward Gaming,Xi Lai Gaming,0.050793650793650835,0.0,0.0,21.221830985915492,1
644724,Bind,2026-04-16 11:00:00,Eternal Fire,Team Vitality,0.009803921568627472,0.012203447687318625,-0.08893990180014583,21.575418994413408,1
644724,Lotus,2026-04-16 11:00:00,Eternal Fire,Team Vitality,0.009803921568627472,0.012203447687318625,-0.08893990180014583,21.276412776412776,1
644725,Haven,2026-04-16 13:30:00,Karmine Corp,Team Heretics,-0.3163636363636364,0.002476849753768995,-0.0015318807800325795,21.159926470588236,1
644725,Lotus,2026-04-16 13:30:00,Karmine Corp,Team Heretics,-0.3163636363636364,0.002476849753768995,-0.0015318807800325795,21.276412776412776,0
644725,Fracture,2026-04-16 13:30:00,Karmine Corp,Team Heretics,-0.3163636363636364,0.002476849753768995,-0.0015318807800325795,21.18957345971564,0
644665,Haven,2026-04-17 04:00:00,FULL SENSE,VARREL,0.5714285714285714,0.05787037037037035,-0.027363184079602032,21.159926470588236,1
644665,Lotus,2026-04-17 04:00:00,FULL SENSE,VARREL,0.5714285714285714,0.05787037037037035,-0.027363184079602032,21.276412776412776,1
644666,Breeze,2026-04-17 06:20:00,Team Secret,Paper Rex,-0.31082887700534767,-0.0006719295283125204,-0.0011806406732324248,21.06774193548387,0
644666,Split,2026-04-17 06:20:00,Team Secret,Paper Rex,-0.31082887700534767,-0.0006719295283125204,-0.0011806406732324248,21.295289855072465,0
644726,Breeze,2026-04-17 11:00:00,FUT Esports,Team Liquid,-0.08792892156862747,-0.0014977515938069397,0.001048579555025797,21.06774193548387,1
644726,Haven,2026-04-17 11:00:00,FUT Esports,Team Liquid,-0.08792892156862747,-0.0014977515938069397,0.001048579555025797,21.159926470588236,1
645480,Split,2026-04-17 17:00:00,Cloud9,ENVY,-0.023809523809523836,-0.009709119496855323,-0.004457695579860643,21.295289855072465,1
645480,Pearl,2026-04-17 17:00:00,Cloud9,ENVY,-0.023809523809523836,-0.009709119496855323,-0.004457695579860643,21.221830985915492,0
645480,Haven,2026-04-17 17:00:00,Cloud9,ENVY,-0.023809523809523836,-0.009709119496855323,-0.004457695579860643,21.159926470588236,0
645481,Haven,2026-04-17 20:05:00,FURIA,Evil Geniuses,-0.1646341463414634,-0.002358894511483023,0.0035071044810068286,21.159926470588236,0
645481,Pearl,2026-04-17 20:05:00,FURIA,Evil Geniuses,-0.1646341463414634,-0.002358894511483023,0.0035071044810068286,21.221830985915492,1
645481,Lotus,2026-04-17 20:05:00,FURIA,Evil Geniuses,-0.1646341463414634,-0.002358894511483023,0.0035071044810068286,21.276412776412776,1
642947,Haven,2026-04-18 05:00:00,TYLOO,Dragon Ranger Gaming,0.06756756756756754,0.0,0.0,21.159926470588236,1
642947,Breeze,2026-04-18 05:00:00,TYLOO,Dragon Ranger Gaming,0.06756756756756754,0.0,0.0,21.06774193548387,1
644668,Bind,2026-04-18 06:20:00,ZETA DIVISION,DetonatioN FocusMe,0.02525252525252525,0.0030040798113087352,-0.006329102912405127,21.575418994413408,1
644668,Lotus,2026-04-18 06:20:00,ZETA DIVISION,DetonatioN FocusMe,0.02525252525252525,0.0030040798113087352,-0.006329102912405127,21.276412776412776,0
644668,Pearl,2026-04-18 06:20:00,ZETA DIVISION,DetonatioN FocusMe,0.02525252525252525,0.0030040798113087352,-0.006329102912405127,21.221830985915492,0
642946,Fracture,2026-04-18 07:15:00,JDG Esports,EDward Gaming,-0.140625,0.0,0.0,21.18957345971564,1
642946,Haven,2026-04-18 07:15:00,JDG Esports,EDward Gaming,-0.140625,0.0,0.0,21.159926470588236,0
642946,Bind,2026-04-18 07:15:00,JDG Esports,EDward Gaming,-0.140625,0.0,0.0,21.575418994413408,0
645482,Breeze,2026-04-18 17:00:00,G2 Esports,LEVIATÁN,0.02472527472527475,-0.0005146804630038471,-0.00015602113346369073,21.06774193548387,1
645482,Split,2026-04-18 17:00:00,G2 Esports,LEVIATÁN,0.02472527472527475,-0.0005146804630038471,-0.00015602113346369073,21.295289855072465,0
645482,Bind,2026-04-18 17:00:00,G2 Esports,LEVIATÁN,0.02472527472527475,-0.0005146804630038471,-0.00015602113346369073,21.575418994413408,0
645483,Haven,2026-04-18 20:30:00,MIBR,LOUD,0.046291687406669946,0.0003177663524707164,0.0009300152484379431,21.159926470588236,1
645483,Split,2026-04-18 20:30:00,MIBR,LOUD,0.046291687406669946,0.0003177663524707164,0.0009300152484379431,21.295289855072465,1
644669,Pearl,2026-04-19 04:00:00,Rex Regum Qeon,T1,0.0054209183673469274,-0.001712009581195495,0.0011945998202080865,21.221830985915492,0
644669,Bind,2026-04-19 04:00:00,Rex Regum Qeon,T1,0.0054209183673469274,-0.001712009581195495,0.0011945998202080865,21.575418994413408,0
644669,Pearl,2026-04-19 04:00:00,Rex Regum Qeon,T1,0.0054209183673469274,-0.001712009581195495,0.0011945998202080865,21.221830985915492,0
644669,Breeze,2026-04-19 04:00:00,Rex Regum Qeon,T1,0.0054209183673469274,-0.001712009581195495,0.0011945998202080865,21.06774193548387,0
644669,Abyss,2026-04-19 04:00:00,Rex Regum Qeon,T1,0.0054209183673469274,-0.001712009581195495,0.0011945998202080865,21.180487804878048,0
642948,Fracture,2026-04-19 05:00:00,Titan Esports Club,Trace Esports,-0.2988802756244617,0.0,0.0,21.18957345971564,1
642948,Split,2026-04-19 05:00:00,Titan Esports Club,Trace Esports,-0.2988802756244617,0.0,0.0,21.295289855072465,0
642948,Breeze,2026-04-19 05:00:00,Titan Esports Club,Trace Esports,-0.2988802756244617,0.0,0.0,21.06774193548387,0
644670,Pearl,2026-04-19 06:25:00,Nongshim RedForce,Gen.G,-0.14236453201970445,0.00516140577735702,-0.004378899812994164,21.221830985915492,1
644670,Breeze,2026-04-19 06:25:00,Nongshim RedForce,Gen.G,-0.14236453201970445,0.00516140577735702,-0.004378899812994164,21.06774193548387,1
642945,Lotus,2026-04-19 08:25:00,All Gamers,Xi Lai Gaming,-0.19047619047619052,-0.0007122507122507282,-0.00048828125,21.276412776412776,1
642945,Bind,2026-04-19 08:25:00,All Gamers,Xi Lai Gaming,-0.19047619047619052,-0.0007122507122507282,-0.00048828125,21.575418994413408,0
642945,Split,2026-04-19 08:25:00,All Gamers,Xi Lai Gaming,-0.19047619047619052,-0.0007122507122507282,-0.00048828125,21.295289855072465,0
642945,Pearl,2026-04-19 08:25:00,All Gamers,Xi Lai Gaming,-0.19047619047619052,-0.0007122507122507282,-0.00048828125,21.221830985915492,1
642945,Split,2026-04-19 08:25:00,All Gamers,Xi Lai Gaming,-0.19047619047619052,-0.0007122507122507282,-0.00048828125,21.295289855072465,1
642945,Bind,2026-04-19 08:25:00,All Gamers,Xi Lai Gaming,-0.19047619047619052,-0.0007122507122507282,-0.00048828125,21.575418994413408,0
642945,Abyss,2026-04-19 08:25:00,All Gamers,Xi Lai Gaming,-0.19047619047619052,-0.0007122507122507282,-0.00048828125,21.180487804878048,0
642945,Haven,2026-04-19 08:25:00,All Gamers,Xi Lai Gaming,-0.19047619047619052,-0.0007122507122507282,-0.00048828125,21.159926470588236,1
645485,Haven,2026-04-19 19:20:00,100 Thieves,Sentinels,-0.07696810067310506,0.0017250530785563045,0.0007800312012480326,21.159926470588236,0
645485,Split,2026-04-19 19:20:00,100 Thieves,Sentinels,-0.07696810067310506,0.0017250530785563045,0.0007800312012480326,21.295289855072465,0
645485,Corrode,2026-04-19 19:20:00,100 Thieves,Sentinels,-0.07696810067310506,0.0017250530785563045,0.0007800312012480326,21.65277777777778,1
645485,Split,2026-04-19 19:20:00,100 Thieves,Sentinels,-0.07696810067310506,0.0017250530785563045,0.0007800312012480326,21.295289855072465,1
644728,Split,2026-04-22 11:00:00,Eternal Fire,PCIFIC Esports,0.6666666666666666,0.055194805194805185,-0.07371007371007371,21.295289855072465,0
644728,Fracture,2026-04-22 11:00:00,Eternal Fire,PCIFIC Esports,0.6666666666666666,0.055194805194805185,-0.07371007371007371,21.18957345971564,1
644728,Lotus,2026-04-22 11:00:00,Eternal Fire,PCIFIC Esports,0.6666666666666666,0.055194805194805185,-0.07371007371007371,21.276412776412776,1
644729,Bind,2026-04-22 14:10:00,Natus Vincere,Team Liquid,-0.1601398601398601,0.00017243750783807466,4.420019742756853e-05,21.575418994413408,0
644729,Split,2026-04-22 14:10:00,Natus Vincere,Team Liquid,-0.1601398601398601,0.00017243750783807466,4.420019742756853e-05,21.295289855072465,1
644729,Lotus,2026-04-22 14:10:00,Natus Vincere,Team Liquid,-0.1601398601398601,0.00017243750783807466,4.420019742756853e-05,21.276412776412776,0
644731,Haven,2026-04-23 14:00:00,Karmine Corp,FUT Esports,-0.14444444444444443,0.0031660546715626126,-0.004647729298850656,21.159926470588236,1
644731,Lotus,2026-04-23 14:00:00,Karmine Corp,FUT Esports,-0.14444444444444443,0.0031660546715626126,-0.004647729298850656,21.276412776412776,0
644731,Bind,2026-04-23 14:00:00,Karmine Corp,FUT Esports,-0.14444444444444443,0.0031660546715626126,-0.004647729298850656,21.575418994413408,0
644671,Pearl,2026-04-24 04:00:00,Rex Regum Qeon,FULL SENSE,-0.14500000000000002,-0.0038896917148362187,0.0013297872340425343,21.221830985915492,0
644671,Haven,2026-04-24 04:00:00,Rex Regum Qeon,FULL SENSE,-0.14500000000000002,-0.0038896917148362187,0.0013297872340425343,21.159926470588236,1
644671,Fracture,2026-04-24 04:00:00,Rex Regum Qeon,FULL SENSE,-0.14500000000000002,-0.0038896917148362187,0.0013297872340425343,21.18957345971564,1
644672,Split,2026-04-24 07:00:00,Paper Rex,Global Esports,0.3823434991974318,-0.0010372326948414612,0.0012132448997094203,21.295289855072465,1
644672,Pearl,2026-04-24 07:00:00,Paper Rex,Global Esports,0.3823434991974318,-0.0010372326948414612,0.0012132448997094203,21.221830985915492,1
644672,Breeze,2026-04-24 07:00:00,Paper Rex,Global Esports,0.3823434991974318,-0.0010372326948414612,0.0012132448997094203,21.06774193548387,0
644672,Lotus,2026-04-24 07:00:00,Paper Rex,Global Esports,0.3823434991974318,-0.0010372326948414612,0.0012132448997094203,21.276412776412776,1
644672,Pearl,2026-04-24 07:00:00,Paper Rex,Global Esports,0.3823434991974318,-0.0010372326948414612,0.0012132448997094203,21.221830985915492,0
644672,Breeze,2026-04-24 07:00:00,Paper Rex,Global Esports,0.3823434991974318,-0.0010372326948414612,0.0012132448997094203,21.06774193548387,1
644672,Split,2026-04-24 07:00:00,Paper Rex,Global Esports,0.3823434991974318,-0.0010372326948414612,0.0012132448997094203,21.295289855072465,0
644672,Bind,2026-04-24 07:00:00,Paper Rex,Global Esports,0.3823434991974318,-0.0010372326948414612,0.0012132448997094203,21.575418994413408,1
644672,Corrode,2026-04-24 07:00:00,Paper Rex,Global Esports,0.3823434991974318,-0.0010372326948414612,0.0012132448997094203,21.65277777777778,1
644672,Breeze,2026-04-24 07:00:00,Paper Rex,Global Esports,0.3823434991974318,-0.0010372326948414612,0.0012132448997094203,21.06774193548387,0
644672,Split,2026-04-24 07:00:00,Paper Rex,Global Esports,0.3823434991974318,-0.0010372326948414612,0.0012132448997094203,21.295289855072465,1
644732,Fracture,2026-04-24 11:00:00,Gentle Mates,Team Heretics,-0.31578947368421056,0.0034563715380940274,-0.005118176277947417,21.18957345971564,0
644732,Lotus,2026-04-24 11:00:00,Gentle Mates,Team Heretics,-0.31578947368421056,0.0034563715380940274,-0.005118176277947417,21.276412776412776,0
644733,Lotus,2026-04-24 13:10:00,BBL Esports,Team Vitality,0.019230769230769218,0.002344061952602894,-0.0012492714800936833,21.276412776412776,0
644733,Haven,2026-04-24 13:10:00,BBL Esports,Team Vitality,0.019230769230769218,0.002344061952602894,-0.0012492714800936833,21.159926470588236,1
644733,Breeze,2026-04-24 13:10:00,BBL Esports,Team Vitality,0.019230769230769218,0.002344061952602894,-0.0012492714800936833,21.06774193548387,1
645486,Bind,2026-04-24 17:00:00,LEVIATÁN,ENVY,0.0889487870619946,-0.013183303624480114,-0.012833891109665041,21.575418994413408,1
645486,Fracture,2026-04-24 17:00:00,LEVIATÁN,ENVY,0.0889487870619946,-0.013183303624480114,-0.012833891109665041,21.18957345971564,1
645487,Haven,2026-04-24 18:40:00,G2 Esports,LOUD,0.3372549019607843,0.0004878867810665932,0.0002400578040177015,21.159926470588236,1
645487,Pearl,2026-04-24 18:40:00,G2 Esports,LOUD,0.3372549019607843,0.0004878867810665932,0.0002400578040177015,21.221830985915492,1
644674,Lotus,2026-04-25 07:35:00,DetonatioN FocusMe,VARREL,0.2972972972972973,0.04774212715389187,-0.022593993695665726,21.276412776412776,1
644674,Haven,2026-04-25 07:35:00,DetonatioN FocusMe,VARREL,0.2972972972972973,0.04774212715389187,-0.022593993695665726,21.159926470588236,0
644674,Fracture,2026-04-25 07:35:00,DetonatioN FocusMe,VARREL,0.2972972972972973,0.04774212715389187,-0.022593993695665726,21.18957345971564,1
645489,Pearl,2026-04-25 19:05:00,NRG,100 Thieves,0.06160365058670142,-0.001028697709163362,-0.0007521310379408064,21.221830985915492,0
645489,Lotus,2026-04-25 19:05:00,NRG,100 Thieves,0.06160365058670142,-0.001028697709163362,-0.0007521310379408064,21.276412776412776,1
645489,Breeze,2026-04-25 19:05:00,NRG,100 Thieves,0.06160365058670142,-0.001028697709163362,-0.0007521310379408064,21.06774193548387,1
644675,Haven,2026-04-26 04:00:00,T1,ZETA DIVISION,0.1981900452488688,0.0005325760735342966,0.00296142823913792,21.159926470588236,1
644675,Lotus,2026-04-26 04:00:00,T1,ZETA DIVISION,0.1981900452488688,0.0005325760735342966,0.00296142823913792,21.276412776412776,1
644676,Breeze,2026-04-26 06:05:00,Nongshim RedForce,Team Secret,0.22857142857142854,0.006056056056056025,-0.005164946136612558,21.06774193548387,1
644676,Fracture,2026-04-26 06:05:00,Nongshim RedForce,Team Secret,0.22857142857142854,0.006056056056056025,-0.005164946136612558,21.18957345971564,0
644676,Pearl,2026-04-26 06:05:00,Nongshim RedForce,Team Secret,0.22857142857142854,0.006056056056056025,-0.005164946136612558,21.221830985915492,1
645490,Haven,2026-04-26 17:00:00,Evil Geniuses,Sentinels,-0.16876750700280108,0.00022522522522527844,-0.0019574944071588107,21.159926470588236,0
645490,Bind,2026-04-26 17:00:00,Evil Geniuses,Sentinels,-0.16876750700280108,0.00022522522522527844,-0.0019574944071588107,21.575418994413408,0
645490,Abyss,2026-04-26 17:00:00,Evil Geniuses,Sentinels,-0.16876750700280108,0.00022522522522527844,-0.0019574944071588107,21.180487804878048,0
645490,Pearl,2026-04-26 17:00:00,Evil Geniuses,Sentinels,-0.16876750700280108,0.00022522522522527844,-0.0019574944071588107,21.221830985915492,0
645491,Breeze,2026-04-26 19:25:00,MIBR,Cloud9,-0.06511627906976741,0.0006962197551610427,0.0012604660450591942,21.06774193548387,0
645491,Split,2026-04-26 19:25:00,MIBR,Cloud9,-0.06511627906976741,0.0006962197551610427,0.0012604660450591942,21.295289855072465,0
644734,Lotus,2026-04-29 11:00:00,Team Heretics,FUT Esports,0.17887772604753738,0.0017498537527255165,-0.003160122761864226,21.276412776412776,1
644734,Split,2026-04-29 11:00:00,Team Heretics,FUT Esports,0.17887772604753738,0.0017498537527255165,-0.003160122761864226,21.295289855072465,1
644735,Haven,2026-04-29 13:10:00,Team Vitality,PCIFIC Esports,0.4716981132075472,0.03745698131760078,-0.00872058975507245,21.159926470588236,1
644735,Split,2026-04-29 13:10:00,Team Vitality,PCIFIC Esports,0.4716981132075472,0.03745698131760078,-0.00872058975507245,21.295289855072465,1
644736,Lotus,2026-04-30 11:00:00,Natus Vincere,Karmine Corp,0.05217391304347829,-0.00038979783798309686,0.001487546505947679,21.276412776412776,1
644736,Breeze,2026-04-30 11:00:00,Natus Vincere,Karmine Corp,0.05217391304347829,-0.00038979783798309686,0.001487546505947679,21.06774193548387,1
644736,Split,2026-04-30 11:00:00,Natus Vincere,Karmine Corp,0.05217391304347829,-0.00038979783798309686,0.001487546505947679,21.295289855072465,1
644736,Haven,2026-04-30 11:00:00,Natus Vincere,Karmine Corp,0.05217391304347829,-0.00038979783798309686,0.001487546505947679,21.159926470588236,1
644677,Split,2026-05-01 04:00:00,Gen.G,Team Secret,0.34722222222222227,0.0016968791562565477,-0.0002900472362641904,21.295289855072465,0
644677,Lotus,2026-05-01 04:00:00,Gen.G,Team Secret,0.34722222222222227,0.0016968791562565477,-0.0002900472362641904,21.276412776412776,1
644677,Breeze,2026-05-01 04:00:00,Gen.G,Team Secret,0.34722222222222227,0.0016968791562565477,-0.0002900472362641904,21.06774193548387,0
659474,Breeze,2026-05-01 05:00:00,Xi Lai Gaming,Titan Esports Club,0.38636363636363635,0.0,0.0,21.06774193548387,1
659474,Lotus,2026-05-01 05:00:00,Xi Lai Gaming,Titan Esports Club,0.38636363636363635,0.0,0.0,21.276412776412776,1
644678,Bind,2026-05-01 07:20:00,VARREL,ZETA DIVISION,-0.2857142857142857,-0.046015625000000004,0.024660241158204588,21.575418994413408,1
644678,Breeze,2026-05-01 07:20:00,VARREL,ZETA DIVISION,-0.2857142857142857,-0.046015625000000004,0.024660241158204588,21.06774193548387,0
644678,Fracture,2026-05-01 07:20:00,VARREL,ZETA DIVISION,-0.2857142857142857,-0.046015625000000004,0.024660241158204588,21.18957345971564,0
659475,Haven,2026-05-01 07:20:00,JDG Esports,TYLOO,-0.035759897828863296,0.0,0.0,21.159926470588236,1
659475,Fracture,2026-05-01 07:20:00,JDG Esports,TYLOO,-0.035759897828863296,0.0,0.0,21.18957345971564,0
659475,Pearl,2026-05-01 07:20:00,JDG Esports,TYLOO,-0.035759897828863296,0.0,0.0,21.221830985915492,1
644738,Split,2026-05-01 11:00:00,GIANTX,Eternal Fire,-0.2833333333333333,0.0014492753623188692,0.037252608431198264,21.295289855072465,0
644738,Breeze,2026-05-01 11:00:00,GIANTX,Eternal Fire,-0.2833333333333333,0.0014492753623188692,0.037252608431198264,21.06774193548387,0
644739,Split,2026-05-01 13:05:00,Gentle Mates,Team Liquid,-0.21678321678321683,0.004285406626155341,-0.0081296660168656,21.295289855072465,0
644739,Lotus,2026-05-01 13:05:00,Gentle Mates,Team Liquid,-0.21678321678321683,0.004285406626155341,-0.0081296660168656,21.276412776412776,0
644739,Pearl,2026-05-01 13:05:00,Gentle Mates,Team Liquid,-0.21678321678321683,0.004285406626155341,-0.0081296660168656,21.221830985915492,1
644739,Bind,2026-05-01 13:05:00,Gentle Mates,Team Liquid,-0.21678321678321683,0.004285406626155341,-0.0081296660168656,21.575418994413408,1
645492,Fracture,2026-05-01 17:00:00,Evil Geniuses,NRG,-0.15465116279069774,-0.0012646899610595508,-0.001913613996719521,21.18957345971564,0
645492,Pearl,2026-05-01 17:00:00,Evil Geniuses,NRG,-0.15465116279069774,-0.0012646899610595508,-0.001913613996719521,21.221830985915492,0
645493,Breeze,2026-05-01 19:20:00,LEVIATÁN,MIBR,0.2745098039215686,0.0004954601890062027,-0.0006296991968025578,21.06774193548387,0
645493,Haven,2026-05-01 19:20:00,LEVIATÁN,MIBR,0.2745098039215686,0.0004954601890062027,-0.0006296991968025578,21.159926470588236,0
644679,Pearl,2026-05-02 04:00:00,T1,FULL SENSE,-0.05555555555555558,0.00956191428809583,-0.004265238237769031,21.221830985915492,1
644679,Bind,2026-05-02 04:00:00,T1,FULL SENSE,-0.05555555555555558,0.00956191428809583,-0.004265238237769031,21.575418994413408,0
644679,Breeze,2026-05-02 04:00:00,T1,FULL SENSE,-0.05555555555555558,0.00956191428809583,-0.004265238237769031,21.06774193548387,1
659476,Split,2026-05-02 05:00:00,All Gamers,Trace Esports,-0.15438871473354238,-0.0006459948320413633,-0.0004436557231588534,21.295289855072465,1
659476,Lotus,2026-05-02 05:00:00,All Gamers,Trace Esports,-0.15438871473354238,-0.0006459948320413633,-0.0004436557231588534,21.276412776412776,1
644680,Breeze,2026-05-02 07:10:00,Nongshim RedForce,Global Esports,0.30734767025089604,0.005257061391784723,-0.004725571557102626,21.06774193548387,0
644680,Bind,2026-05-02 07:10:00,Nongshim RedForce,Global Esports,0.30734767025089604,0.005257061391784723,-0.004725571557102626,21.575418994413408,1
644680,Haven,2026-05-02 07:10:00,Nongshim RedForce,Global Esports,0.30734767025089604,0.005257061391784723,-0.004725571557102626,21.159926470588236,0
659477,Breeze,2026-05-02 07:10:00,EDward Gaming,Dragon Ranger Gaming,0.22510121457489884,0.0,0.0,21.06774193548387,1
659477,Lotus,2026-05-02 07:10:00,EDward Gaming,Dragon Ranger Gaming,0.22510121457489884,0.0,0.0,21.276412776412776,0
659477,Split,2026-05-02 07:10:00,EDward Gaming,Dragon Ranger Gaming,0.22510121457489884,0.0,0.0,21.295289855072465,1
659477,Lotus,2026-05-02 07:10:00,EDward Gaming,Dragon Ranger Gaming,0.22510121457489884,0.0,0.0,21.276412776412776,0
659477,Split,2026-05-02 07:10:00,EDward Gaming,Dragon Ranger Gaming,0.22510121457489884,0.0,0.0,21.295289855072465,1
659477,Breeze,2026-05-02 07:10:00,EDward Gaming,Dragon Ranger Gaming,0.22510121457489884,0.0,0.0,21.06774193548387,1
645495,Split,2026-05-02 20:00:00,FURIA,Sentinels,-0.3150042625745951,-0.0013736263736263687,0.004820936639118423,21.295289855072465,1
645495,Breeze,2026-05-02 20:00:00,FURIA,Sentinels,-0.3150042625745951,-0.0013736263736263687,0.004820936639118423,21.06774193548387,0
645495,Haven,2026-05-02 20:00:00,FURIA,Sentinels,-0.3150042625745951,-0.0013736263736263687,0.004820936639118423,21.159926470588236,1
659482,Pearl,2026-05-03 05:00:00,Titan Esports Club,TYLOO,-0.2586206896551724,0.0,0.0,21.221830985915492,1
659482,Fracture,2026-05-03 05:00:00,Titan Esports Club,TYLOO,-0.2586206896551724,0.0,0.0,21.18957345971564,0
659482,Split,2026-05-03 05:00:00,Titan Esports Club,TYLOO,-0.2586206896551724,0.0,0.0,21.295289855072465,0
644682,Haven,2026-05-03 06:00:00,Rex Regum Qeon,DetonatioN FocusMe,0.17440660474716202,-0.003986113434833516,0.0011040777270719948,21.159926470588236,0
644682,Lotus,2026-05-03 06:00:00,Rex Regum Qeon,DetonatioN FocusMe,0.17440660474716202,-0.003986113434833516,0.0011040777270719948,21.276412776412776,1
644682,Fracture,2026-05-03 06:00:00,Rex Regum Qeon,DetonatioN FocusMe,0.17440660474716202,-0.003986113434833516,0.0011040777270719948,21.18957345971564,1
659483,Lotus,2026-05-03 08:30:00,Trace Esports,Dragon Ranger Gaming,0.14529914529914534,0.0,0.0,21.276412776412776,1
659483,Bind,2026-05-03 08:30:00,Trace Esports,Dragon Ranger Gaming,0.14529914529914534,0.0,0.0,21.575418994413408,0
659483,Breeze,2026-05-03 08:30:00,Trace Esports,Dragon Ranger Gaming,0.14529914529914534,0.0,0.0,21.06774193548387,0
659483,Ascent,2026-05-03 08:30:00,Trace Esports,Dragon Ranger Gaming,0.14529914529914534,0.0,0.0,21.038961038961038,0
659483,Lotus,2026-05-03 08:30:00,Trace Esports,Dragon Ranger Gaming,0.14529914529914534,0.0,0.0,21.276412776412776,0
645496,Lotus,2026-05-03 17:00:00,LOUD,Cloud9,-0.15169133192389006,0.00038144355896302384,0.0003335962766666256,21.276412776412776,1
645496,Split,2026-05-03 17:00:00,LOUD,Cloud9,-0.15169133192389006,0.00038144355896302384,0.0003335962766666256,21.295289855072465,0
645496,Breeze,2026-05-03 17:00:00,LOUD,Cloud9,-0.15169133192389006,0.00038144355896302384,0.0003335962766666256,21.06774193548387,1
645497,Haven,2026-05-03 20:00:00,G2 Esports,ENVY,0.17441860465116277,-0.012143873794359217,-0.012169244278054991,21.159926470588236,1
645497,Lotus,2026-05-03 20:00:00,G2 Esports,ENVY,0.17441860465116277,-0.012143873794359217,-0.012169244278054991,21.276412776412776,1
659478,Lotus,2026-05-04 05:00:00,Xi Lai Gaming,JDG Esports,0.15217391304347827,0.0,0.0,21.276412776412776,1
659478,Pearl,2026-05-04 05:00:00,Xi Lai Gaming,JDG Esports,0.15217391304347827,0.0,0.0,21.221830985915492,1
659479,Fracture,2026-05-04 07:00:00,All Gamers,EDward Gaming,-0.21818181818181814,-0.0006361323155216203,-0.0004382120946538337,21.18957345971564,0
659479,Lotus,2026-05-04 07:00:00,All Gamers,EDward Gaming,-0.21818181818181814,-0.0006361323155216203,-0.0004382120946538337,21.276412776412776,0
659485,Haven,2026-05-05 05:00:00,JDG Esports,Dragon Ranger Gaming,0.05887096774193551,0.0,0.0,21.159926470588236,0
659485,Lotus,2026-05-05 05:00:00,JDG Esports,Dragon Ranger Gaming,0.05887096774193551,0.0,0.0,21.276412776412776,0
659484,Bind,2026-05-05 07:00:00,All Gamers,TYLOO,-0.09788654060066743,-0.0006265664160400863,-0.0004325259515570723,21.575418994413408,0
659484,Haven,2026-05-05 07:00:00,All Gamers,TYLOO,-0.09788654060066743,-0.0006265664160400863,-0.0004325259515570723,21.159926470588236,1
659484,Breeze,2026-05-05 07:00:00,All Gamers,TYLOO,-0.09788654060066743,-0.0006265664160400863,-0.0004325259515570723,21.06774193548387,0
659484,Fracture,2026-05-05 07:00:00,All Gamers,TYLOO,-0.09788654060066743,-0.0006265664160400863,-0.0004325259515570723,21.18957345971564,1
659484,Haven,2026-05-05 07:00:00,All Gamers,TYLOO,-0.09788654060066743,-0.0006265664160400863,-0.0004325259515570723,21.159926470588236,0
659484,Split,2026-05-05 07:00:00,All Gamers,TYLOO,-0.09788654060066743,-0.0006265664160400863,-0.0004325259515570723,21.295289855072465,1
666488,Breeze,2026-05-07 04:00:00,Rex Regum Qeon,Global Esports,0.17567567567567566,-0.0023127563884405844,-0.00011927456938864989,21.06774193548387,0
666488,Pearl,2026-05-07 04:00:00,Rex Regum Qeon,Global Esports,0.17567567567567566,-0.0023127563884405844,-0.00011927456938864989,21.221830985915492,0
660381,Fracture,2026-05-07 11:00:00,Eternal Fire,Team Heretics,0.10769230769230775,0.00017618040873856877,-0.02867830270516364,21.18957345971564,0
660381,Pearl,2026-05-07 11:00:00,Eternal Fire,Team Heretics,0.10769230769230775,0.00017618040873856877,-0.02867830270516364,21.221830985915492,1
660381,Lotus,2026-05-07 11:00:00,Eternal Fire,Team Heretics,0.10769230769230775,0.00017618040873856877,-0.02867830270516364,21.276412776412776,1
660382,Pearl,2026-05-07 13:55:00,Team Liquid,Team Vitality,0.10060807075732453,-0.00030200010802411414,0.003013544494622822,21.221830985915492,0
660382,Ascent,2026-05-07 13:55:00,Team Liquid,Team Vitality,0.10060807075732453,-0.00030200010802411414,0.003013544494622822,21.038961038961038,1
660382,Lotus,2026-05-07 13:55:00,Team Liquid,Team Vitality,0.10060807075732453,-0.00030200010802411414,0.003013544494622822,21.276412776412776,0
666490,Breeze,2026-05-08 04:00:00,Paper Rex,Global Esports,0.3611914401388086,-0.0014174323724018834,0.00030450769947309997,21.06774193548387,0
666490,Lotus,2026-05-08 04:00:00,Paper Rex,Global Esports,0.3611914401388086,-0.0014174323724018834,0.00030450769947309997,21.276412776412776,1
666490,Pearl,2026-05-08 04:00:00,Paper Rex,Global Esports,0.3611914401388086,-0.0014174323724018834,0.00030450769947309997,21.221830985915492,0
659480,Lotus,2026-05-08 05:00:00,Xi Lai Gaming,EDward Gaming,0.00995024875621886,0.0,0.0,21.276412776412776,0
659480,Breeze,2026-05-08 05:00:00,Xi Lai Gaming,EDward Gaming,0.00995024875621886,0.0,0.0,21.06774193548387,1
659480,Split,2026-05-08 05:00:00,Xi Lai Gaming,EDward Gaming,0.00995024875621886,0.0,0.0,21.295289855072465,0
659480,Split,2026-05-08 05:00:00,Xi Lai Gaming,EDward Gaming,0.00995024875621886,0.0,0.0,21.295289855072465,0
659480,Breeze,2026-05-08 05:00:00,Xi Lai Gaming,EDward Gaming,0.00995024875621886,0.0,0.0,21.06774193548387,0
659480,Split,2026-05-08 05:00:00,Xi Lai Gaming,EDward Gaming,0.00995024875621886,0.0,0.0,21.295289855072465,1
659480,Pearl,2026-05-08 05:00:00,Xi Lai Gaming,EDward Gaming,0.00995024875621886,0.0,0.0,21.221830985915492,1
659486,Lotus,2026-05-08 07:10:00,All Gamers,Dragon Ranger Gaming,-0.03277439024390244,-0.0005910165484633301,-0.00040749796251016157,21.276412776412776,0
659486,Split,2026-05-08 07:10:00,All Gamers,Dragon Ranger Gaming,-0.03277439024390244,-0.0005910165484633301,-0.00040749796251016157,21.295289855072465,1
659486,Haven,2026-05-08 07:10:00,All Gamers,Dragon Ranger Gaming,-0.03277439024390244,-0.0005910165484633301,-0.00040749796251016157,21.159926470588236,0
659486,Corrode,2026-05-08 07:10:00,All Gamers,Dragon Ranger Gaming,-0.03277439024390244,-0.0005910165484633301,-0.00040749796251016157,21.65277777777778,0
659486,Bind,2026-05-08 07:10:00,All Gamers,Dragon Ranger Gaming,-0.03277439024390244,-0.0005910165484633301,-0.00040749796251016157,21.575418994413408,1
659486,Abyss,2026-05-08 07:10:00,All Gamers,Dragon Ranger Gaming,-0.03277439024390244,-0.0005910165484633301,-0.00040749796251016157,21.180487804878048,1
666491,Pearl,2026-05-08 07:15:00,T1,FULL SENSE,-0.037991858887381214,0.01054408766564735,-0.0007762279494922808,21.221830985915492,1
666491,Bind,2026-05-08 07:15:00,T1,FULL SENSE,-0.037991858887381214,0.01054408766564735,-0.0007762279494922808,21.575418994413408,0
666491,Breeze,2026-05-08 07:15:00,T1,FULL SENSE,-0.037991858887381214,0.01054408766564735,-0.0007762279494922808,21.06774193548387,1
666491,Pearl,2026-05-08 07:15:00,T1,FULL SENSE,-0.037991858887381214,0.01054408766564735,-0.0007762279494922808,21.221830985915492,0
666491,Lotus,2026-05-08 07:15:00,T1,FULL SENSE,-0.037991858887381214,0.01054408766564735,-0.0007762279494922808,21.276412776412776,0
660383,Pearl,2026-05-08 11:00:00,FUT Esports,Eternal Fire,-0.33333333333333337,-0.00984855382560923,0.021715979028949173,21.221830985915492,0
660383,Ascent,2026-05-08 11:00:00,FUT Esports,Eternal Fire,-0.33333333333333337,-0.00984855382560923,0.021715979028949173,21.038961038961038,1
660383,Split,2026-05-08 11:00:00,FUT Esports,Eternal Fire,-0.33333333333333337,-0.00984855382560923,0.021715979028949173,21.295289855072465,1
645499,Pearl,2026-05-08 20:20:00,FURIA,100 Thieves,-0.19576719576719576,-0.0033497894179008725,0.007325220469276195,21.221830985915492,1
645499,Haven,2026-05-08 20:20:00,FURIA,100 Thieves,-0.19576719576719576,-0.0033497894179008725,0.007325220469276195,21.159926470588236,0
645499,Breeze,2026-05-08 20:20:00,FURIA,100 Thieves,-0.19576719576719576,-0.0033497894179008725,0.007325220469276195,21.06774193548387,0
666494,Ascent,2026-05-09 04:00:00,Rex Regum Qeon,DetonatioN FocusMe,0.18287373004354135,-0.002627959524511281,0.0007974779399293475,21.038961038961038,0
666494,Breeze,2026-05-09 04:00:00,Rex Regum Qeon,DetonatioN FocusMe,0.18287373004354135,-0.002627959524511281,0.0007974779399293475,21.06774193548387,1
666494,Lotus,2026-05-09 04:00:00,Rex Regum Qeon,DetonatioN FocusMe,0.18287373004354135,-0.002627959524511281,0.0007974779399293475,21.276412776412776,1
659487,Lotus,2026-05-09 05:00:00,Xi Lai Gaming,Dragon Ranger Gaming,0.18761904761904763,0.0,0.0,21.276412776412776,1
659487,Breeze,2026-05-09 05:00:00,Xi Lai Gaming,Dragon Ranger Gaming,0.18761904761904763,0.0,0.0,21.06774193548387,1
659487,Haven,2026-05-09 05:00:00,Xi Lai Gaming,Dragon Ranger Gaming,0.18761904761904763,0.0,0.0,21.159926470588236,0
659487,Split,2026-05-09 05:00:00,Xi Lai Gaming,Dragon Ranger Gaming,0.18761904761904763,0.0,0.0,21.295289855072465,1
660387,Breeze,2026-05-09 11:00:00,Team Heretics,BBL Esports,0.18354430379746833,-0.002967994108553973,0.0010416473230540069,21.06774193548387,1
660387,Ascent,2026-05-09 11:00:00,Team Heretics,BBL Esports,0.18354430379746833,-0.002967994108553973,0.0010416473230540069,21.038961038961038,1
660388,Split,2026-05-09 13:30:00,Team Liquid,Gentle Mates,0.22352941176470587,-0.005212187301216364,0.008230452674897137,21.295289855072465,1
660388,Ascent,2026-05-09 13:30:00,Team Liquid,Gentle Mates,0.22352941176470587,-0.005212187301216364,0.008230452674897137,21.038961038961038,0
660388,Fracture,2026-05-09 13:30:00,Team Liquid,Gentle Mates,0.22352941176470587,-0.005212187301216364,0.008230452674897137,21.18957345971564,0
645500,Lotus,2026-05-09 17:00:00,G2 Esports,Cloud9,0.21149425287356316,0.0014246399896242212,0.0009260609298305522,21.276412776412776,1
645500,Split,2026-05-09 17:00:00,G2 Esports,Cloud9,0.21149425287356316,0.0014246399896242212,0.0009260609298305522,21.295289855072465,1
645500,Corrode,2026-05-09 17:00:00,G2 Esports,Cloud9,0.21149425287356316,0.0014246399896242212,0.0009260609298305522,21.65277777777778,1
645500,Bind,2026-05-09 17:00:00,G2 Esports,Cloud9,0.21149425287356316,0.0014246399896242212,0.0009260609298305522,21.575418994413408,1
645501,Haven,2026-05-09 19:10:00,ENVY,MIBR,0.040598290598290565,0.011201670620197446,0.010753664397586182,21.159926470588236,1
645501,Bind,2026-05-09 19:10:00,ENVY,MIBR,0.040598290598290565,0.011201670620197446,0.010753664397586182,21.575418994413408,1
666496,Haven,2026-05-10 04:00:00,T1,Rex Regum Qeon,0.014705882352941124,0.0009521736668506309,-0.0010634037638905802,21.159926470588236,1
666496,Lotus,2026-05-10 04:00:00,T1,Rex Regum Qeon,0.014705882352941124,0.0009521736668506309,-0.0010634037638905802,21.276412776412776,0
666496,Breeze,2026-05-10 04:00:00,T1,Rex Regum Qeon,0.014705882352941124,0.0009521736668506309,-0.0010634037638905802,21.06774193548387,1
659481,Lotus,2026-05-10 05:00:00,EDward Gaming,Xi Lai Gaming,0.007918552036199067,0.0,0.0,21.276412776412776,1
659481,Haven,2026-05-10 05:00:00,EDward Gaming,Xi Lai Gaming,0.007918552036199067,0.0,0.0,21.159926470588236,0
659481,Split,2026-05-10 05:00:00,EDward Gaming,Xi Lai Gaming,0.007918552036199067,0.0,0.0,21.295289855072465,0
659481,Fracture,2026-05-10 05:00:00,EDward Gaming,Xi Lai Gaming,0.007918552036199067,0.0,0.0,21.18957345971564,0
659481,Split,2026-05-10 05:00:00,EDward Gaming,Xi Lai Gaming,0.007918552036199067,0.0,0.0,21.295289855072465,1
659481,Breeze,2026-05-10 05:00:00,EDward Gaming,Xi Lai Gaming,0.007918552036199067,0.0,0.0,21.06774193548387,1
659481,Haven,2026-05-10 05:00:00,EDward Gaming,Xi Lai Gaming,0.007918552036199067,0.0,0.0,21.159926470588236,0
659481,Pearl,2026-05-10 05:00:00,EDward Gaming,Xi Lai Gaming,0.007918552036199067,0.0,0.0,21.221830985915492,1
660390,Ascent,2026-05-10 14:35:00,Eternal Fire,Gentle Mates,0.34843205574912894,0.00651041666666663,-0.022235848918867596,21.038961038961038,1
660390,Lotus,2026-05-10 14:35:00,Eternal Fire,Gentle Mates,0.34843205574912894,0.00651041666666663,-0.022235848918867596,21.276412776412776,1
645502,Bind,2026-05-10 17:00:00,LOUD,LEVIATÁN,-0.31363636363636366,-0.0001227080629596089,0.0001559222395829396,21.575418994413408,0
645502,Breeze,2026-05-10 17:00:00,LOUD,LEVIATÁN,-0.31363636363636366,-0.0001227080629596089,0.0001559222395829396,21.06774193548387,1
645502,Haven,2026-05-10 17:00:00,LOUD,LEVIATÁN,-0.31363636363636366,-0.0001227080629596089,0.0001559222395829396,21.159926470588236,1
645503,Fracture,2026-05-10 20:10:00,Sentinels,NRG,0.014051522248243575,-0.0013736770074782578,-0.0007230182726435941,21.18957345971564,0
645503,Breeze,2026-05-10 20:10:00,Sentinels,NRG,0.014051522248243575,-0.0013736770074782578,-0.0007230182726435941,21.06774193548387,1
645503,Lotus,2026-05-10 20:10:00,Sentinels,NRG,0.014051522248243575,-0.0013736770074782578,-0.0007230182726435941,21.276412776412776,0
660369,Breeze,2026-05-14 17:00:00,FURIA,LEVIATÁN,-0.3650793650793651,-0.004318742466290992,0.009603375567782013,21.06774193548387,1
660369,Split,2026-05-14 17:00:00,FURIA,LEVIATÁN,-0.3650793650793651,-0.004318742466290992,0.009603375567782013,21.295289855072465,0
660369,Pearl,2026-05-14 17:00:00,FURIA,LEVIATÁN,-0.3650793650793651,-0.004318742466290992,0.009603375567782013,21.221830985915492,0
660370,Pearl,2026-05-14 19:55:00,G2 Esports,100 Thieves,0.19090909090909086,-0.003056207848599224,-0.0008992784021893963,21.221830985915492,1
660370,Lotus,2026-05-14 19:55:00,G2 Esports,100 Thieves,0.19090909090909086,-0.003056207848599224,-0.0008992784021893963,21.276412776412776,1
660370,Bind,2026-05-14 19:55:00,G2 Esports,100 Thieves,0.19090909090909086,-0.003056207848599224,-0.0008992784021893963,21.575418994413408,1
660370,Corrode,2026-05-14 19:55:00,G2 Esports,100 Thieves,0.19090909090909086,-0.003056207848599224,-0.0008992784021893963,21.65277777777778,0
660370,Split,2026-05-14 19:55:00,G2 Esports,100 Thieves,0.19090909090909086,-0.003056207848599224,-0.0008992784021893963,21.295289855072465,1
666492,Split,2026-05-15 06:00:00,Global Esports,FULL SENSE,-0.14102564102564102,0.00988805970149259,0.0013487133984028121,21.295289855072465,0
666492,Breeze,2026-05-15 06:00:00,Global Esports,FULL SENSE,-0.14102564102564102,0.00988805970149259,0.0013487133984028121,21.06774193548387,1
666492,Pearl,2026-05-15 06:00:00,Global Esports,FULL SENSE,-0.14102564102564102,0.00988805970149259,0.0013487133984028121,21.221830985915492,1
666492,Split,2026-05-15 06:00:00,Global Esports,FULL SENSE,-0.14102564102564102,0.00988805970149259,0.0013487133984028121,21.295289855072465,0
666492,Breeze,2026-05-15 06:00:00,Global Esports,FULL SENSE,-0.14102564102564102,0.00988805970149259,0.0013487133984028121,21.06774193548387,0
666498,Split,2026-05-15 08:20:00,T1,Paper Rex,-0.17718560074801315,0.0006854705045669096,-0.0012638782058311815,21.295289855072465,0
666498,Ascent,2026-05-15 08:20:00,T1,Paper Rex,-0.17718560074801315,0.0006854705045669096,-0.0012638782058311815,21.038961038961038,1
666498,Breeze,2026-05-15 08:20:00,T1,Paper Rex,-0.17718560074801315,0.0006854705045669096,-0.0012638782058311815,21.06774193548387,0
660385,Pearl,2026-05-15 11:00:00,FUT Esports,Team Vitality,0.026948051948051888,-0.0023430157867964096,0.0038808232505389006,21.221830985915492,0
660385,Ascent,2026-05-15 11:00:00,FUT Esports,Team Vitality,0.026948051948051888,-0.0023430157867964096,0.0038808232505389006,21.038961038961038,1
660385,Split,2026-05-15 11:00:00,FUT Esports,Team Vitality,0.026948051948051888,-0.0023430157867964096,0.0038808232505389006,21.295289855072465,0
660391,Lotus,2026-05-15 14:45:00,Team Heretics,Eternal Fire,-0.058641975308642014,-0.008841402669854559,0.023872904896940772,21.276412776412776,0
660391,Fracture,2026-05-15 14:45:00,Team Heretics,Eternal Fire,-0.058641975308642014,-0.008841402669854559,0.023872904896940772,21.18957345971564,1
660391,Ascent,2026-05-15 14:45:00,Team Heretics,Eternal Fire,-0.058641975308642014,-0.008841402669854559,0.023872904896940772,21.038961038961038,1
660371,Split,2026-05-15 17:00:00,MIBR,LEVIATÁN,-0.25289639192320423,-0.0020130585528660982,0.0011503630415702903,21.295289855072465,0
660371,Fracture,2026-05-15 17:00:00,MIBR,LEVIATÁN,-0.25289639192320423,-0.0020130585528660982,0.0011503630415702903,21.18957345971564,1
660371,Ascent,2026-05-15 17:00:00,MIBR,LEVIATÁN,-0.25289639192320423,-0.0020130585528660982,0.0011503630415702903,21.038961038961038,0
666499,Haven,2026-05-16 06:00:00,Global Esports,Paper Rex,-0.3271276595744681,0.0010728518793035047,0.0004387793505898907,21.159926470588236,0
666499,Lotus,2026-05-16 06:00:00,Global Esports,Paper Rex,-0.3271276595744681,0.0010728518793035047,0.0004387793505898907,21.276412776412776,0
666499,Ascent,2026-05-16 06:00:00,Global Esports,Paper Rex,-0.3271276595744681,0.0010728518793035047,0.0004387793505898907,21.038961038961038,0
660392,Haven,2026-05-16 12:00:00,FUT Esports,Team Heretics,-0.19512195121951215,-0.002851800966271245,0.004508136604967572,21.159926470588236,1
660392,Lotus,2026-05-16 12:00:00,FUT Esports,Team Heretics,-0.19512195121951215,-0.002851800966271245,0.004508136604967572,21.276412776412776,0
660392,Ascent,2026-05-16 12:00:00,FUT Esports,Team Heretics,-0.19512195121951215,-0.002851800966271245,0.004508136604967572,21.038961038961038,0
660392,Breeze,2026-05-16 12:00:00,FUT Esports,Team Heretics,-0.19512195121951215,-0.002851800966271245,0.004508136604967572,21.06774193548387,0
660375,Pearl,2026-05-16 17:00:00,FURIA,NRG,-0.29424585876198783,-0.00703278386780104,0.006360518557461892,21.221830985915492,1
660375,Split,2026-05-16 17:00:00,FURIA,NRG,-0.29424585876198783,-0.00703278386780104,0.006360518557461892,21.295289855072465,1
660375,Lotus,2026-05-16 17:00:00,FURIA,NRG,-0.29424585876198783,-0.00703278386780104,0.006360518557461892,21.276412776412776,0
660375,Haven,2026-05-16 17:00:00,FURIA,NRG,-0.29424585876198783,-0.00703278386780104,0.006360518557461892,21.159926470588236,0
660376,Breeze,2026-05-16 19:15:00,100 Thieves,LOUD,0.12658730158730158,0.004600702192865014,-0.0008855929516229377,21.06774193548387,1
660376,Split,2026-05-16 19:15:00,100 Thieves,LOUD,0.12658730158730158,0.004600702192865014,-0.0008855929516229377,21.295289855072465,1
666493,Pearl,2026-05-17 06:00:00,FULL SENSE,Paper Rex,-0.24372469635627525,-0.007010700497180833,-0.0009453235138303651,21.221830985915492,0
666493,Lotus,2026-05-17 06:00:00,FULL SENSE,Paper Rex,-0.24372469635627525,-0.007010700497180833,-0.0009453235138303651,21.276412776412776,0
666493,Fracture,2026-05-17 06:00:00,FULL SENSE,Paper Rex,-0.24372469635627525,-0.007010700497180833,-0.0009453235138303651,21.18957345971564,0
660386,Breeze,2026-05-17 12:00:00,Team Vitality,Team Heretics,-0.20756711054745303,0.0006736693280979811,-0.0010662901871252295,21.06774193548387,1
660386,Lotus,2026-05-17 12:00:00,Team Vitality,Team Heretics,-0.20756711054745303,0.0006736693280979811,-0.0010662901871252295,21.276412776412776,0
660386,Split,2026-05-17 12:00:00,Team Vitality,Team Heretics,-0.20756711054745303,0.0006736693280979811,-0.0010662901871252295,21.295289855072465,0
660386,Haven,2026-05-17 12:00:00,Team Vitality,Team Heretics,-0.20756711054745303,0.0006736693280979811,-0.0010662901871252295,21.159926470588236,0
660386,Pearl,2026-05-17 12:00:00,Team Vitality,Team Heretics,-0.20756711054745303,0.0006736693280979811,-0.0010662901871252295,21.221830985915492,1
660378,Fracture,2026-05-17 19:10:00,MIBR,100 Thieves,-0.10233918128654967,-0.0035664906988436273,0.0002725293644105786,21.18957345971564,0
660378,Breeze,2026-05-17 19:10:00,MIBR,100 Thieves,-0.10233918128654967,-0.0035664906988436273,0.0002725293644105786,21.06774193548387,0
660373,Ascent,2026-05-22 17:00:00,LEVIATÁN,G2 Esports,-0.03371647509578546,0.0020610698502390723,-0.000750667275734862,21.038961038961038,1
660373,Pearl,2026-05-22 17:00:00,LEVIATÁN,G2 Esports,-0.03371647509578546,0.0020610698502390723,-0.000750667275734862,21.221830985915492,0
660373,Split,2026-05-22 17:00:00,LEVIATÁN,G2 Esports,-0.03371647509578546,0.0020610698502390723,-0.000750667275734862,21.295289855072465,1
660379,Pearl,2026-05-22 20:05:00,NRG,100 Thieves,0.0625,-0.0016468387943433527,0.0005566409501370773,21.221830985915492,0
660379,Lotus,2026-05-22 20:05:00,NRG,100 Thieves,0.0625,-0.0016468387943433527,0.0005566409501370773,21.276412776412776,1
660379,Breeze,2026-05-22 20:05:00,NRG,100 Thieves,0.0625,-0.0016468387943433527,0.0005566409501370773,21.06774193548387,1
660379,Fracture,2026-05-22 20:05:00,NRG,100 Thieves,0.0625,-0.0016468387943433527,0.0005566409501370773,21.18957345971564,1
660379,Breeze,2026-05-22 20:05:00,NRG,100 Thieves,0.0625,-0.0016468387943433527,0.0005566409501370773,21.06774193548387,1
660379,Haven,2026-05-22 20:05:00,NRG,100 Thieves,0.0625,-0.0016468387943433527,0.0005566409501370773,21.159926470588236,1
660379,Corrode,2026-05-22 20:05:00,NRG,100 Thieves,0.0625,-0.0016468387943433527,0.0005566409501370773,21.65277777777778,1
660379,Pearl,2026-05-22 20:05:00,NRG,100 Thieves,0.0625,-0.0016468387943433527,0.0005566409501370773,21.221830985915492,1
660379,Abyss,2026-05-22 20:05:00,NRG,100 Thieves,0.0625,-0.0016468387943433527,0.0005566409501370773,21.180487804878048,1
660380,Lotus,2026-05-23 17:00:00,G2 Esports,NRG,0.11208791208791213,-0.0014585615188025258,-0.001640631944827331,21.276412776412776,1
660380,Breeze,2026-05-23 17:00:00,G2 Esports,NRG,0.11208791208791213,-0.0014585615188025258,-0.001640631944827331,21.06774193548387,0
660380,Pearl,2026-05-23 17:00:00,G2 Esports,NRG,0.11208791208791213,-0.0014585615188025258,-0.001640631944827331,21.221830985915492,1
660380,Haven,2026-05-23 17:00:00,G2 Esports,NRG,0.11208791208791213,-0.0014585615188025258,-0.001640631944827331,21.159926470588236,0
660380,Ascent,2026-05-23 17:00:00,G2 Esports,NRG,0.11208791208791213,-0.0014585615188025258,-0.001640631944827331,21.038961038961038,1
660374,Fracture,2026-05-24 17:00:00,LEVIATÁN,G2 Esports,-0.02376565954310983,0.002196080137817802,6.605538680259926e-06,21.18957345971564,0
660374,Haven,2026-05-24 17:00:00,LEVIATÁN,G2 Esports,-0.02376565954310983,0.002196080137817802,6.605538680259926e-06,21.159926470588236,1
660374,Ascent,2026-05-24 17:00:00,LEVIATÁN,G2 Esports,-0.02376565954310983,0.002196080137817802,6.605538680259926e-06,21.038961038961038,1
660374,Pearl,2026-05-24 17:00:00,LEVIATÁN,G2 Esports,-0.02376565954310983,0.002196080137817802,6.605538680259926e-06,21.221830985915492,0
660374,Split,2026-05-24 17:00:00,LEVIATÁN,G2 Esports,-0.02376565954310983,0.002196080137817802,6.605538680259926e-06,21.295289855072465,0
684613,Pearl,2026-06-06 10:00:00,Xi Lai Gaming,NRG,0.10606060606060608,0.0,-0.0016399768473857046,21.221830985915492,0
684613,Lotus,2026-06-06 10:00:00,Xi Lai Gaming,NRG,0.10606060606060608,0.0,-0.0016399768473857046,21.276412776412776,0
684613,Haven,2026-06-06 10:00:00,Xi Lai Gaming,NRG,0.10606060606060608,0.0,-0.0016399768473857046,21.159926470588236,0
684613,Abyss,2026-06-06 10:00:00,Xi Lai Gaming,NRG,0.10606060606060608,0.0,-0.0016399768473857046,21.180487804878048,0
684610,Lotus,2026-06-06 12:30:00,Team Vitality,Dragon Ranger Gaming,0.040898155573376116,0.000838926174496657,-0.0009416195856873921,21.276412776412776,1
684610,Breeze,2026-06-06 12:30:00,Team Vitality,Dragon Ranger Gaming,0.040898155573376116,0.000838926174496657,-0.0009416195856873921,21.06774193548387,1
684611,Fracture,2026-06-07 10:00:00,FULL SENSE,FUT Esports,-0.06265664160401002,-0.003567560785556756,-0.0036729030106056326,21.18957345971564,0
684611,Haven,2026-06-07 10:00:00,FULL SENSE,FUT Esports,-0.06265664160401002,-0.003567560785556756,-0.0036729030106056326,21.159926470588236,0
684612,Pearl,2026-06-07 12:00:00,LEVIATÁN,Global Esports,0.28414634146341466,-0.00013327957846731575,-0.0022120282094815757,21.221830985915492,0
684612,Fracture,2026-06-07 12:00:00,LEVIATÁN,Global Esports,0.28414634146341466,-0.00013327957846731575,-0.0022120282094815757,21.18957345971564,1
684612,Split,2026-06-07 12:00:00,LEVIATÁN,Global Esports,0.28414634146341466,-0.00013327957846731575,-0.0022120282094815757,21.295289855072465,1
684614,Pearl,2026-06-08 10:00:00,Team Vitality,FUT Esports,-0.008474576271186418,0.0034519408502772797,-0.005203489147541873,21.221830985915492,1
684614,Haven,2026-06-08 10:00:00,Team Vitality,FUT Esports,-0.008474576271186418,0.0034519408502772797,-0.005203489147541873,21.159926470588236,0
684614,Fracture,2026-06-08 10:00:00,Team Vitality,FUT Esports,-0.008474576271186418,0.0034519408502772797,-0.005203489147541873,21.18957345971564,1
684615,Ascent,2026-06-08 13:15:00,NRG,LEVIATÁN,-0.08857352581355515,-0.0007517182130584166,0.0013590749642306,21.038961038961038,0
684615,Lotus,2026-06-08 13:15:00,NRG,LEVIATÁN,-0.08857352581355515,-0.0007517182130584166,0.0013590749642306,21.276412776412776,1
684615,Pearl,2026-06-08 13:15:00,NRG,LEVIATÁN,-0.08857352581355515,-0.0007517182130584166,0.0013590749642306,21.221830985915492,0
684616,Haven,2026-06-09 10:00:00,Dragon Ranger Gaming,Xi Lai Gaming,-0.21103896103896108,0.0,0.0,21.159926470588236,1
684616,Fracture,2026-06-09 10:00:00,Dragon Ranger Gaming,Xi Lai Gaming,-0.21103896103896108,0.0,0.0,21.18957345971564,0
684616,Split,2026-06-09 10:00:00,Dragon Ranger Gaming,Xi Lai Gaming,-0.21103896103896108,0.0,0.0,21.295289855072465,0
684617,Split,2026-06-09 13:20:00,Global Esports,FULL SENSE,-0.04285714285714287,0.008777239709443108,3.7943698192322017e-06,21.295289855072465,0
684617,Breeze,2026-06-09 13:20:00,Global Esports,FULL SENSE,-0.04285714285714287,0.008777239709443108,3.7943698192322017e-06,21.06774193548387,1
684617,Pearl,2026-06-09 13:20:00,Global Esports,FULL SENSE,-0.04285714285714287,0.008777239709443108,3.7943698192322017e-06,21.221830985915492,1
684619,Lotus,2026-06-10 10:00:00,FUT Esports,NRG,-0.06729810568295114,-0.002450980392156854,0.0031036845465259866,21.276412776412776,0
684619,Haven,2026-06-10 10:00:00,FUT Esports,NRG,-0.06729810568295114,-0.002450980392156854,0.0031036845465259866,21.159926470588236,1
684619,Fracture,2026-06-10 10:00:00,FUT Esports,NRG,-0.06729810568295114,-0.002450980392156854,0.0031036845465259866,21.18957345971564,1
684618,Haven,2026-06-10 13:40:00,Global Esports,Xi Lai Gaming,-0.2830793905372895,0.0039149888143176215,0.0006620666724120317,21.159926470588236,1
684618,Lotus,2026-06-10 13:40:00,Global Esports,Xi Lai Gaming,-0.2830793905372895,0.0039149888143176215,0.0006620666724120317,21.276412776412776,0
684618,Breeze,2026-06-10 13:40:00,Global Esports,Xi Lai Gaming,-0.2830793905372895,0.0039149888143176215,0.0006620666724120317,21.06774193548387,0
670466,Ascent,2026-06-12 10:00:00,Paper Rex,LEVIATÁN,0.04704301075268824,-0.0003689995159318338,0.0011449079689335173,21.038961038961038,1
670466,Lotus,2026-06-12 10:00:00,Paper Rex,LEVIATÁN,0.04704301075268824,-0.0003689995159318338,0.0011449079689335173,21.276412776412776,1
670466,Fracture,2026-06-12 10:00:00,Paper Rex,LEVIATÁN,0.04704301075268824,-0.0003689995159318338,0.0011449079689335173,21.18957345971564,1
670466,Split,2026-06-12 10:00:00,Paper Rex,LEVIATÁN,0.04704301075268824,-0.0003689995159318338,0.0011449079689335173,21.295289855072465,0
670466,Breeze,2026-06-12 10:00:00,Paper Rex,LEVIATÁN,0.04704301075268824,-0.0003689995159318338,0.0011449079689335173,21.06774193548387,1
670466,Ascent,2026-06-12 10:00:00,Paper Rex,LEVIATÁN,0.04704301075268824,-0.0003689995159318338,0.0011449079689335173,21.038961038961038,0
670466,Lotus,2026-06-12 10:00:00,Paper Rex,LEVIATÁN,0.04704301075268824,-0.0003689995159318338,0.0011449079689335173,21.276412776412776,0
670467,Breeze,2026-06-12 12:00:00,Team Heretics,Team Vitality,0.20238095238095233,-0.0005195217328992641,0.0007772768688592557,21.06774193548387,0
670467,Lotus,2026-06-12 12:00:00,Team Heretics,Team Vitality,0.20238095238095233,-0.0005195217328992641,0.0007772768688592557,21.276412776412776,0
670465,Haven,2026-06-13 10:00:00,EDward Gaming,FUT Esports,0.15217391304347827,0.0021328458257160454,-0.004212694252012761,21.159926470588236,0
670465,Pearl,2026-06-13 10:00:00,EDward Gaming,FUT Esports,0.15217391304347827,0.0021328458257160454,-0.004212694252012761,21.221830985915492,1
670465,Fracture,2026-06-13 10:00:00,EDward Gaming,FUT Esports,0.15217391304347827,0.0021328458257160454,-0.004212694252012761,21.18957345971564,1
670464,Lotus,2026-06-13 13:00:00,G2 Esports,Xi Lai Gaming,0.021505376344086113,-0.0011542976786967918,0.0001471208229827381,21.276412776412776,1
670464,Ascent,2026-06-13 13:00:00,G2 Esports,Xi Lai Gaming,0.021505376344086113,-0.0011542976786967918,0.0001471208229827381,21.038961038961038,0
670464,Split,2026-06-13 13:00:00,G2 Esports,Xi Lai Gaming,0.021505376344086113,-0.0011542976786967918,0.0001471208229827381,21.295289855072465,0
670473,Split,2026-06-14 10:00:00,LEVIATÁN,Team Heretics,-0.04332399626517269,0.0005574913189114739,0.000786044910457806,21.295289855072465,1
670473,Lotus,2026-06-14 10:00:00,LEVIATÁN,Team Heretics,-0.04332399626517269,0.0005574913189114739,0.000786044910457806,21.276412776412776,0
670473,Ascent,2026-06-14 10:00:00,LEVIATÁN,Team Heretics,-0.04332399626517269,0.0005574913189114739,0.000786044910457806,21.038961038961038,1
670472,Ascent,2026-06-14 13:00:00,G2 Esports,FUT Esports,0.18904778514126264,0.0008156028368794255,-0.003987241094723426,21.038961038961038,0
670472,Lotus,2026-06-14 13:00:00,G2 Esports,FUT Esports,0.18904778514126264,0.0008156028368794255,-0.003987241094723426,21.276412776412776,0
670468,Lotus,2026-06-15 10:00:00,Xi Lai Gaming,EDward Gaming,0.02027649769585249,0.001110774820864413,-0.0003496852832450825,21.276412776412776,0
670468,Breeze,2026-06-15 10:00:00,Xi Lai Gaming,EDward Gaming,0.02027649769585249,0.001110774820864413,-0.0003496852832450825,21.06774193548387,1
670468,Split,2026-06-15 10:00:00,Xi Lai Gaming,EDward Gaming,0.02027649769585249,0.001110774820864413,-0.0003496852832450825,21.295289855072465,0
670469,Breeze,2026-06-15 13:15:00,Paper Rex,Team Vitality,0.20314348487409162,-0.0003140797536829165,0.0026868404167021964,21.06774193548387,1
670469,Split,2026-06-15 13:15:00,Paper Rex,Team Vitality,0.20314348487409162,-0.0003140797536829165,0.0026868404167021964,21.295289855072465,0
670469,Fracture,2026-06-15 13:15:00,Paper Rex,Team Vitality,0.20314348487409162,-0.0003140797536829165,0.0026868404167021964,21.18957345971564,1
670475,Haven,2026-06-16 10:00:00,Xi Lai Gaming,LEVIATÁN,0.0,-0.0015764328445034281,-0.000584451969245503,21.159926470588236,0
670475,Lotus,2026-06-16 10:00:00,Xi Lai Gaming,LEVIATÁN,0.0,-0.0015764328445034281,-0.000584451969245503,21.276412776412776,0
670474,Pearl,2026-06-16 12:05:00,Team Vitality,FUT Esports,0.0,0.0019278570160383701,-0.004990554143257109,21.221830985915492,1
670474,Haven,2026-06-16 12:05:00,Team Vitality,FUT Esports,0.0,0.0019278570160383701,-0.004990554143257109,21.159926470588236,0
670474,Fracture,2026-06-16 12:05:00,Team Vitality,FUT Esports,0.0,0.0019278570160383701,-0.004990554143257109,21.18957345971564,1
670474,Lotus,2026-06-16 12:05:00,Team Vitality,FUT Esports,0.0,0.0019278570160383701,-0.004990554143257109,21.276412776412776,1
670474,Ascent,2026-06-16 12:05:00,Team Vitality,FUT Esports,0.0,0.0019278570160383701,-0.004990554143257109,21.038961038961038,1
670470,Breeze,2026-06-19 09:00:00,EDward Gaming,Paper Rex,-0.0523138832997988,-0.0003635497584921765,-0.0015176564004781845,21.06774193548387,1
670470,Fracture,2026-06-19 09:00:00,EDward Gaming,Paper Rex,-0.0523138832997988,-0.0003635497584921765,-0.0015176564004781845,21.18957345971564,0
670470,Split,2026-06-19 09:00:00,EDward Gaming,Paper Rex,-0.0523138832997988,-0.0003635497584921765,-0.0015176564004781845,21.295289855072465,0
670476,Lotus,2026-06-19 12:35:00,Team Vitality,LEVIATÁN,-0.1536019536019536,-0.0008656712445438419,-0.002342850836685062,21.276412776412776,0
670476,Split,2026-06-19 12:35:00,Team Vitality,LEVIATÁN,-0.1536019536019536,-0.0008656712445438419,-0.002342850836685062,21.295289855072465,0
670477,Haven,2026-06-20 09:00:00,EDward Gaming,LEVIATÁN,-0.01388888888888884,-0.0008989090354283302,-0.0009811193621095393,21.159926470588236,0
670477,Pearl,2026-06-20 09:00:00,EDward Gaming,LEVIATÁN,-0.01388888888888884,-0.0008989090354283302,-0.0009811193621095393,21.221830985915492,0
670477,Split,2026-06-20 09:00:00,EDward Gaming,LEVIATÁN,-0.01388888888888884,-0.0008989090354283302,-0.0009811193621095393,21.295289855072465,0
670471,Fracture,2026-06-21 10:20:00,Paper Rex,LEVIATÁN,0.045529926126940956,-0.0005280268043104108,0.0012270327439956041,21.18957345971564,1
670471,Split,2026-06-21 10:20:00,Paper Rex,LEVIATÁN,0.045529926126940956,-0.0005280268043104108,0.0012270327439956041,21.295289855072465,0
670471,Breeze,2026-06-21 10:20:00,Paper Rex,LEVIATÁN,0.045529926126940956,-0.0005280268043104108,0.0012270327439956041,21.06774193548387,1
670471,Ascent,2026-06-21 10:20:00,Paper Rex,LEVIATÁN,0.045529926126940956,-0.0005280268043104108,0.0012270327439956041,21.038961038961038,0
670471,Lotus,2026-06-21 10:20:00,Paper Rex,LEVIATÁN,0.045529926126940956,-0.0005280268043104108,0.0012270327439956041,21.276412776412776,0
698885,Split,2026-07-16 07:05:00,Team Secret,VARREL,0.3783783783783784,0.052342323360022425,-0.023630471036153677,21.295289855072465,0
698885,Haven,2026-07-16 07:05:00,Team Secret,VARREL,0.3783783783783784,0.052342323360022425,-0.023630471036153677,21.159926470588236,1
698885,Summit,2026-07-16 07:05:00,Team Secret,VARREL,0.3783783783783784,0.052342323360022425,-0.023630471036153677,22.083333333333332,0
712806,Split,2026-07-16 13:35:00,PCIFIC Esports,Gentle Mates,-0.35714285714285715,-0.03659611992945322,0.013007485973904165,21.295289855072465,1
712806,Sunset,2026-07-16 13:35:00,PCIFIC Esports,Gentle Mates,-0.35714285714285715,-0.03659611992945322,0.013007485973904165,21.045673076923077,0
712806,Ascent,2026-07-16 13:35:00,PCIFIC Esports,Gentle Mates,-0.35714285714285715,-0.03659611992945322,0.013007485973904165,21.038961038961038,0
706349,Haven,2026-07-16 17:00:00,LEVIATÁN,FURIA,0.38699690402476783,0.007597729432907707,-0.006651686319847139,21.159926470588236,1
706349,Sunset,2026-07-16 17:00:00,LEVIATÁN,FURIA,0.38699690402476783,0.007597729432907707,-0.006651686319847139,21.045673076923077,0
706349,Split,2026-07-16 17:00:00,LEVIATÁN,FURIA,0.38699690402476783,0.007597729432907707,-0.006651686319847139,21.295289855072465,1
706350,Summit,2026-07-16 20:20:00,Sentinels,Cloud9,0.10685854255970612,0.0029585452686673452,-0.000882411909561065,22.083333333333332,1
706350,Haven,2026-07-16 20:20:00,Sentinels,Cloud9,0.10685854255970612,0.0029585452686673452,-0.000882411909561065,21.159926470588236,0
706350,Lotus,2026-07-16 20:20:00,Sentinels,Cloud9,0.10685854255970612,0.0029585452686673452,-0.000882411909561065,21.276412776412776,1
698886,Haven,2026-07-17 04:00:00,FULL SENSE,Nongshim RedForce,-0.2007575757575758,-0.013784005519196063,0.006896438280989736,21.159926470588236,0
698886,Split,2026-07-17 04:00:00,FULL SENSE,Nongshim RedForce,-0.2007575757575758,-0.013784005519196063,0.006896438280989736,21.295289855072465,1
698886,Ascent,2026-07-17 04:00:00,FULL SENSE,Nongshim RedForce,-0.2007575757575758,-0.013784005519196063,0.006896438280989736,21.038961038961038,1
712808,Sunset,2026-07-17 13:25:00,Team Vitality,Natus Vincere,0.08695652173913043,-0.0005419674715790856,-0.0005603122377593195,21.045673076923077,0
712808,Breeze,2026-07-17 13:25:00,Team Vitality,Natus Vincere,0.08695652173913043,-0.0005419674715790856,-0.0005603122377593195,21.06774193548387,1
712808,Split,2026-07-17 13:25:00,Team Vitality,Natus Vincere,0.08695652173913043,-0.0005419674715790856,-0.0005603122377593195,21.295289855072465,1
698889,Sunset,2026-07-18 06:35:00,Paper Rex,T1,0.19571428571428573,-0.0004230018469403296,0.0022006889406789854,21.045673076923077,0
698889,Ascent,2026-07-18 06:35:00,Paper Rex,T1,0.19571428571428573,-0.0004230018469403296,0.0022006889406789854,21.038961038961038,1
698889,Breeze,2026-07-18 06:35:00,Paper Rex,T1,0.19571428571428573,-0.0004230018469403296,0.0022006889406789854,21.06774193548387,0
706353,Breeze,2026-07-18 17:00:00,G2 Esports,100 Thieves,0.1821587867975022,-0.002892428464947583,-0.0013800562203844513,21.06774193548387,0
706353,Sunset,2026-07-18 17:00:00,G2 Esports,100 Thieves,0.1821587867975022,-0.002892428464947583,-0.0013800562203844513,21.045673076923077,1
706353,Haven,2026-07-18 17:00:00,G2 Esports,100 Thieves,0.1821587867975022,-0.002892428464947583,-0.0013800562203844513,21.159926470588236,0
706354,Sunset,2026-07-18 20:30:00,NRG,MIBR,0.1689064558629776,0.0011229460644632816,0.00027141347148718076,21.045673076923077,0
706354,Breeze,2026-07-18 20:30:00,NRG,MIBR,0.1689064558629776,0.0011229460644632816,0.00027141347148718076,21.06774193548387,1
706354,Summit,2026-07-18 20:30:00,NRG,MIBR,0.1689064558629776,0.0011229460644632816,0.00027141347148718076,22.083333333333332,1
698890,Split,2026-07-19 04:00:00,Nongshim RedForce,Gen.G,-0.13980660757453667,0.004446231617647012,-0.004443145837763063,21.295289855072465,0
698890,Ascent,2026-07-19 04:00:00,Nongshim RedForce,Gen.G,-0.13980660757453667,0.004446231617647012,-0.004443145837763063,21.038961038961038,1
698890,Haven,2026-07-19 04:00:00,Nongshim RedForce,Gen.G,-0.13980660757453667,0.004446231617647012,-0.004443145837763063,21.159926470588236,0
712814,Split,2026-07-22 11:00:00,FUT Esports,PCIFIC Esports,0.49206349206349204,0.03332094105086558,0.005305856337251891,21.295289855072465,1
712814,Lotus,2026-07-22 11:00:00,FUT Esports,PCIFIC Esports,0.49206349206349204,0.03332094105086558,0.005305856337251891,21.276412776412776,0
712814,Ascent,2026-07-22 11:00:00,FUT Esports,PCIFIC Esports,0.49206349206349204,0.03332094105086558,0.005305856337251891,21.038961038961038,1
712818,Lotus,2026-07-24 11:00:00,FUT Esports,BBL Esports,0.010638297872340441,-0.0027386789082695095,0.004131931192763838,21.276412776412776,0
712818,Split,2026-07-24 11:00:00,FUT Esports,BBL Esports,0.010638297872340441,-0.0027386789082695095,0.004131931192763838,21.295289855072465,1
712818,Sunset,2026-07-24 11:00:00,FUT Esports,BBL Esports,0.010638297872340441,-0.0027386789082695095,0.004131931192763838,21.045673076923077,1
698897,Ascent,2026-07-25 04:00:00,Nongshim RedForce,Global Esports,0.17922077922077917,0.0013073704934170038,-0.005587230467917537,21.038961038961038,0
698897,Sunset,2026-07-25 04:00:00,Nongshim RedForce,Global Esports,0.17922077922077917,0.0013073704934170038,-0.005587230467917537,21.045673076923077,1
698897,Breeze,2026-07-25 04:00:00,Nongshim RedForce,Global Esports,0.17922077922077917,0.0013073704934170038,-0.005587230467917537,21.06774193548387,1
698901,Haven,2026-07-26 05:50:00,Gen.G,Rex Regum Qeon,0.21179361179361184,0.0021674497594943998,-0.0019273380569301835,21.159926470588236,0
698901,Summit,2026-07-26 05:50:00,Gen.G,Rex Regum Qeon,0.21179361179361184,0.0021674497594943998,-0.0019273380569301835,22.083333333333332,1
698901,Sunset,2026-07-26 05:50:00,Gen.G,Rex Regum Qeon,0.21179361179361184,0.0021674497594943998,-0.0019273380569301835,21.045673076923077,1
712822,Haven,2026-07-26 11:00:00,BBL Esports,Natus Vincere,0.07491134751773054,0.0010493432405546121,0.0014110334772256539,21.159926470588236,0
712822,Ascent,2026-07-26 11:00:00,BBL Esports,Natus Vincere,0.07491134751773054,0.0010493432405546121,0.0014110334772256539,21.038961038961038,1
712822,Sunset,2026-07-26 11:00:00,BBL Esports,Natus Vincere,0.07491134751773054,0.0010493432405546121,0.0014110334772256539,21.045673076923077,1
712825,Haven,2026-07-29 13:15:00,Gentle Mates,Team Vitality,-0.13559928443649372,0.003933589882406885,-0.0032587521021205657,21.159926470588236,1
712825,Split,2026-07-29 13:15:00,Gentle Mates,Team Vitality,-0.13559928443649372,0.003933589882406885,-0.0032587521021205657,21.295289855072465,0
712825,Ascent,2026-07-29 13:15:00,Gentle Mates,Team Vitality,-0.13559928443649372,0.003933589882406885,-0.0032587521021205657,21.038961038961038,0
698902,Lotus,2026-07-30 04:00:00,VARREL,DetonatioN FocusMe,-0.18157181571815717,-0.0428194595465346,0.024613997810829957,21.276412776412776,0
698902,Haven,2026-07-30 04:00:00,VARREL,DetonatioN FocusMe,-0.18157181571815717,-0.0428194595465346,0.024613997810829957,21.159926470588236,0
698902,Ascent,2026-07-30 04:00:00,VARREL,DetonatioN FocusMe,-0.18157181571815717,-0.0428194595465346,0.024613997810829957,21.038961038961038,1
698903,Split,2026-07-30 07:15:00,FULL SENSE,ZETA DIVISION,0.10620915032679734,-0.010258885258885242,0.004523016712008554,21.295289855072465,1
698903,Sunset,2026-07-30 07:15:00,FULL SENSE,ZETA DIVISION,0.10620915032679734,-0.010258885258885242,0.004523016712008554,21.045673076923077,0
698903,Haven,2026-07-30 07:15:00,FULL SENSE,ZETA DIVISION,0.10620915032679734,-0.010258885258885242,0.004523016712008554,21.159926470588236,0
706365,Sunset,2026-07-30 19:20:00,100 Thieves,Sentinels,-0.06944444444444442,0.0021799445105034065,0.0017275507291769077,21.045673076923077,0
706365,Ascent,2026-07-30 19:20:00,100 Thieves,Sentinels,-0.06944444444444442,0.0021799445105034065,0.0017275507291769077,21.038961038961038,1
706365,Breeze,2026-07-30 19:20:00,100 Thieves,Sentinels,-0.06944444444444442,0.0021799445105034065,0.0017275507291769077,21.06774193548387,1
698905,Breeze,2026-07-31 06:10:00,Global Esports,Gen.G,-0.3511111111111111,0.001544978308913758,0.0011837234059455803,21.06774193548387,1
698905,Sunset,2026-07-31 06:10:00,Global Esports,Gen.G,-0.3511111111111111,0.001544978308913758,0.0011837234059455803,21.045673076923077,0
698905,Summit,2026-07-31 06:10:00,Global Esports,Gen.G,-0.3511111111111111,0.001544978308913758,0.0011837234059455803,22.083333333333332,0
712828,Lotus,2026-07-31 11:00:00,BBL Esports,Gentle Mates,0.12615955473098328,0.0008719268153229986,0.00202638092977514,21.276412776412776,0
712828,Ascent,2026-07-31 11:00:00,BBL Esports,Gentle Mates,0.12615955473098328,0.0008719268153229986,0.00202638092977514,21.038961038961038,1
712828,Sunset,2026-07-31 11:00:00,BBL Esports,Gentle Mates,0.12615955473098328,0.0008719268153229986,0.00202638092977514,21.045673076923077,1
706366,Haven,2026-07-31 17:00:00,Cloud9,LOUD,0.08510638297872336,-0.0009348550532307098,-0.0034085052516873993,21.159926470588236,1
706366,Sunset,2026-07-31 17:00:00,Cloud9,LOUD,0.08510638297872336,-0.0009348550532307098,-0.0034085052516873993,21.045673076923077,0
706366,Summit,2026-07-31 17:00:00,Cloud9,LOUD,0.08510638297872336,-0.0009348550532307098,-0.0034085052516873993,22.083333333333332,0
698906,Sunset,2026-08-01 04:00:00,T1,DetonatioN FocusMe,0.21160295103957072,-6.42814158323679e-05,0.002757742893508719,21.045673076923077,0
698906,Haven,2026-08-01 04:00:00,T1,DetonatioN FocusMe,0.21160295103957072,-6.42814158323679e-05,0.002757742893508719,21.159926470588236,1
698906,Ascent,2026-08-01 04:00:00,T1,DetonatioN FocusMe,0.21160295103957072,-6.42814158323679e-05,0.002757742893508719,21.038961038961038,0
698907,Summit,2026-08-01 07:25:00,FULL SENSE,Rex Regum Qeon,-0.09325396825396826,-0.0066916851786128495,-0.003120442021705472,22.083333333333332,0
698907,Ascent,2026-08-01 07:25:00,FULL SENSE,Rex Regum Qeon,-0.09325396825396826,-0.0066916851786128495,-0.003120442021705472,21.038961038961038,1
698907,Sunset,2026-08-01 07:25:00,FULL SENSE,Rex Regum Qeon,-0.09325396825396826,-0.0066916851786128495,-0.003120442021705472,21.045673076923077,0
712830,Lotus,2026-08-01 11:00:00,FUT Esports,Team Vitality,-0.007459207459207473,-0.0008702311333890211,0.0037804251285633583,21.276412776412776,0
712830,Haven,2026-08-01 11:00:00,FUT Esports,Team Vitality,-0.007459207459207473,-0.0008702311333890211,0.0037804251285633583,21.159926470588236,1
712830,Split,2026-08-01 11:00:00,FUT Esports,Team Vitality,-0.007459207459207473,-0.0008702311333890211,0.0037804251285633583,21.295289855072465,0
712831,Lotus,2026-08-01 14:10:00,Karmine Corp,Team Liquid,-0.23188405797101447,0.0036782908190722274,-0.00528531175220609,21.276412776412776,1
712831,Summit,2026-08-01 14:10:00,Karmine Corp,Team Liquid,-0.23188405797101447,0.0036782908190722274,-0.00528531175220609,22.083333333333332,0
712831,Haven,2026-08-01 14:10:00,Karmine Corp,Team Liquid,-0.23188405797101447,0.0036782908190722274,-0.00528531175220609,21.159926470588236,1
706368,Haven,2026-08-01 17:00:00,ENVY,FURIA,0.21794871794871795,0.014622295562889687,0.0042998361229604765,21.159926470588236,0
706368,Sunset,2026-08-01 17:00:00,ENVY,FURIA,0.21794871794871795,0.014622295562889687,0.0042998361229604765,21.045673076923077,1
706368,Ascent,2026-08-01 17:00:00,ENVY,FURIA,0.21794871794871795,0.014622295562889687,0.0042998361229604765,21.038961038961038,1
706369,Summit,2026-08-01 21:00:00,LEVIATÁN,NRG,0.12401656314699794,0.001838204168712665,-0.0016613748791527438,22.083333333333332,0
706369,Sunset,2026-08-01 21:00:00,LEVIATÁN,NRG,0.12401656314699794,0.001838204168712665,-0.0016613748791527438,21.045673076923077,1
706369,Haven,2026-08-01 21:00:00,LEVIATÁN,NRG,0.12401656314699794,0.001838204168712665,-0.0016613748791527438,21.159926470588236,0
698909,Sunset,2026-08-02 07:00:00,ZETA DIVISION,Nongshim RedForce,-0.23123123123123124,-0.005191575715517316,0.003569701831937777,21.045673076923077,1
698909,Breeze,2026-08-02 07:00:00,ZETA DIVISION,Nongshim RedForce,-0.23123123123123124,-0.005191575715517316,0.003569701831937777,21.06774193548387,0
698909,Haven,2026-08-02 07:00:00,ZETA DIVISION,Nongshim RedForce,-0.23123123123123124,-0.005191575715517316,0.003569701831937777,21.159926470588236,0
712832,Sunset,2026-08-02 11:00:00,BBL Esports,PCIFIC Esports,0.5,0.06047090967534552,-0.011128184596199797,21.045673076923077,1
712832,Lotus,2026-08-02 11:00:00,BBL Esports,PCIFIC Esports,0.5,0.06047090967534552,-0.011128184596199797,21.276412776412776,0
712832,Ascent,2026-08-02 11:00:00,BBL Esports,PCIFIC Esports,0.5,0.06047090967534552,-0.011128184596199797,21.038961038961038,1
706371,Breeze,2026-08-02 19:05:00,G2 Esports,Sentinels,0.10502283105022825,-0.0014382736839854138,0.000771925272444185,21.06774193548387,0
706371,Lotus,2026-08-02 19:05:00,G2 Esports,Sentinels,0.10502283105022825,-0.0014382736839854138,0.000771925272444185,21.276412776412776,1
706371,Split,2026-08-02 19:05:00,G2 Esports,Sentinels,0.10502283105022825,-0.0014382736839854138,0.000771925272444185,21.295289855072465,1
