match_id,date,team1,team2,target,t1_matches_played,t2_matches_played,diff_matches_played,t1_win_rate,t2_win_rate,diff_win_rate,t1_full_buy_win_rate,t2_full_buy_win_rate,diff_full_buy_win_rate,t1_semi_buy_win_rate,t2_semi_buy_win_rate,diff_semi_buy_win_rate,t1_eco_conversion,t2_eco_conversion,diff_eco_conversion,t1_pistol_win_rate,t2_pistol_win_rate,diff_pistol_win_rate,t1_attack_round_win_rate,t2_attack_round_win_rate,diff_attack_round_win_rate,t1_defense_round_win_rate,t2_defense_round_win_rate,diff_defense_round_win_rate,t1_first_half_win_rate,t2_first_half_win_rate,diff_first_half_win_rate,t1_comeback_rate,t2_comeback_rate,diff_comeback_rate
220296,2023-06-11 01:45:00,DRX,Attacking Soul Esports,1,0,0,0.0,0.5,0.5,0.0,0.0,0.0,0.0,0.0,0.0,0.0,0.0,0.0,0.0,0.0,0.0,0.0,0.0,0.0,0.0,0.0,0.0,0.0,0.0,0.0,0.0,0.0,0.0,0.0
220298,2023-06-12 02:30:00,DRX,Evil Geniuses,0,1,0,1.0,1.0,0.5,0.5,0.0,0.0,0.0,0.0,0.0,0.0,0.0,0.0,0.0,0.0,0.0,0.0,0.5,0.0,0.5,0.5,0.0,0.5,0.5,0.0,0.5,0.0,0.0,0.0
220299,2023-06-13 02:45:00,Attacking Soul Esports,FUT Esports,0,1,0,1.0,0.0,0.5,-0.5,0.0,0.0,0.0,0.0,0.0,0.0,0.0,0.0,0.0,0.0,0.0,0.0,0.5,0.0,0.5,0.5,0.0,0.5,0.5,0.0,0.5,0.0,0.0,0.0
220294,2023-06-13 05:45:00,Natus Vincere,EDward Gaming,0,1,0,1.0,0.0,0.5,-0.5,0.0,0.0,0.0,0.0,0.0,0.0,0.0,0.0,0.0,0.0,0.0,0.0,0.5,0.0,0.5,0.5,0.0,0.5,0.5,0.0,0.5,0.0,0.0,0.0
220300,2023-06-13 23:00:00,DRX,FUT Esports,1,2,1,1.0,0.5,1.0,-0.5,0.0,0.0,0.0,0.0,0.0,0.0,0.0,0.0,0.0,0.0,0.0,0.0,0.5,0.5,0.0,0.5,0.5,0.0,0.5,0.5,0.0,0.0,0.0,0.0
220295,2023-06-14 02:15:00,T1,EDward Gaming,0,1,1,0.0,0.0,1.0,-1.0,0.0,0.0,0.0,0.0,0.0,0.0,0.0,0.0,0.0,0.0,0.0,0.0,0.5,0.5,0.0,0.5,0.5,0.0,0.5,0.5,0.0,0.0,0.0,0.0
220444,2023-06-15 23:00:00,LOUD,Evil Geniuses,0,0,1,-1.0,0.5,1.0,-0.5,0.0,0.0,0.0,0.0,0.0,0.0,0.0,0.0,0.0,0.0,0.0,0.0,0.0,0.5,-0.5,0.0,0.5,-0.5,0.0,0.5,-0.5,0.0,0.0,0.0
220443,2023-06-16 01:30:00,Team Liquid,EDward Gaming,1,0,2,-2.0,0.5,1.0,-0.5,0.0,0.0,0.0,0.0,0.0,0.0,0.0,0.0,0.0,0.0,0.0,0.0,0.0,0.5,-0.5,0.0,0.5,-0.5,0.0,0.5,-0.5,0.0,0.0,0.0
220441,2023-06-17 01:30:00,Paper Rex,DRX,1,0,3,-3.0,0.5,0.6666666666666666,-0.16666666666666663,0.0,0.0,0.0,0.0,0.0,0.0,0.0,0.0,0.0,0.0,0.0,0.0,0.0,0.5,-0.5,0.0,0.5,-0.5,0.0,0.5,-0.5,0.0,0.0,0.0
220450,2023-06-17 23:00:00,EDward Gaming,LOUD,1,3,1,2.0,0.6666666666666666,0.0,0.6666666666666666,0.0,0.0,0.0,0.0,0.0,0.0,0.0,0.0,0.0,0.0,0.0,0.0,0.5,0.5,0.0,0.5,0.5,0.0,0.5,0.5,0.0,0.0,0.0,0.0
220446,2023-06-18 23:00:00,Team Liquid,Evil Geniuses,0,1,2,-1.0,1.0,1.0,0.0,0.0,0.0,0.0,0.0,0.0,0.0,0.0,0.0,0.0,0.0,0.0,0.0,0.5,0.5,0.0,0.5,0.5,0.0,0.5,0.5,0.0,0.0,0.0,0.0
220452,2023-06-20 02:45:00,Paper Rex,EDward Gaming,1,2,4,-2.0,0.5,0.75,-0.25,0.0,0.0,0.0,0.0,0.0,0.0,0.0,0.0,0.0,0.0,0.0,0.0,0.5,0.5,0.0,0.5,0.5,0.0,0.5,0.5,0.0,0.0,0.0,0.0
220454,2023-06-23 23:00:00,Evil Geniuses,Paper Rex,1,4,4,0.0,0.75,0.75,0.0,0.0,0.0,0.0,0.0,0.0,0.0,0.0,0.0,0.0,0.0,0.0,0.0,0.5,0.5,0.0,0.5,0.5,0.0,0.5,0.5,0.0,0.0,0.0,0.0
248271,2023-08-16 17:25:00,Paper Rex,FUT Esports,1,5,2,3.0,0.6,0.5,0.09999999999999998,0.0,0.0,0.0,0.0,0.0,0.0,0.0,0.0,0.0,0.0,0.0,0.0,0.5,0.5,0.0,0.5,0.5,0.0,0.5,0.5,0.0,0.0,0.0,0.0
248272,2023-08-17 15:00:00,DRX,Bilibili Gaming,1,5,0,5.0,0.4,0.5,-0.09999999999999998,0.0,0.0,0.0,0.0,0.0,0.0,0.0,0.0,0.0,0.0,0.0,0.0,0.5,0.0,0.5,0.5,0.0,0.5,0.5,0.0,0.5,0.0,0.0,0.0
295606,2024-02-16 20:00:00,Cloud9,MIBR,1,0,0,0.0,0.5,0.5,0.0,0.0,0.0,0.0,0.0,0.0,0.0,0.0,0.0,0.0,0.0,0.0,0.0,0.0,0.0,0.0,0.0,0.0,0.0,0.0,0.0,0.0,0.0,0.0,0.0
296735,2024-02-17 01:00:00,T1,BLEED,1,2,0,2.0,0.0,0.5,-0.5,0.0,0.0,0.0,0.0,0.0,0.0,0.0,0.0,0.0,0.0,0.0,0.0,0.5,0.0,0.5,0.5,0.0,0.5,0.5,0.0,0.5,0.0,0.0,0.0
296745,2024-02-17 08:45:00,Gen.G,Rex Regum Qeon,1,0,0,0.0,0.5,0.5,0.0,0.0,0.0,0.0,0.0,0.0,0.0,0.0,0.0,0.0,0.0,0.0,0.0,0.0,0.0,0.0,0.0,0.0,0.0,0.0,0.0,0.0,0.0,0.0,0.0
295610,2024-02-17 17:00:00,LOUD,Sentinels,1,3,0,3.0,0.3333333333333333,0.5,-0.16666666666666669,0.0,0.0,0.0,0.0,0.0,0.0,0.0,0.0,0.0,0.0,0.0,0.0,0.5,0.0,0.5,0.5,0.0,0.5,0.5,0.0,0.5,0.0,0.0,0.0
295611,2024-02-17 19:35:00,LEVIATÁN,100 Thieves,1,0,0,0.0,0.5,0.5,0.0,0.0,0.0,0.0,0.0,0.0,0.0,0.0,0.0,0.0,0.0,0.0,0.0,0.0,0.0,0.0,0.0,0.0,0.0,0.0,0.0,0.0,0.0,0.0,0.0
296730,2024-02-18 01:00:00,ZETA DIVISION,Global Esports,1,0,0,0.0,0.5,0.5,0.0,0.0,0.0,0.0,0.0,0.0,0.0,0.0,0.0,0.0,0.0,0.0,0.0,0.0,0.0,0.0,0.0,0.0,0.0,0.0,0.0,0.0,0.0,0.0,0.0
296731,2024-02-18 03:30:00,Team Secret,Talon Esports,0,0,0,0.0,0.5,0.5,0.0,0.0,0.0,0.0,0.0,0.0,0.0,0.0,0.0,0.0,0.0,0.0,0.0,0.0,0.0,0.0,0.0,0.0,0.0,0.0,0.0,0.0,0.0,0.0,0.0
296736,2024-02-18 05:30:00,DRX,DetonatioN FocusMe,1,6,0,6.0,0.5,0.5,0.0,0.0,0.0,0.0,0.0,0.0,0.0,0.0,0.0,0.0,0.0,0.0,0.0,0.5,0.0,0.5,0.5,0.0,0.5,0.5,0.0,0.5,0.0,0.0,0.0
296747,2024-02-19 01:00:00,Gen.G,Paper Rex,0,1,6,-5.0,1.0,0.6666666666666666,0.33333333333333337,0.0,0.0,0.0,0.0,0.0,0.0,0.0,0.0,0.0,0.0,0.0,0.0,0.5,0.5,0.0,0.5,0.5,0.0,0.5,0.5,0.0,0.0,0.0,0.0
296738,2024-02-19 04:15:00,BLEED,Global Esports,0,1,1,0.0,0.0,0.0,0.0,0.0,0.0,0.0,0.0,0.0,0.0,0.0,0.0,0.0,0.0,0.0,0.0,0.5,0.5,0.0,0.5,0.5,0.0,0.5,0.5,0.0,0.0,0.0,0.0
296737,2024-02-19 08:00:00,T1,ZETA DIVISION,1,3,1,2.0,0.3333333333333333,1.0,-0.6666666666666667,0.0,0.0,0.0,0.0,0.0,0.0,0.0,0.0,0.0,0.0,0.0,0.0,0.5,0.5,0.0,0.5,0.5,0.0,0.5,0.5,0.0,0.0,0.0,0.0
295608,2024-02-19 17:00:00,FURIA,MIBR,0,1,1,0.0,0.0,0.0,0.0,0.0,0.0,0.0,0.0,0.0,0.0,0.0,0.0,0.0,0.0,0.0,0.0,0.5,0.5,0.0,0.5,0.5,0.0,0.5,0.5,0.0,0.0,0.0,0.0
295613,2024-02-19 19:45:00,Sentinels,100 Thieves,0,1,1,0.0,0.0,0.0,0.0,0.0,0.0,0.0,0.0,0.0,0.0,0.0,0.0,0.0,0.0,0.0,0.0,0.5,0.5,0.0,0.5,0.5,0.0,0.5,0.5,0.0,0.0,0.0,0.0
296733,2024-02-20 03:00:00,DetonatioN FocusMe,Team Secret,0,1,1,0.0,0.0,0.0,0.0,0.0,0.0,0.0,0.0,0.0,0.0,0.0,0.0,0.0,0.0,0.0,0.0,0.5,0.5,0.0,0.5,0.5,0.0,0.5,0.5,0.0,0.0,0.0,0.0
296732,2024-02-20 05:20:00,DRX,Talon Esports,1,7,1,6.0,0.5714285714285714,1.0,-0.4285714285714286,0.0,0.0,0.0,0.0,0.0,0.0,0.0,0.0,0.0,0.0,0.0,0.0,0.5,0.5,0.0,0.5,0.5,0.0,0.5,0.5,0.0,0.0,0.0,0.0
297401,2024-02-20 11:00:00,FUT Esports,Team Heretics,0,3,0,3.0,0.3333333333333333,0.5,-0.16666666666666669,0.0,0.0,0.0,0.0,0.0,0.0,0.0,0.0,0.0,0.0,0.0,0.0,0.5,0.0,0.5,0.5,0.0,0.5,0.5,0.0,0.5,0.0,0.0,0.0
297402,2024-02-20 13:35:00,GIANTX,Karmine Corp,0,0,0,0.0,0.5,0.5,0.0,0.0,0.0,0.0,0.0,0.0,0.0,0.0,0.0,0.0,0.0,0.0,0.0,0.0,0.0,0.0,0.0,0.0,0.0,0.0,0.0,0.0,0.0,0.0,0.0
296749,2024-02-21 01:00:00,Gen.G,Rex Regum Qeon,1,2,1,1.0,0.5,0.0,0.5,0.0,0.0,0.0,0.0,0.0,0.0,0.0,0.0,0.0,0.0,0.0,0.0,0.5,0.5,0.0,0.5,0.5,0.0,0.5,0.5,0.0,0.0,0.0,0.0
296734,2024-02-21 04:30:00,Talon Esports,Team Secret,0,2,2,0.0,0.5,0.5,0.0,0.0,0.0,0.0,0.0,0.0,0.0,0.0,0.0,0.0,0.0,0.0,0.0,0.5,0.5,0.0,0.5,0.5,0.0,0.5,0.5,0.0,0.0,0.0,0.0
296739,2024-02-21 07:15:00,ZETA DIVISION,Global Esports,1,2,2,0.0,0.5,0.5,0.0,0.0,0.0,0.0,0.0,0.0,0.0,0.0,0.0,0.0,0.0,0.0,0.0,0.5,0.5,0.0,0.5,0.5,0.0,0.5,0.5,0.0,0.0,0.0,0.0
297406,2024-02-21 08:00:00,Natus Vincere,BBL Esports,1,2,0,2.0,0.0,0.5,-0.5,0.0,0.0,0.0,0.0,0.0,0.0,0.0,0.0,0.0,0.0,0.0,0.0,0.5,0.0,0.5,0.5,0.0,0.5,0.5,0.0,0.5,0.0,0.0,0.0
297407,2024-02-21 11:00:00,Team Liquid,KOI,1,3,0,3.0,0.3333333333333333,0.5,-0.16666666666666669,0.0,0.0,0.0,0.0,0.0,0.0,0.0,0.0,0.0,0.0,0.0,0.0,0.5,0.0,0.5,0.5,0.0,0.5,0.5,0.0,0.5,0.0,0.0,0.0
297412,2024-02-21 13:45:00,Team Vitality,Gentle Mates,0,0,0,0.0,0.5,0.5,0.0,0.0,0.0,0.0,0.0,0.0,0.0,0.0,0.0,0.0,0.0,0.0,0.0,0.0,0.0,0.0,0.0,0.0,0.0,0.0,0.0,0.0,0.0,0.0,0.0
297254,2024-02-22 01:00:00,Team Secret,Gen.G,0,3,3,0.0,0.6666666666666666,0.6666666666666666,0.0,0.0,0.0,0.0,0.0,0.0,0.0,0.0,0.0,0.0,0.0,0.0,0.0,0.5,0.5,0.0,0.5,0.5,0.0,0.5,0.5,0.0,0.0,0.0,0.0
298687,2024-02-22 04:00:00,Trace Esports,TYLOO,1,0,0,0.0,0.5,0.5,0.0,0.0,0.0,0.0,0.0,0.0,0.0,0.0,0.0,0.0,0.0,0.0,0.0,0.0,0.0,0.0,0.0,0.0,0.0,0.0,0.0,0.0,0.0,0.0,0.0
297253,2024-02-22 04:20:00,ZETA DIVISION,Team Secret,0,3,4,-1.0,0.6666666666666666,0.5,0.16666666666666663,0.0,0.0,0.0,0.0,0.0,0.0,0.0,0.0,0.0,0.0,0.0,0.0,0.5,0.5,0.0,0.5,0.5,0.0,0.5,0.5,0.0,0.0,0.0,0.0
298688,2024-02-22 06:05:00,FunPlus Phoenix,Nova Esports,1,0,0,0.0,0.5,0.5,0.0,0.0,0.0,0.0,0.0,0.0,0.0,0.0,0.0,0.0,0.0,0.0,0.0,0.0,0.0,0.0,0.0,0.0,0.0,0.0,0.0,0.0,0.0,0.0,0.0
297255,2024-02-22 06:30:00,Gen.G,ZETA DIVISION,1,4,4,0.0,0.75,0.5,0.25,0.0,0.0,0.0,0.0,0.0,0.0,0.0,0.0,0.0,0.0,0.0,0.0,0.5,0.5,0.0,0.5,0.5,0.0,0.5,0.5,0.0,0.0,0.0,0.0
297403,2024-02-22 11:00:00,Team Heretics,Karmine Corp,1,1,1,0.0,1.0,1.0,0.0,0.0,0.0,0.0,0.0,0.0,0.0,0.0,0.0,0.0,0.0,0.0,0.0,0.5,0.5,0.0,0.5,0.5,0.0,0.5,0.5,0.0,0.0,0.0,0.0
297404,2024-02-22 13:10:00,FUT Esports,GIANTX,1,4,1,3.0,0.25,0.0,0.25,0.0,0.0,0.0,0.0,0.0,0.0,0.0,0.0,0.0,0.0,0.0,0.0,0.5,0.5,0.0,0.5,0.5,0.0,0.5,0.5,0.0,0.0,0.0,0.0
298692,2024-02-23 02:00:00,JDG Esports,Titan Esports Club,0,0,0,0.0,0.5,0.5,0.0,0.0,0.0,0.0,0.0,0.0,0.0,0.0,0.0,0.0,0.0,0.0,0.0,0.0,0.0,0.0,0.0,0.0,0.0,0.0,0.0,0.0,0.0,0.0,0.0
298693,2024-02-23 04:55:00,Dragon Ranger Gaming,All Gamers,0,0,0,0.0,0.5,0.5,0.0,0.0,0.0,0.0,0.0,0.0,0.0,0.0,0.0,0.0,0.0,0.0,0.0,0.0,0.0,0.0,0.0,0.0,0.0,0.0,0.0,0.0,0.0,0.0,0.0
298697,2024-02-23 07:05:00,Bilibili Gaming,Wolves Esports,1,1,0,1.0,0.0,0.5,-0.5,0.0,0.0,0.0,0.0,0.0,0.0,0.0,0.0,0.0,0.0,0.0,0.0,0.5,0.0,0.5,0.5,0.0,0.5,0.5,0.0,0.5,0.0,0.0,0.0
297408,2024-02-23 08:00:00,Natus Vincere,Team Liquid,1,3,4,-1.0,0.3333333333333333,0.5,-0.16666666666666669,0.0,0.0,0.0,0.0,0.0,0.0,0.0,0.0,0.0,0.0,0.0,0.0,0.5,0.5,0.0,0.5,0.5,0.0,0.5,0.5,0.0,0.0,0.0,0.0
297409,2024-02-23 10:10:00,BBL Esports,KOI,1,1,1,0.0,0.0,0.0,0.0,0.0,0.0,0.0,0.0,0.0,0.0,0.0,0.0,0.0,0.0,0.0,0.0,0.5,0.5,0.0,0.5,0.5,0.0,0.5,0.5,0.0,0.0,0.0,0.0
295612,2024-02-23 19:25:00,LOUD,LEVIATÁN,0,4,1,3.0,0.5,1.0,-0.5,0.0,0.0,0.0,0.0,0.0,0.0,0.0,0.0,0.0,0.0,0.0,0.0,0.5,0.5,0.0,0.5,0.5,0.0,0.5,0.5,0.0,0.0,0.0,0.0
297256,2024-02-24 03:00:00,T1,Paper Rex,0,4,7,-3.0,0.5,0.7142857142857143,-0.2142857142857143,0.0,0.0,0.0,0.0,0.0,0.0,0.0,0.0,0.0,0.0,0.0,0.0,0.5,0.5,0.0,0.5,0.5,0.0,0.5,0.5,0.0,0.0,0.0,0.0
298690,2024-02-24 04:00:00,TYLOO,Nova Esports,1,1,1,0.0,0.0,0.0,0.0,0.0,0.0,0.0,0.0,0.0,0.0,0.0,0.0,0.0,0.0,0.0,0.0,0.5,0.5,0.0,0.5,0.5,0.0,0.5,0.5,0.0,0.0,0.0,0.0
297257,2024-02-24 05:25:00,DRX,Gen.G,0,8,5,3.0,0.625,0.8,-0.17500000000000004,0.0,0.0,0.0,0.0,0.0,0.0,0.0,0.0,0.0,0.0,0.0,0.0,0.5,0.5,0.0,0.5,0.5,0.0,0.5,0.5,0.0,0.0,0.0,0.0
298695,2024-02-24 06:25:00,JDG Esports,All Gamers,1,1,1,0.0,0.0,1.0,-1.0,0.0,0.0,0.0,0.0,0.0,0.0,0.0,0.0,0.0,0.0,0.0,0.0,0.5,0.5,0.0,0.5,0.5,0.0,0.5,0.5,0.0,0.0,0.0,0.0
295617,2024-02-24 17:00:00,G2 Esports,Evil Geniuses,1,1,6,-5.0,1.0,0.6666666666666666,0.33333333333333337,0.0,0.0,0.0,0.0,0.0,0.0,0.0,0.0,0.0,0.0,0.0,0.0,0.5,0.5,0.0,0.5,0.5,0.0,0.5,0.5,0.0,0.0,0.0,0.0
298689,2024-02-25 02:00:00,Trace Esports,FunPlus Phoenix,0,1,1,0.0,1.0,1.0,0.0,0.0,0.0,0.0,0.0,0.0,0.0,0.0,0.0,0.0,0.0,0.0,0.0,0.5,0.5,0.0,0.5,0.5,0.0,0.5,0.5,0.0,0.0,0.0,0.0
297258,2024-02-25 03:00:00,Paper Rex,Gen.G,0,8,6,2.0,0.75,0.8333333333333334,-0.08333333333333337,0.0,0.0,0.0,0.0,0.0,0.0,0.0,0.0,0.0,0.0,0.0,0.0,0.5,0.5,0.0,0.5,0.5,0.0,0.5,0.5,0.0,0.0,0.0,0.0
298694,2024-02-25 05:30:00,Titan Esports Club,Dragon Ranger Gaming,0,1,1,0.0,1.0,0.0,1.0,0.0,0.0,0.0,0.0,0.0,0.0,0.0,0.0,0.0,0.0,0.0,0.0,0.5,0.5,0.0,0.5,0.5,0.0,0.5,0.5,0.0,0.0,0.0,0.0
297416,2024-02-25 08:05:00,Team Vitality,Gentle Mates,0,2,1,1.0,0.0,1.0,-1.0,0.0,0.0,0.0,0.0,0.0,0.0,0.0,0.0,0.0,0.0,0.0,0.0,0.5,0.5,0.0,0.5,0.5,0.0,0.5,0.5,0.0,0.0,0.0,0.0
298698,2024-02-25 09:00:00,Wolves Esports,EDward Gaming,0,1,5,-4.0,0.0,0.6,-0.6,0.0,0.0,0.0,0.0,0.0,0.0,0.0,0.0,0.0,0.0,0.0,0.0,0.5,0.5,0.0,0.5,0.5,0.0,0.5,0.5,0.0,0.0,0.0,0.0
297405,2024-02-25 11:15:00,Karmine Corp,FUT Esports,0,2,5,-3.0,0.5,0.4,0.09999999999999998,0.0,0.0,0.0,0.0,0.0,0.0,0.0,0.0,0.0,0.0,0.0,0.0,0.5,0.5,0.0,0.5,0.5,0.0,0.5,0.5,0.0,0.0,0.0,0.0
297410,2024-02-25 14:45:00,Team Liquid,KOI,1,5,2,3.0,0.4,0.0,0.4,0.0,0.0,0.0,0.0,0.0,0.0,0.0,0.0,0.0,0.0,0.0,0.0,0.5,0.5,0.0,0.5,0.5,0.0,0.5,0.5,0.0,0.0,0.0,0.0
295609,2024-02-25 15:00:00,Cloud9,MIBR,1,2,2,0.0,1.0,0.5,0.5,0.0,0.0,0.0,0.0,0.0,0.0,0.0,0.0,0.0,0.0,0.0,0.0,0.5,0.5,0.0,0.5,0.5,0.0,0.5,0.5,0.0,0.0,0.0,0.0
295614,2024-02-25 17:40:00,LEVIATÁN,Sentinels,0,2,2,0.0,1.0,0.0,1.0,0.0,0.0,0.0,0.0,0.0,0.0,0.0,0.0,0.0,0.0,0.0,0.0,0.5,0.5,0.0,0.5,0.5,0.0,0.5,0.5,0.0,0.0,0.0,0.0
298691,2024-02-26 02:00:00,Trace Esports,Nova Esports,1,2,2,0.0,0.5,0.0,0.5,0.0,0.0,0.0,0.0,0.0,0.0,0.0,0.0,0.0,0.0,0.0,0.0,0.5,0.5,0.0,0.5,0.5,0.0,0.5,0.5,0.0,0.0,0.0,0.0
298696,2024-02-26 04:05:00,Titan Esports Club,JDG Esports,0,2,2,0.0,0.5,0.5,0.0,0.0,0.0,0.0,0.0,0.0,0.0,0.0,0.0,0.0,0.0,0.0,0.0,0.5,0.5,0.0,0.5,0.5,0.0,0.5,0.5,0.0,0.0,0.0,0.0
298699,2024-02-26 07:40:00,Wolves Esports,Bilibili Gaming,0,2,2,0.0,0.0,0.5,-0.5,0.0,0.0,0.0,0.0,0.0,0.0,0.0,0.0,0.0,0.0,0.0,0.0,0.5,0.5,0.0,0.5,0.5,0.0,0.5,0.5,0.0,0.0,0.0,0.0
307567,2024-02-26 08:00:00,Karmine Corp,Team Vitality,1,3,3,0.0,0.3333333333333333,0.0,0.3333333333333333,0.0,0.0,0.0,0.0,0.0,0.0,0.0,0.0,0.0,0.0,0.0,0.0,0.5,0.5,0.0,0.5,0.5,0.0,0.5,0.5,0.0,0.0,0.0,0.0
307565,2024-02-26 10:45:00,KOI,Team Vitality,0,3,4,-1.0,0.0,0.0,0.0,0.0,0.0,0.0,0.0,0.0,0.0,0.0,0.0,0.0,0.0,0.0,0.0,0.5,0.5,0.0,0.5,0.5,0.0,0.5,0.5,0.0,0.0,0.0,0.0
307564,2024-02-26 12:45:00,Karmine Corp,KOI,1,4,4,0.0,0.5,0.0,0.5,0.0,0.0,0.0,0.0,0.0,0.0,0.0,0.0,0.0,0.0,0.0,0.0,0.5,0.5,0.0,0.5,0.5,0.0,0.5,0.5,0.0,0.0,0.0,0.0
307572,2024-02-26 15:00:00,MIBR,Sentinels,0,3,3,0.0,0.3333333333333333,0.3333333333333333,0.0,0.0,0.0,0.0,0.0,0.0,0.0,0.0,0.0,0.0,0.0,0.0,0.0,0.5,0.5,0.0,0.5,0.5,0.0,0.5,0.5,0.0,0.0,0.0,0.0
307573,2024-02-26 17:10:00,G2 Esports,MIBR,1,3,4,-1.0,1.0,0.25,0.75,0.0,0.0,0.0,0.0,0.0,0.0,0.0,0.0,0.0,0.0,0.0,0.0,0.5,0.5,0.0,0.5,0.5,0.0,0.5,0.5,0.0,0.0,0.0,0.0
307574,2024-02-26 20:55:00,Sentinels,G2 Esports,0,4,4,0.0,0.5,1.0,-0.5,0.0,0.0,0.0,0.0,0.0,0.0,0.0,0.0,0.0,0.0,0.0,0.0,0.5,0.5,0.0,0.5,0.5,0.0,0.5,0.5,0.0,0.0,0.0,0.0
298830,2024-02-27 02:00:00,Trace Esports,Titan Esports Club,1,3,3,0.0,0.6666666666666666,0.3333333333333333,0.3333333333333333,0.0,0.0,0.0,0.0,0.0,0.0,0.0,0.0,0.0,0.0,0.0,0.0,0.5,0.5,0.0,0.5,0.5,0.0,0.5,0.5,0.0,0.0,0.0,0.0
298831,2024-02-27 05:35:00,Bilibili Gaming,Titan Esports Club,1,3,4,-1.0,0.6666666666666666,0.25,0.41666666666666663,0.0,0.0,0.0,0.0,0.0,0.0,0.0,0.0,0.0,0.0,0.0,0.0,0.5,0.5,0.0,0.5,0.5,0.0,0.5,0.5,0.0,0.0,0.0,0.0
298832,2024-02-27 07:35:00,Bilibili Gaming,Trace Esports,0,4,4,0.0,0.75,0.75,0.0,0.0,0.0,0.0,0.0,0.0,0.0,0.0,0.0,0.0,0.0,0.0,0.0,0.5,0.5,0.0,0.5,0.5,0.0,0.5,0.5,0.0,0.0,0.0,0.0
303093,2024-02-29 11:00:00,Team Heretics,Natus Vincere,1,2,4,-2.0,1.0,0.5,0.5,0.0,0.0,0.0,0.0,0.0,0.0,0.0,0.0,0.0,0.0,0.0,0.0,0.5,0.5,0.0,0.5,0.5,0.0,0.5,0.5,0.0,0.0,0.0,0.0
298833,2024-03-01 04:00:00,FunPlus Phoenix,Dragon Ranger Gaming,1,2,2,0.0,1.0,0.5,0.5,0.0,0.0,0.0,0.0,0.0,0.0,0.0,0.0,0.0,0.0,0.0,0.0,0.5,0.5,0.0,0.5,0.5,0.0,0.5,0.5,0.0,0.0,0.0,0.0
298834,2024-03-01 06:15:00,EDward Gaming,Trace Esports,1,6,5,1.0,0.6666666666666666,0.8,-0.13333333333333341,0.0,0.0,0.0,0.0,0.0,0.0,0.0,0.0,0.0,0.0,0.0,0.0,0.5,0.5,0.0,0.5,0.5,0.0,0.5,0.5,0.0,0.0,0.0,0.0
303095,2024-03-01 11:00:00,Team Heretics,Karmine Corp,1,3,6,-3.0,1.0,0.5,0.5,0.0,0.0,0.0,0.0,0.0,0.0,0.0,0.0,0.0,0.0,0.0,0.0,0.5,0.5,0.0,0.5,0.5,0.0,0.5,0.5,0.0,0.0,0.0,0.0
298835,2024-03-02 04:00:00,FunPlus Phoenix,EDward Gaming,1,3,7,-4.0,1.0,0.7142857142857143,0.2857142857142857,0.0,0.0,0.0,0.0,0.0,0.0,0.0,0.0,0.0,0.0,0.0,0.0,0.5,0.5,0.0,0.5,0.5,0.0,0.5,0.5,0.0,0.0,0.0,0.0
303087,2024-03-02 17:00:00,Evil Geniuses,LOUD,0,7,5,2.0,0.5714285714285714,0.4,0.17142857142857137,0.0,0.0,0.0,0.0,0.0,0.0,0.0,0.0,0.0,0.0,0.0,0.0,0.5,0.5,0.0,0.5,0.5,0.0,0.5,0.5,0.0,0.0,0.0,0.0
303086,2024-03-03 17:00:00,LOUD,Sentinels,1,6,6,0.0,0.5,0.5,0.0,0.0,0.0,0.0,0.0,0.0,0.0,0.0,0.0,0.0,0.0,0.0,0.0,0.5,0.5,0.0,0.5,0.5,0.0,0.5,0.5,0.0,0.0,0.0,0.0
312765,2024-03-14 11:00:00,Karmine Corp,FunPlus Phoenix,1,7,4,3.0,0.42857142857142855,1.0,-0.5714285714285714,0.0,0.0,0.0,0.0,0.0,0.0,0.0,0.0,0.0,0.0,0.0,0.0,0.5,0.5,0.0,0.5,0.5,0.0,0.5,0.5,0.0,0.0,0.0,0.0
312766,2024-03-14 13:25:00,Gen.G,LOUD,1,7,7,0.0,0.8571428571428571,0.5714285714285714,0.2857142857142857,0.0,0.0,0.0,0.0,0.0,0.0,0.0,0.0,0.0,0.0,0.0,0.0,0.5,0.5,0.0,0.5,0.5,0.0,0.5,0.5,0.0,0.0,0.0,0.0
312767,2024-03-15 11:00:00,EDward Gaming,Paper Rex,1,8,9,-1.0,0.625,0.6666666666666666,-0.04166666666666663,0.0,0.0,0.0,0.0,0.0,0.0,0.0,0.0,0.0,0.0,0.0,0.0,0.5,0.5,0.0,0.5,0.5,0.0,0.5,0.5,0.0,0.0,0.0,0.0
312768,2024-03-15 14:15:00,Sentinels,Team Heretics,1,7,4,3.0,0.42857142857142855,1.0,-0.5714285714285714,0.0,0.0,0.0,0.0,0.0,0.0,0.0,0.0,0.0,0.0,0.0,0.0,0.5,0.5,0.0,0.5,0.5,0.0,0.5,0.5,0.0,0.0,0.0,0.0
312798,2024-03-16 11:00:00,Sentinels,Karmine Corp,1,8,8,0.0,0.5,0.5,0.0,0.0,0.0,0.0,0.0,0.0,0.0,0.0,0.0,0.0,0.0,0.0,0.0,0.5,0.5,0.0,0.5,0.5,0.0,0.5,0.5,0.0,0.0,0.0,0.0
312797,2024-03-16 13:25:00,EDward Gaming,Gen.G,0,9,8,1.0,0.6666666666666666,0.875,-0.20833333333333337,0.0,0.0,0.0,0.0,0.0,0.0,0.0,0.0,0.0,0.0,0.0,0.0,0.5,0.5,0.0,0.5,0.5,0.0,0.5,0.5,0.0,0.0,0.0,0.0
312800,2024-03-17 11:00:00,FunPlus Phoenix,LOUD,0,5,8,-3.0,0.8,0.5,0.30000000000000004,0.0,0.0,0.0,0.0,0.0,0.0,0.0,0.0,0.0,0.0,0.0,0.0,0.5,0.5,0.0,0.5,0.5,0.0,0.5,0.5,0.0,0.0,0.0,0.0
312799,2024-03-17 13:20:00,Team Heretics,Paper Rex,0,5,10,-5.0,0.8,0.6,0.20000000000000007,0.0,0.0,0.0,0.0,0.0,0.0,0.0,0.0,0.0,0.0,0.0,0.0,0.5,0.5,0.0,0.5,0.5,0.0,0.5,0.5,0.0,0.0,0.0,0.0
312803,2024-03-18 11:00:00,LOUD,EDward Gaming,1,9,10,-1.0,0.5555555555555556,0.6,-0.0444444444444444,0.0,0.0,0.0,0.0,0.0,0.0,0.0,0.0,0.0,0.0,0.0,0.0,0.5,0.5,0.0,0.5,0.5,0.0,0.5,0.5,0.0,0.0,0.0,0.0
312802,2024-03-18 12:55:00,Karmine Corp,Paper Rex,0,9,11,-2.0,0.4444444444444444,0.6363636363636364,-0.19191919191919193,0.0,0.0,0.0,0.0,0.0,0.0,0.0,0.0,0.0,0.0,0.0,0.0,0.5,0.5,0.0,0.5,0.5,0.0,0.5,0.5,0.0,0.0,0.0,0.0
312777,2024-03-21 11:00:00,Gen.G,Paper Rex,0,9,12,-3.0,0.8888888888888888,0.6666666666666666,0.2222222222222222,0.0,0.0,0.0,0.0,0.0,0.0,0.0,0.0,0.0,0.0,0.0,0.0,0.5,0.5,0.0,0.5,0.5,0.0,0.5,0.5,0.0,0.0,0.0,0.0
312776,2024-03-21 13:10:00,Sentinels,LOUD,0,9,10,-1.0,0.5555555555555556,0.6,-0.0444444444444444,0.0,0.0,0.0,0.0,0.0,0.0,0.0,0.0,0.0,0.0,0.0,0.0,0.5,0.5,0.0,0.5,0.5,0.0,0.5,0.5,0.0,0.0,0.0,0.0
312778,2024-03-22 11:00:00,Gen.G,Sentinels,1,10,10,0.0,0.8,0.5,0.30000000000000004,0.0,0.0,0.0,0.0,0.0,0.0,0.0,0.0,0.0,0.0,0.0,0.0,0.5,0.5,0.0,0.5,0.5,0.0,0.5,0.5,0.0,0.0,0.0,0.0
312780,2024-03-22 13:55:00,Paper Rex,LOUD,1,13,11,2.0,0.6923076923076923,0.6363636363636364,0.05594405594405594,0.0,0.0,0.0,0.0,0.0,0.0,0.0,0.0,0.0,0.0,0.0,0.0,0.5,0.5,0.0,0.5,0.5,0.0,0.5,0.5,0.0,0.0,0.0,0.0
312781,2024-03-23 11:00:00,Sentinels,Paper Rex,1,11,14,-3.0,0.45454545454545453,0.7142857142857143,-0.25974025974025977,0.0,0.0,0.0,0.0,0.0,0.0,0.0,0.0,0.0,0.0,0.0,0.0,0.5,0.5,0.0,0.5,0.5,0.0,0.5,0.5,0.0,0.0,0.0,0.0
312779,2024-03-24 12:15:00,Gen.G,Sentinels,1,11,12,-1.0,0.8181818181818182,0.5,0.31818181818181823,0.0,0.0,0.0,0.0,0.0,0.0,0.0,0.0,0.0,0.0,0.0,0.0,0.5,0.5,0.0,0.5,0.5,0.0,0.5,0.5,0.0,0.0,0.0,0.0
318911,2024-04-03 11:00:00,Karmine Corp,GIANTX,1,10,2,8.0,0.4,0.0,0.4,0.0,0.0,0.0,0.0,0.0,0.0,0.0,0.0,0.0,0.0,0.0,0.0,0.5,0.5,0.0,0.5,0.5,0.0,0.5,0.5,0.0,0.0,0.0,0.0
318913,2024-04-03 13:05:00,KOI,Team Liquid,0,5,6,-1.0,0.0,0.5,-0.5,0.0,0.0,0.0,0.0,0.0,0.0,0.0,0.0,0.0,0.0,0.0,0.0,0.5,0.5,0.0,0.5,0.5,0.0,0.5,0.5,0.0,0.0,0.0,0.0
318914,2024-04-04 11:00:00,Team Vitality,Natus Vincere,1,5,5,0.0,0.2,0.4,-0.2,0.0,0.0,0.0,0.0,0.0,0.0,0.0,0.0,0.0,0.0,0.0,0.0,0.5,0.5,0.0,0.5,0.5,0.0,0.5,0.5,0.0,0.0,0.0,0.0
319765,2024-04-05 05:00:00,Bilibili Gaming,TYLOO,1,5,2,3.0,0.6,0.5,0.09999999999999998,0.0,0.0,0.0,0.0,0.0,0.0,0.0,0.0,0.0,0.0,0.0,0.0,0.5,0.5,0.0,0.5,0.5,0.0,0.5,0.5,0.0,0.0,0.0,0.0
319766,2024-04-05 08:10:00,Wolves Esports,Titan Esports Club,0,3,5,-2.0,0.0,0.2,-0.2,0.0,0.0,0.0,0.0,0.0,0.0,0.0,0.0,0.0,0.0,0.0,0.0,0.5,0.5,0.0,0.5,0.5,0.0,0.5,0.5,0.0,0.0,0.0,0.0
318916,2024-04-05 11:00:00,Team Liquid,FUT Esports,0,7,6,1.0,0.5714285714285714,0.5,0.0714285714285714,0.0,0.0,0.0,0.0,0.0,0.0,0.0,0.0,0.0,0.0,0.0,0.0,0.5,0.5,0.0,0.5,0.5,0.0,0.5,0.5,0.0,0.0,0.0,0.0
318917,2024-04-05 13:00:00,BBL Esports,Gentle Mates,0,2,2,0.0,0.5,1.0,-0.5,0.0,0.0,0.0,0.0,0.0,0.0,0.0,0.0,0.0,0.0,0.0,0.0,0.5,0.5,0.0,0.5,0.5,0.0,0.5,0.5,0.0,0.0,0.0,0.0
314301,2024-04-06 04:00:00,Global Esports,ZETA DIVISION,0,3,5,-2.0,0.3333333333333333,0.4,-0.06666666666666671,0.0,0.0,0.0,0.0,0.0,0.0,0.0,0.0,0.0,0.0,0.0,0.0,0.5,0.5,0.0,0.5,0.5,0.0,0.5,0.5,0.0,0.0,0.0,0.0
319767,2024-04-06 05:00:00,Dragon Ranger Gaming,All Gamers,0,3,2,1.0,0.3333333333333333,0.5,-0.16666666666666669,0.0,0.0,0.0,0.0,0.0,0.0,0.0,0.0,0.0,0.0,0.0,0.0,0.5,0.5,0.0,0.5,0.5,0.0,0.5,0.5,0.0,0.0,0.0,0.0
314302,2024-04-06 07:00:00,Team Secret,DRX,0,5,9,-4.0,0.6,0.5555555555555556,0.0444444444444444,0.0,0.0,0.0,0.0,0.0,0.0,0.0,0.0,0.0,0.0,0.0,0.0,0.5,0.5,0.0,0.5,0.5,0.0,0.5,0.5,0.0,0.0,0.0,0.0
319768,2024-04-06 08:45:00,EDward Gaming,JDG Esports,1,11,3,8.0,0.5454545454545454,0.6666666666666666,-0.12121212121212122,0.0,0.0,0.0,0.0,0.0,0.0,0.0,0.0,0.0,0.0,0.0,0.0,0.5,0.5,0.0,0.5,0.5,0.0,0.5,0.5,0.0,0.0,0.0,0.0
314622,2024-04-06 17:00:00,Cloud9,LEVIATÁN,1,3,3,0.0,1.0,0.6666666666666666,0.33333333333333337,0.0,0.0,0.0,0.0,0.0,0.0,0.0,0.0,0.0,0.0,0.0,0.0,0.5,0.5,0.0,0.5,0.5,0.0,0.5,0.5,0.0,0.0,0.0,0.0
314303,2024-04-07 04:00:00,BLEED,Talon Esports,0,2,3,-1.0,0.0,0.3333333333333333,-0.3333333333333333,0.0,0.0,0.0,0.0,0.0,0.0,0.0,0.0,0.0,0.0,0.0,0.0,0.5,0.5,0.0,0.5,0.5,0.0,0.5,0.5,0.0,0.0,0.0,0.0
319769,2024-04-07 05:00:00,Nova Esports,Trace Esports,0,3,6,-3.0,0.0,0.6666666666666666,-0.6666666666666666,0.0,0.0,0.0,0.0,0.0,0.0,0.0,0.0,0.0,0.0,0.0,0.0,0.5,0.5,0.0,0.5,0.5,0.0,0.5,0.5,0.0,0.0,0.0,0.0
314304,2024-04-07 07:15:00,T1,Paper Rex,0,5,15,-10.0,0.4,0.6666666666666666,-0.2666666666666666,0.0,0.0,0.0,0.0,0.0,0.0,0.0,0.0,0.0,0.0,0.0,0.0,0.5,0.5,0.0,0.5,0.5,0.0,0.5,0.5,0.0,0.0,0.0,0.0
319770,2024-04-07 07:15:00,FunPlus Phoenix,Wolves Esports,1,6,4,2.0,0.6666666666666666,0.0,0.6666666666666666,0.0,0.0,0.0,0.0,0.0,0.0,0.0,0.0,0.0,0.0,0.0,0.0,0.5,0.5,0.0,0.5,0.5,0.0,0.5,0.5,0.0,0.0,0.0,0.0
314624,2024-04-07 17:00:00,G2 Esports,Evil Geniuses,1,5,8,-3.0,1.0,0.5,0.5,0.0,0.0,0.0,0.0,0.0,0.0,0.0,0.0,0.0,0.0,0.0,0.0,0.5,0.5,0.0,0.5,0.5,0.0,0.5,0.5,0.0,0.0,0.0,0.0
314625,2024-04-07 19:10:00,Sentinels,100 Thieves,0,13,2,11.0,0.46153846153846156,0.5,-0.038461538461538436,0.0,0.0,0.0,0.0,0.0,0.0,0.0,0.0,0.0,0.0,0.0,0.0,0.5,0.5,0.0,0.5,0.5,0.0,0.5,0.5,0.0,0.0,0.0,0.0
314305,2024-04-08 04:00:00,Team Secret,Rex Regum Qeon,0,6,2,4.0,0.5,0.0,0.5,0.0,0.0,0.0,0.0,0.0,0.0,0.0,0.0,0.0,0.0,0.0,0.0,0.5,0.5,0.0,0.5,0.5,0.0,0.5,0.5,0.0,0.0,0.0,0.0
314306,2024-04-08 07:20:00,Global Esports,DRX,0,4,10,-6.0,0.25,0.6,-0.35,0.0,0.0,0.0,0.0,0.0,0.0,0.0,0.0,0.0,0.0,0.0,0.0,0.5,0.5,0.0,0.5,0.5,0.0,0.5,0.5,0.0,0.0,0.0,0.0
314307,2024-04-09 04:00:00,Gen.G,Talon Esports,1,12,4,8.0,0.8333333333333334,0.5,0.33333333333333337,0.0,0.0,0.0,0.0,0.0,0.0,0.0,0.0,0.0,0.0,0.0,0.0,0.5,0.5,0.0,0.5,0.5,0.0,0.5,0.5,0.0,0.0,0.0,0.0
314308,2024-04-09 06:10:00,T1,DetonatioN FocusMe,0,6,2,4.0,0.3333333333333333,0.0,0.3333333333333333,0.0,0.0,0.0,0.0,0.0,0.0,0.0,0.0,0.0,0.0,0.0,0.0,0.5,0.5,0.0,0.5,0.5,0.0,0.5,0.5,0.0,0.0,0.0,0.0
318918,2024-04-10 11:00:00,Karmine Corp,FUT Esports,0,11,7,4.0,0.45454545454545453,0.5714285714285714,-0.11688311688311687,0.0,0.0,0.0,0.0,0.0,0.0,0.0,0.0,0.0,0.0,0.0,0.0,0.5,0.5,0.0,0.5,0.5,0.0,0.5,0.5,0.0,0.0,0.0,0.0
318919,2024-04-10 14:10:00,Team Vitality,Team Heretics,1,6,7,-1.0,0.3333333333333333,0.7142857142857143,-0.380952380952381,0.0,0.0,0.0,0.0,0.0,0.0,0.0,0.0,0.0,0.0,0.0,0.0,0.5,0.5,0.0,0.5,0.5,0.0,0.5,0.5,0.0,0.0,0.0,0.0
318920,2024-04-11 11:00:00,Team Liquid,Natus Vincere,0,8,6,2.0,0.5,0.3333333333333333,0.16666666666666669,0.0,0.0,0.0,0.0,0.0,0.0,0.0,0.0,0.0,0.0,0.0,0.0,0.5,0.5,0.0,0.5,0.5,0.0,0.5,0.5,0.0,0.0,0.0,0.0
318921,2024-04-11 14:20:00,BBL Esports,KOI,1,3,6,-3.0,0.3333333333333333,0.0,0.3333333333333333,0.0,0.0,0.0,0.0,0.0,0.0,0.0,0.0,0.0,0.0,0.0,0.0,0.5,0.5,0.0,0.5,0.5,0.0,0.5,0.5,0.0,0.0,0.0,0.0
319771,2024-04-12 05:00:00,JDG Esports,Nova Esports,0,4,4,0.0,0.5,0.0,0.5,0.0,0.0,0.0,0.0,0.0,0.0,0.0,0.0,0.0,0.0,0.0,0.0,0.5,0.5,0.0,0.5,0.5,0.0,0.5,0.5,0.0,0.0,0.0,0.0
319772,2024-04-12 08:15:00,FunPlus Phoenix,Dragon Ranger Gaming,1,7,4,3.0,0.7142857142857143,0.25,0.4642857142857143,0.0,0.0,0.0,0.0,0.0,0.0,0.0,0.0,0.0,0.0,0.0,0.0,0.5,0.5,0.0,0.5,0.5,0.0,0.5,0.5,0.0,0.0,0.0,0.0
318923,2024-04-12 13:45:00,Karmine Corp,Gentle Mates,1,12,3,9.0,0.4166666666666667,1.0,-0.5833333333333333,0.0,0.0,0.0,0.0,0.0,0.0,0.0,0.0,0.0,0.0,0.0,0.0,0.5,0.5,0.0,0.5,0.5,0.0,0.5,0.5,0.0,0.0,0.0,0.0
314309,2024-04-13 04:00:00,Gen.G,Paper Rex,0,13,16,-3.0,0.8461538461538461,0.6875,0.15865384615384615,0.0,0.0,0.0,0.0,0.0,0.0,0.0,0.0,0.0,0.0,0.0,0.0,0.5,0.5,0.0,0.5,0.5,0.0,0.5,0.5,0.0,0.0,0.0,0.0
319773,2024-04-13 05:00:00,All Gamers,Wolves Esports,0,3,5,-2.0,0.6666666666666666,0.0,0.6666666666666666,0.0,0.0,0.0,0.0,0.0,0.0,0.0,0.0,0.0,0.0,0.0,0.0,0.5,0.5,0.0,0.5,0.5,0.0,0.5,0.5,0.0,0.0,0.0,0.0
314310,2024-04-13 07:10:00,T1,DRX,0,7,11,-4.0,0.2857142857142857,0.6363636363636364,-0.35064935064935066,0.0,0.0,0.0,0.0,0.0,0.0,0.0,0.0,0.0,0.0,0.0,0.0,0.5,0.5,0.0,0.5,0.5,0.0,0.5,0.5,0.0,0.0,0.0,0.0
319774,2024-04-13 07:45:00,Trace Esports,Bilibili Gaming,1,7,6,1.0,0.7142857142857143,0.6666666666666666,0.04761904761904767,0.0,0.0,0.0,0.0,0.0,0.0,0.0,0.0,0.0,0.0,0.0,0.0,0.5,0.5,0.0,0.5,0.5,0.0,0.5,0.5,0.0,0.0,0.0,0.0
314628,2024-04-13 17:00:00,G2 Esports,100 Thieves,1,6,3,3.0,1.0,0.6666666666666666,0.33333333333333337,0.0,0.0,0.0,0.0,0.0,0.0,0.0,0.0,0.0,0.0,0.0,0.0,0.5,0.5,0.0,0.5,0.5,0.0,0.5,0.5,0.0,0.0,0.0,0.0
314629,2024-04-13 19:25:00,Sentinels,LEVIATÁN,0,14,4,10.0,0.42857142857142855,0.5,-0.07142857142857145,0.0,0.0,0.0,0.0,0.0,0.0,0.0,0.0,0.0,0.0,0.0,0.0,0.5,0.5,0.0,0.5,0.5,0.0,0.5,0.5,0.0,0.0,0.0,0.0
314311,2024-04-14 04:00:00,Team Secret,ZETA DIVISION,1,7,6,1.0,0.42857142857142855,0.5,-0.07142857142857145,0.0,0.0,0.0,0.0,0.0,0.0,0.0,0.0,0.0,0.0,0.0,0.0,0.5,0.5,0.0,0.5,0.5,0.0,0.5,0.5,0.0,0.0,0.0,0.0
319775,2024-04-14 05:00:00,Dragon Ranger Gaming,Titan Esports Club,1,5,6,-1.0,0.2,0.3333333333333333,-0.1333333333333333,0.0,0.0,0.0,0.0,0.0,0.0,0.0,0.0,0.0,0.0,0.0,0.0,0.5,0.5,0.0,0.5,0.5,0.0,0.5,0.5,0.0,0.0,0.0,0.0
314312,2024-04-14 07:00:00,BLEED,Rex Regum Qeon,0,3,3,0.0,0.0,0.3333333333333333,-0.3333333333333333,0.0,0.0,0.0,0.0,0.0,0.0,0.0,0.0,0.0,0.0,0.0,0.0,0.5,0.5,0.0,0.5,0.5,0.0,0.5,0.5,0.0,0.0,0.0,0.0
319776,2024-04-14 07:50:00,TYLOO,EDward Gaming,0,3,12,-9.0,0.3333333333333333,0.5833333333333334,-0.25000000000000006,0.0,0.0,0.0,0.0,0.0,0.0,0.0,0.0,0.0,0.0,0.0,0.0,0.5,0.5,0.0,0.5,0.5,0.0,0.5,0.5,0.0,0.0,0.0,0.0
314313,2024-04-15 04:00:00,Gen.G,DetonatioN FocusMe,1,14,3,11.0,0.7857142857142857,0.3333333333333333,0.4523809523809524,0.0,0.0,0.0,0.0,0.0,0.0,0.0,0.0,0.0,0.0,0.0,0.0,0.5,0.5,0.0,0.5,0.5,0.0,0.5,0.5,0.0,0.0,0.0,0.0
314314,2024-04-15 06:10:00,Global Esports,Talon Esports,0,5,5,0.0,0.2,0.4,-0.2,0.0,0.0,0.0,0.0,0.0,0.0,0.0,0.0,0.0,0.0,0.0,0.0,0.5,0.5,0.0,0.5,0.5,0.0,0.5,0.5,0.0,0.0,0.0,0.0
314632,2024-04-15 17:00:00,Cloud9,Evil Geniuses,1,4,9,-5.0,1.0,0.4444444444444444,0.5555555555555556,0.0,0.0,0.0,0.0,0.0,0.0,0.0,0.0,0.0,0.0,0.0,0.0,0.5,0.5,0.0,0.5,0.5,0.0,0.5,0.5,0.0,0.0,0.0,0.0
314315,2024-04-16 04:00:00,T1,Rex Regum Qeon,1,8,4,4.0,0.25,0.5,-0.25,0.0,0.0,0.0,0.0,0.0,0.0,0.0,0.0,0.0,0.0,0.0,0.0,0.5,0.5,0.0,0.5,0.5,0.0,0.5,0.5,0.0,0.0,0.0,0.0
314316,2024-04-16 06:00:00,BLEED,ZETA DIVISION,0,4,7,-3.0,0.0,0.42857142857142855,-0.42857142857142855,0.0,0.0,0.0,0.0,0.0,0.0,0.0,0.0,0.0,0.0,0.0,0.0,0.5,0.5,0.0,0.5,0.5,0.0,0.5,0.5,0.0,0.0,0.0,0.0
318925,2024-04-17 13:00:00,Karmine Corp,Natus Vincere,0,13,7,6.0,0.46153846153846156,0.42857142857142855,0.032967032967033016,0.0,0.0,0.0,0.0,0.0,0.0,0.0,0.0,0.0,0.0,0.0,0.0,0.5,0.5,0.0,0.5,0.5,0.0,0.5,0.5,0.0,0.0,0.0,0.0
318926,2024-04-18 11:00:00,BBL Esports,Team Heretics,1,4,8,-4.0,0.5,0.625,-0.125,0.0,0.0,0.0,0.0,0.0,0.0,0.0,0.0,0.0,0.0,0.0,0.0,0.5,0.5,0.0,0.5,0.5,0.0,0.5,0.5,0.0,0.0,0.0,0.0
318927,2024-04-18 13:15:00,Team Vitality,FUT Esports,1,7,8,-1.0,0.42857142857142855,0.625,-0.19642857142857145,0.0,0.0,0.0,0.0,0.0,0.0,0.0,0.0,0.0,0.0,0.0,0.0,0.5,0.5,0.0,0.5,0.5,0.0,0.5,0.5,0.0,0.0,0.0,0.0
319777,2024-04-19 05:00:00,Wolves Esports,Trace Esports,0,6,8,-2.0,0.16666666666666666,0.75,-0.5833333333333334,0.0,0.0,0.0,0.0,0.0,0.0,0.0,0.0,0.0,0.0,0.0,0.0,0.5,0.5,0.0,0.5,0.5,0.0,0.5,0.5,0.0,0.0,0.0,0.0
319778,2024-04-19 07:25:00,Nova Esports,FunPlus Phoenix,0,5,8,-3.0,0.2,0.75,-0.55,0.0,0.0,0.0,0.0,0.0,0.0,0.0,0.0,0.0,0.0,0.0,0.0,0.5,0.5,0.0,0.5,0.5,0.0,0.5,0.5,0.0,0.0,0.0,0.0
318928,2024-04-19 11:00:00,Team Liquid,GIANTX,1,9,4,5.0,0.4444444444444444,0.0,0.4444444444444444,0.0,0.0,0.0,0.0,0.0,0.0,0.0,0.0,0.0,0.0,0.0,0.0,0.5,0.5,0.0,0.5,0.5,0.0,0.5,0.5,0.0,0.0,0.0,0.0
314317,2024-04-20 04:00:00,Gen.G,DRX,1,15,12,3.0,0.8,0.6666666666666666,0.13333333333333341,0.0,0.0,0.0,0.0,0.0,0.0,0.0,0.0,0.0,0.0,0.0,0.0,0.5,0.5,0.0,0.5,0.5,0.0,0.5,0.5,0.0,0.0,0.0,0.0
319779,2024-04-20 05:00:00,Bilibili Gaming,All Gamers,0,7,4,3.0,0.5714285714285714,0.5,0.0714285714285714,0.0,0.0,0.0,0.0,0.0,0.0,0.0,0.0,0.0,0.0,0.0,0.0,0.5,0.5,0.0,0.5,0.5,0.0,0.5,0.5,0.0,0.0,0.0,0.0
314318,2024-04-20 07:15:00,BLEED,DetonatioN FocusMe,1,5,4,1.0,0.0,0.25,-0.25,0.0,0.0,0.0,0.0,0.0,0.0,0.0,0.0,0.0,0.0,0.0,0.0,0.5,0.5,0.0,0.5,0.5,0.0,0.5,0.5,0.0,0.0,0.0,0.0
319780,2024-04-20 07:40:00,Dragon Ranger Gaming,JDG Esports,1,6,5,1.0,0.3333333333333333,0.4,-0.06666666666666671,0.0,0.0,0.0,0.0,0.0,0.0,0.0,0.0,0.0,0.0,0.0,0.0,0.5,0.5,0.0,0.5,0.5,0.0,0.5,0.5,0.0,0.0,0.0,0.0
314634,2024-04-20 17:00:00,Sentinels,MIBR,1,15,6,9.0,0.4,0.16666666666666666,0.23333333333333336,0.0,0.0,0.0,0.0,0.0,0.0,0.0,0.0,0.0,0.0,0.0,0.0,0.5,0.5,0.0,0.5,0.5,0.0,0.5,0.5,0.0,0.0,0.0,0.0
314635,2024-04-20 19:30:00,Cloud9,LOUD,1,5,13,-8.0,1.0,0.5384615384615384,0.46153846153846156,0.0,0.0,0.0,0.0,0.0,0.0,0.0,0.0,0.0,0.0,0.0,0.0,0.5,0.5,0.0,0.5,0.5,0.0,0.5,0.5,0.0,0.0,0.0,0.0
314319,2024-04-21 04:00:00,Global Esports,Rex Regum Qeon,1,6,5,1.0,0.16666666666666666,0.4,-0.23333333333333336,0.0,0.0,0.0,0.0,0.0,0.0,0.0,0.0,0.0,0.0,0.0,0.0,0.5,0.5,0.0,0.5,0.5,0.0,0.5,0.5,0.0,0.0,0.0,0.0
319781,2024-04-21 05:00:00,TYLOO,Nova Esports,1,4,6,-2.0,0.25,0.16666666666666666,0.08333333333333334,0.0,0.0,0.0,0.0,0.0,0.0,0.0,0.0,0.0,0.0,0.0,0.0,0.5,0.5,0.0,0.5,0.5,0.0,0.5,0.5,0.0,0.0,0.0,0.0
314320,2024-04-21 07:00:00,Team Secret,Paper Rex,1,8,17,-9.0,0.5,0.7058823529411765,-0.20588235294117652,0.0,0.0,0.0,0.0,0.0,0.0,0.0,0.0,0.0,0.0,0.0,0.0,0.5,0.5,0.0,0.5,0.5,0.0,0.5,0.5,0.0,0.0,0.0,0.0
319782,2024-04-21 09:00:00,EDward Gaming,Titan Esports Club,1,13,7,6.0,0.6153846153846154,0.2857142857142857,0.3296703296703297,0.0,0.0,0.0,0.0,0.0,0.0,0.0,0.0,0.0,0.0,0.0,0.0,0.5,0.5,0.0,0.5,0.5,0.0,0.5,0.5,0.0,0.0,0.0,0.0
314321,2024-04-22 04:00:00,T1,Talon Esports,0,9,6,3.0,0.3333333333333333,0.5,-0.16666666666666669,0.0,0.0,0.0,0.0,0.0,0.0,0.0,0.0,0.0,0.0,0.0,0.0,0.5,0.5,0.0,0.5,0.5,0.0,0.5,0.5,0.0,0.0,0.0,0.0
314322,2024-04-22 06:15:00,Gen.G,ZETA DIVISION,1,16,8,8.0,0.8125,0.5,0.3125,0.0,0.0,0.0,0.0,0.0,0.0,0.0,0.0,0.0,0.0,0.0,0.0,0.5,0.5,0.0,0.5,0.5,0.0,0.5,0.5,0.0,0.0,0.0,0.0
314638,2024-04-22 17:00:00,G2 Esports,FURIA,1,7,4,3.0,1.0,0.0,1.0,0.0,0.0,0.0,0.0,0.0,0.0,0.0,0.0,0.0,0.0,0.0,0.0,0.5,0.5,0.0,0.5,0.5,0.0,0.5,0.5,0.0,0.0,0.0,0.0
314639,2024-04-22 19:00:00,Cloud9,100 Thieves,0,6,4,2.0,1.0,0.5,0.5,0.0,0.0,0.0,0.0,0.0,0.0,0.0,0.0,0.0,0.0,0.0,0.0,0.5,0.5,0.0,0.5,0.5,0.0,0.5,0.5,0.0,0.0,0.0,0.0
314323,2024-04-23 04:00:00,Team Secret,DetonatioN FocusMe,1,9,5,4.0,0.5555555555555556,0.2,0.35555555555555557,0.0,0.0,0.0,0.0,0.0,0.0,0.0,0.0,0.0,0.0,0.0,0.0,0.5,0.5,0.0,0.5,0.5,0.0,0.5,0.5,0.0,0.0,0.0,0.0
314324,2024-04-23 06:50:00,Global Esports,Paper Rex,0,7,18,-11.0,0.2857142857142857,0.6666666666666666,-0.38095238095238093,0.0,0.0,0.0,0.0,0.0,0.0,0.0,0.0,0.0,0.0,0.0,0.0,0.5,0.5,0.0,0.5,0.5,0.0,0.5,0.5,0.0,0.0,0.0,0.0
314640,2024-04-23 17:00:00,Sentinels,Evil Geniuses,0,16,11,5.0,0.4375,0.36363636363636365,0.07386363636363635,0.0,0.0,0.0,0.0,0.0,0.0,0.0,0.0,0.0,0.0,0.0,0.0,0.5,0.5,0.0,0.5,0.5,0.0,0.5,0.5,0.0,0.0,0.0,0.0
318930,2024-04-24 11:00:00,Team Liquid,Team Heretics,0,10,9,1.0,0.5,0.5555555555555556,-0.05555555555555558,0.0,0.0,0.0,0.0,0.0,0.0,0.0,0.0,0.0,0.0,0.0,0.0,0.5,0.5,0.0,0.5,0.5,0.0,0.5,0.5,0.0,0.0,0.0,0.0
318931,2024-04-24 13:00:00,Team Vitality,Gentle Mates,0,8,5,3.0,0.5,0.6,-0.09999999999999998,0.0,0.0,0.0,0.0,0.0,0.0,0.0,0.0,0.0,0.0,0.0,0.0,0.5,0.5,0.0,0.5,0.5,0.0,0.5,0.5,0.0,0.0,0.0,0.0
314642,2024-04-24 17:00:00,G2 Esports,LEVIATÁN,0,8,6,2.0,1.0,0.6666666666666666,0.33333333333333337,0.0,0.0,0.0,0.0,0.0,0.0,0.0,0.0,0.0,0.0,0.0,0.0,0.5,0.5,0.0,0.5,0.5,0.0,0.5,0.5,0.0,0.0,0.0,0.0
318933,2024-04-25 13:30:00,BBL Esports,Natus Vincere,1,5,8,-3.0,0.6,0.5,0.09999999999999998,0.0,0.0,0.0,0.0,0.0,0.0,0.0,0.0,0.0,0.0,0.0,0.0,0.5,0.5,0.0,0.5,0.5,0.0,0.5,0.5,0.0,0.0,0.0,0.0
319783,2024-04-26 05:00:00,Titan Esports Club,Bilibili Gaming,1,8,8,0.0,0.25,0.5,-0.25,0.0,0.0,0.0,0.0,0.0,0.0,0.0,0.0,0.0,0.0,0.0,0.0,0.5,0.5,0.0,0.5,0.5,0.0,0.5,0.5,0.0,0.0,0.0,0.0
319784,2024-04-26 08:05:00,Trace Esports,Dragon Ranger Gaming,0,9,7,2.0,0.7777777777777778,0.42857142857142855,0.34920634920634924,0.0,0.0,0.0,0.0,0.0,0.0,0.0,0.0,0.0,0.0,0.0,0.0,0.5,0.5,0.0,0.5,0.5,0.0,0.5,0.5,0.0,0.0,0.0,0.0
318934,2024-04-26 11:00:00,Team Vitality,GIANTX,1,9,5,4.0,0.4444444444444444,0.0,0.4444444444444444,0.0,0.0,0.0,0.0,0.0,0.0,0.0,0.0,0.0,0.0,0.0,0.0,0.5,0.5,0.0,0.5,0.5,0.0,0.5,0.5,0.0,0.0,0.0,0.0
318935,2024-04-26 14:10:00,Karmine Corp,KOI,1,14,8,6.0,0.42857142857142855,0.0,0.42857142857142855,0.0,0.0,0.0,0.0,0.0,0.0,0.0,0.0,0.0,0.0,0.0,0.0,0.5,0.5,0.0,0.5,0.5,0.0,0.5,0.5,0.0,0.0,0.0,0.0
314325,2024-04-27 04:00:00,BLEED,Paper Rex,0,6,19,-13.0,0.16666666666666666,0.6842105263157895,-0.5175438596491229,0.0,0.0,0.0,0.0,0.0,0.0,0.0,0.0,0.0,0.0,0.0,0.0,0.5,0.5,0.0,0.5,0.5,0.0,0.5,0.5,0.0,0.0,0.0,0.0
319785,2024-04-27 05:00:00,TYLOO,Wolves Esports,0,5,7,-2.0,0.4,0.14285714285714285,0.2571428571428572,0.0,0.0,0.0,0.0,0.0,0.0,0.0,0.0,0.0,0.0,0.0,0.0,0.5,0.5,0.0,0.5,0.5,0.0,0.5,0.5,0.0,0.0,0.0,0.0
314326,2024-04-27 06:00:00,Global Esports,DetonatioN FocusMe,1,8,6,2.0,0.25,0.16666666666666666,0.08333333333333334,0.0,0.0,0.0,0.0,0.0,0.0,0.0,0.0,0.0,0.0,0.0,0.0,0.5,0.5,0.0,0.5,0.5,0.0,0.5,0.5,0.0,0.0,0.0,0.0
319786,2024-04-27 08:30:00,FunPlus Phoenix,EDward Gaming,1,9,14,-5.0,0.7777777777777778,0.6428571428571429,0.13492063492063489,0.0,0.0,0.0,0.0,0.0,0.0,0.0,0.0,0.0,0.0,0.0,0.0,0.5,0.5,0.0,0.5,0.5,0.0,0.5,0.5,0.0,0.0,0.0,0.0
314644,2024-04-27 17:00:00,G2 Esports,MIBR,1,9,8,1.0,0.8888888888888888,0.125,0.7638888888888888,0.0,0.0,0.0,0.0,0.0,0.0,0.0,0.0,0.0,0.0,0.0,0.0,0.5,0.5,0.0,0.5,0.5,0.0,0.5,0.5,0.0,0.0,0.0,0.0
314645,2024-04-27 19:05:00,Sentinels,LOUD,0,17,15,2.0,0.4117647058823529,0.4666666666666667,-0.05490196078431375,0.0,0.0,0.0,0.0,0.0,0.0,0.0,0.0,0.0,0.0,0.0,0.0,0.5,0.5,0.0,0.5,0.5,0.0,0.5,0.5,0.0,0.0,0.0,0.0
314327,2024-04-28 04:00:00,T1,ZETA DIVISION,1,10,9,1.0,0.3,0.4444444444444444,-0.14444444444444443,0.0,0.0,0.0,0.0,0.0,0.0,0.0,0.0,0.0,0.0,0.0,0.0,0.5,0.5,0.0,0.5,0.5,0.0,0.5,0.5,0.0,0.0,0.0,0.0
319787,2024-04-28 05:00:00,All Gamers,Nova Esports,1,5,7,-2.0,0.6,0.14285714285714285,0.45714285714285713,0.0,0.0,0.0,0.0,0.0,0.0,0.0,0.0,0.0,0.0,0.0,0.0,0.5,0.5,0.0,0.5,0.5,0.0,0.5,0.5,0.0,0.0,0.0,0.0
314328,2024-04-28 07:10:00,Team Secret,Talon Esports,0,10,7,3.0,0.6,0.5714285714285714,0.02857142857142858,0.0,0.0,0.0,0.0,0.0,0.0,0.0,0.0,0.0,0.0,0.0,0.0,0.5,0.5,0.0,0.5,0.5,0.0,0.5,0.5,0.0,0.0,0.0,0.0
319788,2024-04-28 08:40:00,Bilibili Gaming,JDG Esports,1,9,6,3.0,0.4444444444444444,0.3333333333333333,0.1111111111111111,0.0,0.0,0.0,0.0,0.0,0.0,0.0,0.0,0.0,0.0,0.0,0.0,0.5,0.5,0.0,0.5,0.5,0.0,0.5,0.5,0.0,0.0,0.0,0.0
314646,2024-04-28 17:00:00,Cloud9,FURIA,1,7,5,2.0,0.8571428571428571,0.0,0.8571428571428571,0.0,0.0,0.0,0.0,0.0,0.0,0.0,0.0,0.0,0.0,0.0,0.0,0.5,0.5,0.0,0.5,0.5,0.0,0.5,0.5,0.0,0.0,0.0,0.0
314329,2024-04-29 04:00:00,BLEED,DRX,0,7,13,-6.0,0.14285714285714285,0.6153846153846154,-0.47252747252747257,0.0,0.0,0.0,0.0,0.0,0.0,0.0,0.0,0.0,0.0,0.0,0.0,0.5,0.5,0.0,0.5,0.5,0.0,0.5,0.5,0.0,0.0,0.0,0.0
314330,2024-04-29 06:05:00,Gen.G,Rex Regum Qeon,1,17,6,11.0,0.8235294117647058,0.3333333333333333,0.49019607843137253,0.0,0.0,0.0,0.0,0.0,0.0,0.0,0.0,0.0,0.0,0.0,0.0,0.5,0.5,0.0,0.5,0.5,0.0,0.5,0.5,0.0,0.0,0.0,0.0
318936,2024-05-01 11:00:00,BBL Esports,GIANTX,0,6,6,0.0,0.6666666666666666,0.0,0.6666666666666666,0.0,0.0,0.0,0.0,0.0,0.0,0.0,0.0,0.0,0.0,0.0,0.0,0.5,0.5,0.0,0.5,0.5,0.0,0.5,0.5,0.0,0.0,0.0,0.0
318937,2024-05-01 13:00:00,Karmine Corp,Team Heretics,0,15,10,5.0,0.4666666666666667,0.6,-0.1333333333333333,0.0,0.0,0.0,0.0,0.0,0.0,0.0,0.0,0.0,0.0,0.0,0.0,0.5,0.5,0.0,0.5,0.5,0.0,0.5,0.5,0.0,0.0,0.0,0.0
319789,2024-05-02 07:00:00,EDward Gaming,All Gamers,1,15,6,9.0,0.6,0.6666666666666666,-0.06666666666666665,0.0,0.0,0.0,0.0,0.0,0.0,0.0,0.0,0.0,0.0,0.0,0.0,0.5,0.5,0.0,0.5,0.5,0.0,0.5,0.5,0.0,0.0,0.0,0.0
318938,2024-05-02 11:00:00,Team Vitality,KOI,0,10,9,1.0,0.5,0.0,0.5,0.0,0.0,0.0,0.0,0.0,0.0,0.0,0.0,0.0,0.0,0.0,0.0,0.5,0.5,0.0,0.5,0.5,0.0,0.5,0.5,0.0,0.0,0.0,0.0
329907,2024-05-03 04:00:00,Team Secret,T1,1,11,11,0.0,0.5454545454545454,0.36363636363636365,0.18181818181818177,0.0,0.0,0.0,0.0,0.0,0.0,0.0,0.0,0.0,0.0,0.0,0.0,0.5,0.5,0.0,0.5,0.5,0.0,0.5,0.5,0.0,0.0,0.0,0.0
329908,2024-05-03 06:10:00,Paper Rex,Talon Esports,1,20,8,12.0,0.7,0.625,0.07499999999999996,0.0,0.0,0.0,0.0,0.0,0.0,0.0,0.0,0.0,0.0,0.0,0.0,0.5,0.5,0.0,0.5,0.5,0.0,0.5,0.5,0.0,0.0,0.0,0.0
319790,2024-05-03 07:00:00,Wolves Esports,JDG Esports,0,8,7,1.0,0.25,0.2857142857142857,-0.0357142857142857,0.0,0.0,0.0,0.0,0.0,0.0,0.0,0.0,0.0,0.0,0.0,0.0,0.5,0.5,0.0,0.5,0.5,0.0,0.5,0.5,0.0,0.0,0.0,0.0
318940,2024-05-03 11:00:00,Team Liquid,Gentle Mates,1,11,6,5.0,0.45454545454545453,0.6666666666666666,-0.2121212121212121,0.0,0.0,0.0,0.0,0.0,0.0,0.0,0.0,0.0,0.0,0.0,0.0,0.5,0.5,0.0,0.5,0.5,0.0,0.5,0.5,0.0,0.0,0.0,0.0
318941,2024-05-03 12:50:00,BBL Esports,FUT Esports,0,7,10,-3.0,0.5714285714285714,0.6,-0.02857142857142858,0.0,0.0,0.0,0.0,0.0,0.0,0.0,0.0,0.0,0.0,0.0,0.0,0.5,0.5,0.0,0.5,0.5,0.0,0.5,0.5,0.0,0.0,0.0,0.0
314650,2024-05-03 20:00:00,Sentinels,FURIA,1,18,6,12.0,0.3888888888888889,0.0,0.3888888888888889,0.0,0.0,0.0,0.0,0.0,0.0,0.0,0.0,0.0,0.0,0.0,0.0,0.5,0.5,0.0,0.5,0.5,0.0,0.5,0.5,0.0,0.0,0.0,0.0
329909,2024-05-04 04:00:00,Gen.G,T1,0,18,12,6.0,0.8333333333333334,0.3333333333333333,0.5,0.0,0.0,0.0,0.0,0.0,0.0,0.0,0.0,0.0,0.0,0.0,0.0,0.5,0.5,0.0,0.5,0.5,0.0,0.5,0.5,0.0,0.0,0.0,0.0
319791,2024-05-04 05:00:00,Dragon Ranger Gaming,TYLOO,0,8,6,2.0,0.5,0.3333333333333333,0.16666666666666669,0.0,0.0,0.0,0.0,0.0,0.0,0.0,0.0,0.0,0.0,0.0,0.0,0.5,0.5,0.0,0.5,0.5,0.0,0.5,0.5,0.0,0.0,0.0,0.0
329910,2024-05-04 07:10:00,DRX,Paper Rex,1,14,21,-7.0,0.6428571428571429,0.7142857142857143,-0.0714285714285714,0.0,0.0,0.0,0.0,0.0,0.0,0.0,0.0,0.0,0.0,0.0,0.0,0.5,0.5,0.0,0.5,0.5,0.0,0.5,0.5,0.0,0.0,0.0,0.0
319792,2024-05-04 07:30:00,Bilibili Gaming,FunPlus Phoenix,0,10,10,0.0,0.5,0.8,-0.30000000000000004,0.0,0.0,0.0,0.0,0.0,0.0,0.0,0.0,0.0,0.0,0.0,0.0,0.5,0.5,0.0,0.5,0.5,0.0,0.5,0.5,0.0,0.0,0.0,0.0
329912,2024-05-05 04:00:00,T1,Paper Rex,0,13,22,-9.0,0.38461538461538464,0.6818181818181818,-0.29720279720279713,0.0,0.0,0.0,0.0,0.0,0.0,0.0,0.0,0.0,0.0,0.0,0.0,0.5,0.5,0.0,0.5,0.5,0.0,0.5,0.5,0.0,0.0,0.0,0.0
319793,2024-05-05 05:00:00,Nova Esports,Titan Esports Club,1,8,9,-1.0,0.125,0.3333333333333333,-0.20833333333333331,0.0,0.0,0.0,0.0,0.0,0.0,0.0,0.0,0.0,0.0,0.0,0.0,0.5,0.5,0.0,0.5,0.5,0.0,0.5,0.5,0.0,0.0,0.0,0.0
329911,2024-05-05 06:00:00,Gen.G,DRX,1,19,15,4.0,0.7894736842105263,0.6666666666666666,0.1228070175438597,0.0,0.0,0.0,0.0,0.0,0.0,0.0,0.0,0.0,0.0,0.0,0.0,0.5,0.5,0.0,0.5,0.5,0.0,0.5,0.5,0.0,0.0,0.0,0.0
319794,2024-05-05 07:05:00,Trace Esports,EDward Gaming,0,10,16,-6.0,0.7,0.625,0.07499999999999996,0.0,0.0,0.0,0.0,0.0,0.0,0.0,0.0,0.0,0.0,0.0,0.0,0.5,0.5,0.0,0.5,0.5,0.0,0.5,0.5,0.0,0.0,0.0,0.0
314653,2024-05-05 17:00:00,Cloud9,MIBR,1,8,9,-1.0,0.875,0.1111111111111111,0.7638888888888888,0.0,0.0,0.0,0.0,0.0,0.0,0.0,0.0,0.0,0.0,0.0,0.0,0.5,0.5,0.0,0.5,0.5,0.0,0.5,0.5,0.0,0.0,0.0,0.0
314654,2024-05-05 19:35:00,G2 Esports,LOUD,0,10,16,-6.0,0.9,0.5,0.4,0.0,0.0,0.0,0.0,0.0,0.0,0.0,0.0,0.0,0.0,0.0,0.0,0.5,0.5,0.0,0.5,0.5,0.0,0.5,0.5,0.0,0.0,0.0,0.0
342356,2024-05-08 05:00:00,Trace Esports,All Gamers,1,11,7,4.0,0.6363636363636364,0.5714285714285714,0.06493506493506496,0.0,0.0,0.0,0.0,0.0,0.0,0.0,0.0,0.0,0.0,0.0,0.0,0.5,0.5,0.0,0.5,0.5,0.0,0.5,0.5,0.0,0.0,0.0,0.0
342357,2024-05-08 07:15:00,Dragon Ranger Gaming,Nova Esports,0,9,9,0.0,0.4444444444444444,0.2222222222222222,0.2222222222222222,0.0,0.0,0.0,0.0,0.0,0.0,0.0,0.0,0.0,0.0,0.0,0.0,0.5,0.5,0.0,0.5,0.5,0.0,0.5,0.5,0.0,0.0,0.0,0.0
341817,2024-05-08 14:20:00,Natus Vincere,Team Heretics,0,10,11,-1.0,0.5,0.6363636363636364,-0.13636363636363635,0.0,0.0,0.0,0.0,0.0,0.0,0.0,0.0,0.0,0.0,0.0,0.0,0.5,0.5,0.0,0.5,0.5,0.0,0.5,0.5,0.0,0.0,0.0,0.0
337407,2024-05-08 17:00:00,Cloud9,G2 Esports,0,9,11,-2.0,0.8888888888888888,0.8181818181818182,0.07070707070707061,0.0,0.0,0.0,0.0,0.0,0.0,0.0,0.0,0.0,0.0,0.0,0.0,0.5,0.5,0.0,0.5,0.5,0.0,0.5,0.5,0.0,0.0,0.0,0.0
337408,2024-05-08 19:25:00,100 Thieves,LOUD,1,7,17,-10.0,0.5714285714285714,0.5294117647058824,0.04201680672268904,0.0,0.0,0.0,0.0,0.0,0.0,0.0,0.0,0.0,0.0,0.0,0.0,0.5,0.5,0.0,0.5,0.5,0.0,0.5,0.5,0.0,0.0,0.0,0.0
342358,2024-05-09 05:00:00,FunPlus Phoenix,Trace Esports,0,11,12,-1.0,0.8181818181818182,0.6666666666666666,0.1515151515151516,0.0,0.0,0.0,0.0,0.0,0.0,0.0,0.0,0.0,0.0,0.0,0.0,0.5,0.5,0.0,0.5,0.5,0.0,0.5,0.5,0.0,0.0,0.0,0.0
342359,2024-05-09 07:30:00,EDward Gaming,Dragon Ranger Gaming,0,17,10,7.0,0.6470588235294118,0.4,0.24705882352941178,0.0,0.0,0.0,0.0,0.0,0.0,0.0,0.0,0.0,0.0,0.0,0.0,0.5,0.5,0.0,0.5,0.5,0.0,0.5,0.5,0.0,0.0,0.0,0.0
341819,2024-05-09 13:30:00,FUT Esports,Team Heretics,0,11,12,-1.0,0.6363636363636364,0.6666666666666666,-0.030303030303030276,0.0,0.0,0.0,0.0,0.0,0.0,0.0,0.0,0.0,0.0,0.0,0.0,0.5,0.5,0.0,0.5,0.5,0.0,0.5,0.5,0.0,0.0,0.0,0.0
337410,2024-05-09 19:05:00,LEVIATÁN,100 Thieves,1,8,8,0.0,0.75,0.625,0.125,0.0,0.0,0.0,0.0,0.0,0.0,0.0,0.0,0.0,0.0,0.0,0.0,0.5,0.5,0.0,0.5,0.5,0.0,0.5,0.5,0.0,0.0,0.0,0.0
342360,2024-05-10 05:00:00,FunPlus Phoenix,EDward Gaming,1,12,18,-6.0,0.75,0.6111111111111112,0.13888888888888884,0.0,0.0,0.0,0.0,0.0,0.0,0.0,0.0,0.0,0.0,0.0,0.0,0.5,0.5,0.0,0.5,0.5,0.0,0.5,0.5,0.0,0.0,0.0,0.0
342361,2024-05-10 07:45:00,Trace Esports,Dragon Ranger Gaming,0,13,11,2.0,0.6923076923076923,0.45454545454545453,0.23776223776223776,0.0,0.0,0.0,0.0,0.0,0.0,0.0,0.0,0.0,0.0,0.0,0.0,0.5,0.5,0.0,0.5,0.5,0.0,0.5,0.5,0.0,0.0,0.0,0.0
341822,2024-05-10 13:30:00,Karmine Corp,FUT Esports,0,17,12,5.0,0.4117647058823529,0.5833333333333334,-0.17156862745098045,0.0,0.0,0.0,0.0,0.0,0.0,0.0,0.0,0.0,0.0,0.0,0.0,0.5,0.5,0.0,0.5,0.5,0.0,0.5,0.5,0.0,0.0,0.0,0.0
337411,2024-05-10 17:00:00,G2 Esports,100 Thieves,1,13,9,4.0,0.8461538461538461,0.5555555555555556,0.29059829059829057,0.0,0.0,0.0,0.0,0.0,0.0,0.0,0.0,0.0,0.0,0.0,0.0,0.5,0.5,0.0,0.5,0.5,0.0,0.5,0.5,0.0,0.0,0.0,0.0
329913,2024-05-11 04:00:00,T1,Gen.G,0,14,20,-6.0,0.35714285714285715,0.8,-0.4428571428571429,0.0,0.0,0.0,0.0,0.0,0.0,0.0,0.0,0.0,0.0,0.0,0.0,0.5,0.5,0.0,0.5,0.5,0.0,0.5,0.5,0.0,0.0,0.0,0.0
342362,2024-05-11 05:00:00,EDward Gaming,Dragon Ranger Gaming,0,19,12,7.0,0.5789473684210527,0.5,0.07894736842105265,0.0,0.0,0.0,0.0,0.0,0.0,0.0,0.0,0.0,0.0,0.0,0.0,0.5,0.5,0.0,0.5,0.5,0.0,0.5,0.5,0.0,0.0,0.0,0.0
337414,2024-05-11 17:00:00,G2 Esports,LEVIATÁN,0,14,10,4.0,0.8571428571428571,0.8,0.05714285714285705,0.0,0.0,0.0,0.0,0.0,0.0,0.0,0.0,0.0,0.0,0.0,0.0,0.5,0.5,0.0,0.5,0.5,0.0,0.5,0.5,0.0,0.0,0.0,0.0
329914,2024-05-12 04:00:00,Paper Rex,Gen.G,0,23,21,2.0,0.6956521739130435,0.8095238095238095,-0.11387163561076608,0.0,0.0,0.0,0.0,0.0,0.0,0.0,0.0,0.0,0.0,0.0,0.0,0.5,0.5,0.0,0.5,0.5,0.0,0.5,0.5,0.0,0.0,0.0,0.0
342363,2024-05-12 05:00:00,FunPlus Phoenix,EDward Gaming,1,13,20,-7.0,0.7692307692307693,0.55,0.21923076923076923,0.0,0.0,0.0,0.0,0.0,0.0,0.0,0.0,0.0,0.0,0.0,0.0,0.5,0.5,0.0,0.5,0.5,0.0,0.5,0.5,0.0,0.0,0.0,0.0
337412,2024-05-12 17:00:00,100 Thieves,G2 Esports,1,10,15,-5.0,0.5,0.8,-0.30000000000000004,0.0,0.0,0.0,0.0,0.0,0.0,0.0,0.0,0.0,0.0,0.0,0.0,0.5,0.5,0.0,0.5,0.5,0.0,0.5,0.5,0.0,0.0,0.0,0.0
348063,2024-05-23 04:00:00,G2 Esports,T1,1,16,15,1.0,0.75,0.3333333333333333,0.4166666666666667,0.0,0.0,0.0,0.0,0.0,0.0,0.0,0.0,0.0,0.0,0.0,0.0,0.5,0.5,0.0,0.5,0.5,0.0,0.5,0.5,0.0,0.0,0.0,0.0
348061,2024-05-23 07:10:00,FunPlus Phoenix,FUT Esports,1,14,14,0.0,0.7857142857142857,0.6428571428571429,0.1428571428571428,0.0,0.0,0.0,0.0,0.0,0.0,0.0,0.0,0.0,0.0,0.0,0.0,0.5,0.5,0.0,0.5,0.5,0.0,0.5,0.5,0.0,0.0,0.0,0.0
348064,2024-05-24 04:00:00,Gen.G,LEVIATÁN,1,22,11,11.0,0.8181818181818182,0.8181818181818182,0.0,0.0,0.0,0.0,0.0,0.0,0.0,0.0,0.0,0.0,0.0,0.0,0.0,0.5,0.5,0.0,0.5,0.5,0.0,0.5,0.5,0.0,0.0,0.0,0.0
348059,2024-05-24 07:00:00,Team Heretics,Dragon Ranger Gaming,1,15,13,2.0,0.7333333333333333,0.5384615384615384,0.19487179487179485,0.0,0.0,0.0,0.0,0.0,0.0,0.0,0.0,0.0,0.0,0.0,0.0,0.5,0.5,0.0,0.5,0.5,0.0,0.5,0.5,0.0,0.0,0.0,0.0
348458,2024-05-25 04:00:00,FunPlus Phoenix,Gen.G,0,15,23,-8.0,0.8,0.8260869565217391,-0.02608695652173909,0.0,0.0,0.0,0.0,0.0,0.0,0.0,0.0,0.0,0.0,0.0,0.0,0.5,0.5,0.0,0.5,0.5,0.0,0.5,0.5,0.0,0.0,0.0,0.0
348457,2024-05-25 07:40:00,G2 Esports,Team Heretics,1,17,16,1.0,0.7647058823529411,0.75,0.014705882352941124,0.0,0.0,0.0,0.0,0.0,0.0,0.0,0.0,0.0,0.0,0.0,0.0,0.5,0.5,0.0,0.5,0.5,0.0,0.5,0.5,0.0,0.0,0.0,0.0
348459,2024-05-26 04:00:00,LEVIATÁN,T1,1,12,16,-4.0,0.75,0.3125,0.4375,0.0,0.0,0.0,0.0,0.0,0.0,0.0,0.0,0.0,0.0,0.0,0.0,0.5,0.5,0.0,0.5,0.5,0.0,0.5,0.5,0.0,0.0,0.0,0.0
348460,2024-05-26 06:10:00,Dragon Ranger Gaming,FUT Esports,0,14,15,-1.0,0.5,0.6,-0.09999999999999998,0.0,0.0,0.0,0.0,0.0,0.0,0.0,0.0,0.0,0.0,0.0,0.0,0.5,0.5,0.0,0.5,0.5,0.0,0.5,0.5,0.0,0.0,0.0,0.0
348462,2024-05-27 04:00:00,FunPlus Phoenix,Team Heretics,0,16,17,-1.0,0.75,0.7058823529411765,0.044117647058823484,0.0,0.0,0.0,0.0,0.0,0.0,0.0,0.0,0.0,0.0,0.0,0.0,0.5,0.5,0.0,0.5,0.5,0.0,0.5,0.5,0.0,0.0,0.0,0.0
348461,2024-05-27 07:35:00,FUT Esports,LEVIATÁN,1,16,13,3.0,0.625,0.7692307692307693,-0.14423076923076927,0.0,0.0,0.0,0.0,0.0,0.0,0.0,0.0,0.0,0.0,0.0,0.0,0.5,0.5,0.0,0.5,0.5,0.0,0.5,0.5,0.0,0.0,0.0,0.0
348465,2024-05-30 04:00:00,100 Thieves,FUT Esports,1,11,17,-6.0,0.5454545454545454,0.6470588235294118,-0.10160427807486638,0.0,0.0,0.0,0.0,0.0,0.0,0.0,0.0,0.0,0.0,0.0,0.0,0.5,0.5,0.0,0.5,0.5,0.0,0.5,0.5,0.0,0.0,0.0,0.0
348463,2024-05-31 04:00:00,Paper Rex,G2 Esports,0,24,18,6.0,0.6666666666666666,0.7777777777777778,-0.11111111111111116,0.0,0.0,0.0,0.0,0.0,0.0,0.0,0.0,0.0,0.0,0.0,0.0,0.5,0.5,0.0,0.5,0.5,0.0,0.5,0.5,0.0,0.0,0.0,0.0
348464,2024-05-31 07:00:00,EDward Gaming,Team Heretics,1,21,18,3.0,0.5238095238095238,0.7222222222222222,-0.19841269841269837,0.0,0.0,0.0,0.0,0.0,0.0,0.0,0.0,0.0,0.0,0.0,0.0,0.5,0.5,0.0,0.5,0.5,0.0,0.5,0.5,0.0,0.0,0.0,0.0
348467,2024-06-01 07:00:00,Paper Rex,EDward Gaming,1,25,22,3.0,0.64,0.5454545454545454,0.0945454545454546,0.0,0.0,0.0,0.0,0.0,0.0,0.0,0.0,0.0,0.0,0.0,0.0,0.5,0.5,0.0,0.5,0.5,0.0,0.5,0.5,0.0,0.0,0.0,0.0
348470,2024-06-02 04:00:00,100 Thieves,Gen.G,0,12,25,-13.0,0.5833333333333334,0.84,-0.2566666666666666,0.0,0.0,0.0,0.0,0.0,0.0,0.0,0.0,0.0,0.0,0.0,0.0,0.5,0.5,0.0,0.5,0.5,0.0,0.5,0.5,0.0,0.0,0.0,0.0
348469,2024-06-02 06:15:00,G2 Esports,Team Heretics,1,19,19,0.0,0.7894736842105263,0.6842105263157895,0.10526315789473684,0.0,0.0,0.0,0.0,0.0,0.0,0.0,0.0,0.0,0.0,0.0,0.0,0.5,0.5,0.0,0.5,0.5,0.0,0.5,0.5,0.0,0.0,0.0,0.0
348471,2024-06-03 04:00:00,100 Thieves,Paper Rex,1,13,26,-13.0,0.5384615384615384,0.6538461538461539,-0.11538461538461542,0.0,0.0,0.0,0.0,0.0,0.0,0.0,0.0,0.0,0.0,0.0,0.0,0.5,0.5,0.0,0.5,0.5,0.0,0.5,0.5,0.0,0.0,0.0,0.0
348472,2024-06-03 07:10:00,Team Heretics,FUT Esports,1,20,19,1.0,0.65,0.5789473684210527,0.07105263157894737,0.0,0.0,0.0,0.0,0.0,0.0,0.0,0.0,0.0,0.0,0.0,0.0,0.5,0.5,0.0,0.5,0.5,0.0,0.5,0.5,0.0,0.0,0.0,0.0
348473,2024-06-07 03:00:00,G2 Esports,Gen.G,0,20,26,-6.0,0.8,0.8461538461538461,-0.0461538461538461,0.0,0.0,0.0,0.0,0.0,0.0,0.0,0.0,0.0,0.0,0.0,0.0,0.5,0.5,0.0,0.5,0.5,0.0,0.5,0.5,0.0,0.0,0.0,0.0
348474,2024-06-07 05:25:00,100 Thieves,Team Heretics,0,14,21,-7.0,0.5714285714285714,0.6666666666666666,-0.09523809523809523,0.0,0.0,0.0,0.0,0.0,0.0,0.0,0.0,0.0,0.0,0.0,0.0,0.5,0.5,0.0,0.5,0.5,0.0,0.5,0.5,0.0,0.0,0.0,0.0
348475,2024-06-08 03:00:00,G2 Esports,Team Heretics,1,21,22,-1.0,0.7619047619047619,0.6818181818181818,0.0800865800865801,0.0,0.0,0.0,0.0,0.0,0.0,0.0,0.0,0.0,0.0,0.0,0.0,0.5,0.5,0.0,0.5,0.5,0.0,0.5,0.5,0.0,0.0,0.0,0.0
348476,2024-06-09 04:15:00,Gen.G,Team Heretics,0,27,23,4.0,0.8518518518518519,0.6521739130434783,0.1996779388083736,0.0,0.0,0.0,0.0,0.0,0.0,0.0,0.0,0.0,0.0,0.0,0.0,0.5,0.5,0.0,0.5,0.5,0.0,0.5,0.5,0.0,0.0,0.0,0.0
314340,2024-06-15 04:00:00,ZETA DIVISION,DRX,0,10,16,-6.0,0.4,0.625,-0.22499999999999998,0.0,0.0,0.0,0.0,0.0,0.0,0.0,0.0,0.0,0.0,0.0,0.0,0.5,0.5,0.0,0.5,0.5,0.0,0.5,0.5,0.0,0.0,0.0,0.0
314341,2024-06-15 06:40:00,Team Secret,BLEED,1,12,8,4.0,0.5833333333333334,0.125,0.45833333333333337,0.0,0.0,0.0,0.0,0.0,0.0,0.0,0.0,0.0,0.0,0.0,0.0,0.5,0.5,0.0,0.5,0.5,0.0,0.5,0.5,0.0,0.0,0.0,0.0
359603,2024-06-15 07:00:00,Titan Esports Club,JDG Esports,0,10,8,2.0,0.3,0.375,-0.07500000000000001,0.0,0.0,0.0,0.0,0.0,0.0,0.0,0.0,0.0,0.0,0.0,0.0,0.5,0.5,0.0,0.5,0.5,0.0,0.5,0.5,0.0,0.0,0.0,0.0
314342,2024-06-16 04:00:00,T1,Gen.G,0,17,28,-11.0,0.29411764705882354,0.8214285714285714,-0.5273109243697478,0.0,0.0,0.0,0.0,0.0,0.0,0.0,0.0,0.0,0.0,0.0,0.0,0.5,0.5,0.0,0.5,0.5,0.0,0.5,0.5,0.0,0.0,0.0,0.0
359604,2024-06-16 05:00:00,All Gamers,TYLOO,1,8,7,1.0,0.5,0.42857142857142855,0.07142857142857145,0.0,0.0,0.0,0.0,0.0,0.0,0.0,0.0,0.0,0.0,0.0,0.0,0.5,0.5,0.0,0.5,0.5,0.0,0.5,0.5,0.0,0.0,0.0,0.0
359605,2024-06-16 07:05:00,Bilibili Gaming,Wolves Esports,1,11,9,2.0,0.45454545454545453,0.2222222222222222,0.23232323232323232,0.0,0.0,0.0,0.0,0.0,0.0,0.0,0.0,0.0,0.0,0.0,0.0,0.5,0.5,0.0,0.5,0.5,0.0,0.5,0.5,0.0,0.0,0.0,0.0
314343,2024-06-16 07:30:00,Paper Rex,Talon Esports,1,27,9,18.0,0.6296296296296297,0.5555555555555556,0.07407407407407407,0.0,0.0,0.0,0.0,0.0,0.0,0.0,0.0,0.0,0.0,0.0,0.0,0.5,0.5,0.0,0.5,0.5,0.0,0.5,0.5,0.0,0.0,0.0,0.0
314344,2024-06-17 04:00:00,Rex Regum Qeon,DetonatioN FocusMe,1,7,7,0.0,0.2857142857142857,0.14285714285714285,0.14285714285714285,0.0,0.0,0.0,0.0,0.0,0.0,0.0,0.0,0.0,0.0,0.0,0.0,0.5,0.5,0.0,0.5,0.5,0.0,0.5,0.5,0.0,0.0,0.0,0.0
314345,2024-06-17 06:35:00,Team Secret,Global Esports,1,13,9,4.0,0.6153846153846154,0.3333333333333333,0.2820512820512821,0.0,0.0,0.0,0.0,0.0,0.0,0.0,0.0,0.0,0.0,0.0,0.0,0.5,0.5,0.0,0.5,0.5,0.0,0.5,0.5,0.0,0.0,0.0,0.0
353153,2024-06-18 14:00:00,FUT Esports,KOI,1,20,10,10.0,0.55,0.1,0.45000000000000007,0.0,0.0,0.0,0.0,0.0,0.0,0.0,0.0,0.0,0.0,0.0,0.0,0.5,0.5,0.0,0.5,0.5,0.0,0.5,0.5,0.0,0.0,0.0,0.0
353155,2024-06-19 15:30:00,Team Heretics,Natus Vincere,1,24,11,13.0,0.6666666666666666,0.45454545454545453,0.2121212121212121,0.0,0.0,0.0,0.0,0.0,0.0,0.0,0.0,0.0,0.0,0.0,0.0,0.5,0.5,0.0,0.5,0.5,0.0,0.5,0.5,0.0,0.0,0.0,0.0
353157,2024-06-20 12:00:00,GIANTX,Gentle Mates,1,7,7,0.0,0.14285714285714285,0.5714285714285714,-0.42857142857142855,0.0,0.0,0.0,0.0,0.0,0.0,0.0,0.0,0.0,0.0,0.0,0.0,0.5,0.5,0.0,0.5,0.5,0.0,0.5,0.5,0.0,0.0,0.0,0.0
353156,2024-06-20 15:10:00,Team Vitality,Team Liquid,1,11,13,-2.0,0.45454545454545453,0.46153846153846156,-0.006993006993007034,0.0,0.0,0.0,0.0,0.0,0.0,0.0,0.0,0.0,0.0,0.0,0.0,0.5,0.5,0.0,0.5,0.5,0.0,0.5,0.5,0.0,0.0,0.0,0.0
359606,2024-06-21 05:00:00,Dragon Ranger Gaming,Nova Esports,0,15,10,5.0,0.4666666666666667,0.3,0.16666666666666669,0.0,0.0,0.0,0.0,0.0,0.0,0.0,0.0,0.0,0.0,0.0,0.0,0.5,0.5,0.0,0.5,0.5,0.0,0.5,0.5,0.0,0.0,0.0,0.0
359607,2024-06-21 08:15:00,FunPlus Phoenix,Trace Esports,0,17,14,3.0,0.7058823529411765,0.6428571428571429,0.06302521008403361,0.0,0.0,0.0,0.0,0.0,0.0,0.0,0.0,0.0,0.0,0.0,0.0,0.5,0.5,0.0,0.5,0.5,0.0,0.5,0.5,0.0,0.0,0.0,0.0
353159,2024-06-21 12:00:00,BBL Esports,Karmine Corp,0,9,18,-9.0,0.4444444444444444,0.3888888888888889,0.055555555555555525,0.0,0.0,0.0,0.0,0.0,0.0,0.0,0.0,0.0,0.0,0.0,0.0,0.5,0.5,0.0,0.5,0.5,0.0,0.5,0.5,0.0,0.0,0.0,0.0
353158,2024-06-21 13:50:00,Natus Vincere,FUT Esports,0,12,21,-9.0,0.4166666666666667,0.5714285714285714,-0.1547619047619047,0.0,0.0,0.0,0.0,0.0,0.0,0.0,0.0,0.0,0.0,0.0,0.0,0.5,0.5,0.0,0.5,0.5,0.0,0.5,0.5,0.0,0.0,0.0,0.0
314346,2024-06-22 04:00:00,Talon Esports,Rex Regum Qeon,1,10,8,2.0,0.5,0.375,0.125,0.0,0.0,0.0,0.0,0.0,0.0,0.0,0.0,0.0,0.0,0.0,0.0,0.5,0.5,0.0,0.5,0.5,0.0,0.5,0.5,0.0,0.0,0.0,0.0
359608,2024-06-22 05:00:00,Titan Esports Club,All Gamers,0,11,9,2.0,0.2727272727272727,0.5555555555555556,-0.2828282828282829,0.0,0.0,0.0,0.0,0.0,0.0,0.0,0.0,0.0,0.0,0.0,0.0,0.5,0.5,0.0,0.5,0.5,0.0,0.5,0.5,0.0,0.0,0.0,0.0
359609,2024-06-22 07:00:00,EDward Gaming,Wolves Esports,0,23,10,13.0,0.5217391304347826,0.2,0.3217391304347826,0.0,0.0,0.0,0.0,0.0,0.0,0.0,0.0,0.0,0.0,0.0,0.0,0.5,0.5,0.0,0.5,0.5,0.0,0.5,0.5,0.0,0.0,0.0,0.0
314347,2024-06-22 07:50:00,Paper Rex,DRX,1,28,17,11.0,0.6428571428571429,0.6470588235294118,-0.004201680672268893,0.0,0.0,0.0,0.0,0.0,0.0,0.0,0.0,0.0,0.0,0.0,0.0,0.5,0.5,0.0,0.5,0.5,0.0,0.5,0.5,0.0,0.0,0.0,0.0
353177,2024-06-22 17:00:00,MIBR,LEVIATÁN,0,10,14,-4.0,0.1,0.7142857142857143,-0.6142857142857143,0.0,0.0,0.0,0.0,0.0,0.0,0.0,0.0,0.0,0.0,0.0,0.0,0.5,0.5,0.0,0.5,0.5,0.0,0.5,0.5,0.0,0.0,0.0,0.0
314348,2024-06-23 04:00:00,Global Esports,BLEED,1,10,9,1.0,0.3,0.1111111111111111,0.18888888888888888,0.0,0.0,0.0,0.0,0.0,0.0,0.0,0.0,0.0,0.0,0.0,0.0,0.5,0.5,0.0,0.5,0.5,0.0,0.5,0.5,0.0,0.0,0.0,0.0
359610,2024-06-23 05:00:00,TYLOO,Trace Esports,0,8,15,-7.0,0.375,0.6666666666666666,-0.29166666666666663,0.0,0.0,0.0,0.0,0.0,0.0,0.0,0.0,0.0,0.0,0.0,0.0,0.5,0.5,0.0,0.5,0.5,0.0,0.5,0.5,0.0,0.0,0.0,0.0
314349,2024-06-23 06:05:00,DetonatioN FocusMe,ZETA DIVISION,1,8,11,-3.0,0.125,0.36363636363636365,-0.23863636363636365,0.0,0.0,0.0,0.0,0.0,0.0,0.0,0.0,0.0,0.0,0.0,0.0,0.5,0.5,0.0,0.5,0.5,0.0,0.5,0.5,0.0,0.0,0.0,0.0
359611,2024-06-23 08:05:00,Nova Esports,Bilibili Gaming,0,11,12,-1.0,0.36363636363636365,0.5,-0.13636363636363635,0.0,0.0,0.0,0.0,0.0,0.0,0.0,0.0,0.0,0.0,0.0,0.0,0.5,0.5,0.0,0.5,0.5,0.0,0.5,0.5,0.0,0.0,0.0,0.0
353179,2024-06-23 17:00:00,FURIA,100 Thieves,1,7,15,-8.0,0.0,0.5333333333333333,-0.5333333333333333,0.0,0.0,0.0,0.0,0.0,0.0,0.0,0.0,0.0,0.0,0.0,0.0,0.5,0.5,0.0,0.5,0.5,0.0,0.5,0.5,0.0,0.0,0.0,0.0
353180,2024-06-23 19:45:00,LOUD,Evil Geniuses,0,18,13,5.0,0.5,0.46153846153846156,0.038461538461538436,0.0,0.0,0.0,0.0,0.0,0.0,0.0,0.0,0.0,0.0,0.0,0.0,0.5,0.5,0.0,0.5,0.5,0.0,0.5,0.5,0.0,0.0,0.0,0.0
314350,2024-06-24 04:00:00,DRX,Rex Regum Qeon,0,18,9,9.0,0.6111111111111112,0.3333333333333333,0.27777777777777785,0.0,0.0,0.0,0.0,0.0,0.0,0.0,0.0,0.0,0.0,0.0,0.0,0.5,0.5,0.0,0.5,0.5,0.0,0.5,0.5,0.0,0.0,0.0,0.0
314351,2024-06-24 06:20:00,Team Secret,T1,1,14,18,-4.0,0.6428571428571429,0.2777777777777778,0.3650793650793651,0.0,0.0,0.0,0.0,0.0,0.0,0.0,0.0,0.0,0.0,0.0,0.0,0.5,0.5,0.0,0.5,0.5,0.0,0.5,0.5,0.0,0.0,0.0,0.0
353181,2024-06-24 17:00:00,G2 Esports,Cloud9,1,22,10,12.0,0.7727272727272727,0.8,-0.027272727272727337,0.0,0.0,0.0,0.0,0.0,0.0,0.0,0.0,0.0,0.0,0.0,0.0,0.5,0.5,0.0,0.5,0.5,0.0,0.5,0.5,0.0,0.0,0.0,0.0
353202,2024-06-25 14:00:00,KOI,GIANTX,1,11,8,3.0,0.09090909090909091,0.25,-0.1590909090909091,0.0,0.0,0.0,0.0,0.0,0.0,0.0,0.0,0.0,0.0,0.0,0.0,0.5,0.5,0.0,0.5,0.5,0.0,0.5,0.5,0.0,0.0,0.0,0.0
359612,2024-06-26 07:00:00,JDG Esports,FunPlus Phoenix,0,9,18,-9.0,0.4444444444444444,0.6666666666666666,-0.2222222222222222,0.0,0.0,0.0,0.0,0.0,0.0,0.0,0.0,0.0,0.0,0.0,0.0,0.5,0.5,0.0,0.5,0.5,0.0,0.5,0.5,0.0,0.0,0.0,0.0
353161,2024-06-26 12:00:00,Team Heretics,FUT Esports,1,25,22,3.0,0.68,0.5909090909090909,0.08909090909090911,0.0,0.0,0.0,0.0,0.0,0.0,0.0,0.0,0.0,0.0,0.0,0.0,0.5,0.5,0.0,0.5,0.5,0.0,0.5,0.5,0.0,0.0,0.0,0.0
359613,2024-06-27 07:00:00,EDward Gaming,Dragon Ranger Gaming,0,24,16,8.0,0.5,0.4375,0.0625,0.0,0.0,0.0,0.0,0.0,0.0,0.0,0.0,0.0,0.0,0.0,0.0,0.5,0.5,0.0,0.5,0.5,0.0,0.5,0.5,0.0,0.0,0.0,0.0
353162,2024-06-27 12:00:00,BBL Esports,Team Liquid,1,10,14,-4.0,0.4,0.42857142857142855,-0.028571428571428525,0.0,0.0,0.0,0.0,0.0,0.0,0.0,0.0,0.0,0.0,0.0,0.0,0.5,0.5,0.0,0.5,0.5,0.0,0.5,0.5,0.0,0.0,0.0,0.0
353163,2024-06-27 14:00:00,Natus Vincere,GIANTX,0,13,9,4.0,0.38461538461538464,0.2222222222222222,0.16239316239316243,0.0,0.0,0.0,0.0,0.0,0.0,0.0,0.0,0.0,0.0,0.0,0.0,0.5,0.5,0.0,0.5,0.5,0.0,0.5,0.5,0.0,0.0,0.0,0.0
359614,2024-06-28 05:00:00,Nova Esports,Wolves Esports,1,12,11,1.0,0.3333333333333333,0.2727272727272727,0.06060606060606061,0.0,0.0,0.0,0.0,0.0,0.0,0.0,0.0,0.0,0.0,0.0,0.0,0.5,0.5,0.0,0.5,0.5,0.0,0.5,0.5,0.0,0.0,0.0,0.0
359615,2024-06-28 07:35:00,JDG Esports,Trace Esports,1,10,16,-6.0,0.4,0.6875,-0.2875,0.0,0.0,0.0,0.0,0.0,0.0,0.0,0.0,0.0,0.0,0.0,0.0,0.5,0.5,0.0,0.5,0.5,0.0,0.5,0.5,0.0,0.0,0.0,0.0
353164,2024-06-28 12:00:00,KOI,Gentle Mates,0,12,8,4.0,0.16666666666666666,0.5,-0.33333333333333337,0.0,0.0,0.0,0.0,0.0,0.0,0.0,0.0,0.0,0.0,0.0,0.0,0.5,0.5,0.0,0.5,0.5,0.0,0.5,0.5,0.0,0.0,0.0,0.0
314352,2024-06-29 04:00:00,Talon Esports,DetonatioN FocusMe,1,11,9,2.0,0.5454545454545454,0.2222222222222222,0.3232323232323232,0.0,0.0,0.0,0.0,0.0,0.0,0.0,0.0,0.0,0.0,0.0,0.0,0.5,0.5,0.0,0.5,0.5,0.0,0.5,0.5,0.0,0.0,0.0,0.0
359616,2024-06-29 05:00:00,Titan Esports Club,TYLOO,0,12,9,3.0,0.25,0.3333333333333333,-0.08333333333333331,0.0,0.0,0.0,0.0,0.0,0.0,0.0,0.0,0.0,0.0,0.0,0.0,0.5,0.5,0.0,0.5,0.5,0.0,0.5,0.5,0.0,0.0,0.0,0.0
314353,2024-06-29 06:10:00,ZETA DIVISION,Rex Regum Qeon,0,12,10,2.0,0.3333333333333333,0.4,-0.06666666666666671,0.0,0.0,0.0,0.0,0.0,0.0,0.0,0.0,0.0,0.0,0.0,0.0,0.5,0.5,0.0,0.5,0.5,0.0,0.5,0.5,0.0,0.0,0.0,0.0
359617,2024-06-29 08:30:00,All Gamers,FunPlus Phoenix,0,10,19,-9.0,0.6,0.6842105263157895,-0.08421052631578951,0.0,0.0,0.0,0.0,0.0,0.0,0.0,0.0,0.0,0.0,0.0,0.0,0.5,0.5,0.0,0.5,0.5,0.0,0.5,0.5,0.0,0.0,0.0,0.0
353182,2024-06-29 17:00:00,Evil Geniuses,FURIA,1,14,8,6.0,0.5,0.125,0.375,0.0,0.0,0.0,0.0,0.0,0.0,0.0,0.0,0.0,0.0,0.0,0.0,0.5,0.5,0.0,0.5,0.5,0.0,0.5,0.5,0.0,0.0,0.0,0.0
314354,2024-06-30 04:00:00,Global Esports,T1,0,11,19,-8.0,0.36363636363636365,0.2631578947368421,0.10047846889952156,0.0,0.0,0.0,0.0,0.0,0.0,0.0,0.0,0.0,0.0,0.0,0.0,0.5,0.5,0.0,0.5,0.5,0.0,0.5,0.5,0.0,0.0,0.0,0.0
359618,2024-06-30 05:00:00,Bilibili Gaming,Dragon Ranger Gaming,1,13,17,-4.0,0.5384615384615384,0.47058823529411764,0.0678733031674208,0.0,0.0,0.0,0.0,0.0,0.0,0.0,0.0,0.0,0.0,0.0,0.0,0.5,0.5,0.0,0.5,0.5,0.0,0.5,0.5,0.0,0.0,0.0,0.0
314355,2024-06-30 07:15:00,BLEED,Gen.G,0,10,29,-19.0,0.1,0.8275862068965517,-0.7275862068965517,0.0,0.0,0.0,0.0,0.0,0.0,0.0,0.0,0.0,0.0,0.0,0.0,0.5,0.5,0.0,0.5,0.5,0.0,0.5,0.5,0.0,0.0,0.0,0.0
359619,2024-06-30 07:20:00,EDward Gaming,Nova Esports,1,25,13,12.0,0.48,0.38461538461538464,0.09538461538461535,0.0,0.0,0.0,0.0,0.0,0.0,0.0,0.0,0.0,0.0,0.0,0.0,0.5,0.5,0.0,0.5,0.5,0.0,0.5,0.5,0.0,0.0,0.0,0.0
353184,2024-06-30 17:00:00,LOUD,MIBR,1,19,11,8.0,0.47368421052631576,0.09090909090909091,0.3827751196172249,0.0,0.0,0.0,0.0,0.0,0.0,0.0,0.0,0.0,0.0,0.0,0.0,0.5,0.5,0.0,0.5,0.5,0.0,0.5,0.5,0.0,0.0,0.0,0.0
353185,2024-06-30 20:20:00,LEVIATÁN,100 Thieves,1,15,16,-1.0,0.7333333333333333,0.5,0.23333333333333328,0.0,0.0,0.0,0.0,0.0,0.0,0.0,0.0,0.0,0.0,0.0,0.0,0.5,0.5,0.0,0.5,0.5,0.0,0.5,0.5,0.0,0.0,0.0,0.0
314356,2024-07-01 04:00:00,Paper Rex,DetonatioN FocusMe,1,29,10,19.0,0.6551724137931034,0.2,0.4551724137931034,0.0,0.0,0.0,0.0,0.0,0.0,0.0,0.0,0.0,0.0,0.0,0.0,0.5,0.5,0.0,0.5,0.5,0.0,0.5,0.5,0.0,0.0,0.0,0.0
314357,2024-07-01 06:00:00,DRX,Talon Esports,1,19,12,7.0,0.5789473684210527,0.5833333333333334,-0.004385964912280715,0.0,0.0,0.0,0.0,0.0,0.0,0.0,0.0,0.0,0.0,0.0,0.0,0.5,0.5,0.0,0.5,0.5,0.0,0.5,0.5,0.0,0.0,0.0,0.0
353187,2024-07-01 19:25:00,Sentinels,Cloud9,1,21,11,10.0,0.47619047619047616,0.7272727272727273,-0.25108225108225113,0.0,0.0,0.0,0.0,0.0,0.0,0.0,0.0,0.0,0.0,0.0,0.0,0.5,0.5,0.0,0.5,0.5,0.0,0.5,0.5,0.0,0.0,0.0,0.0
353188,2024-07-02 17:00:00,Evil Geniuses,LEVIATÁN,0,15,16,-1.0,0.5333333333333333,0.75,-0.21666666666666667,0.0,0.0,0.0,0.0,0.0,0.0,0.0,0.0,0.0,0.0,0.0,0.0,0.5,0.5,0.0,0.5,0.5,0.0,0.5,0.5,0.0,0.0,0.0,0.0
353189,2024-07-02 19:15:00,LOUD,FURIA,0,20,9,11.0,0.5,0.1111111111111111,0.3888888888888889,0.0,0.0,0.0,0.0,0.0,0.0,0.0,0.0,0.0,0.0,0.0,0.0,0.5,0.5,0.0,0.5,0.5,0.0,0.5,0.5,0.0,0.0,0.0,0.0
359621,2024-07-03 07:00:00,All Gamers,Trace Esports,0,11,17,-6.0,0.5454545454545454,0.6470588235294118,-0.10160427807486638,0.0,0.0,0.0,0.0,0.0,0.0,0.0,0.0,0.0,0.0,0.0,0.0,0.5,0.5,0.0,0.5,0.5,0.0,0.5,0.5,0.0,0.0,0.0,0.0
353166,2024-07-03 12:00:00,Team Heretics,GIANTX,1,26,10,16.0,0.6923076923076923,0.3,0.3923076923076923,0.0,0.0,0.0,0.0,0.0,0.0,0.0,0.0,0.0,0.0,0.0,0.0,0.5,0.5,0.0,0.5,0.5,0.0,0.5,0.5,0.0,0.0,0.0,0.0
353167,2024-07-03 15:25:00,FUT Esports,Gentle Mates,1,23,9,14.0,0.5652173913043478,0.5555555555555556,0.009661835748792202,0.0,0.0,0.0,0.0,0.0,0.0,0.0,0.0,0.0,0.0,0.0,0.0,0.5,0.5,0.0,0.5,0.5,0.0,0.5,0.5,0.0,0.0,0.0,0.0
353190,2024-07-03 17:00:00,MIBR,100 Thieves,0,12,17,-5.0,0.08333333333333333,0.47058823529411764,-0.3872549019607843,0.0,0.0,0.0,0.0,0.0,0.0,0.0,0.0,0.0,0.0,0.0,0.0,0.5,0.5,0.0,0.5,0.5,0.0,0.5,0.5,0.0,0.0,0.0,0.0
359622,2024-07-04 07:00:00,Titan Esports Club,FunPlus Phoenix,1,13,20,-7.0,0.23076923076923078,0.7,-0.4692307692307692,0.0,0.0,0.0,0.0,0.0,0.0,0.0,0.0,0.0,0.0,0.0,0.0,0.5,0.5,0.0,0.5,0.5,0.0,0.5,0.5,0.0,0.0,0.0,0.0
353168,2024-07-04 12:00:00,KOI,Natus Vincere,1,13,14,-1.0,0.15384615384615385,0.35714285714285715,-0.2032967032967033,0.0,0.0,0.0,0.0,0.0,0.0,0.0,0.0,0.0,0.0,0.0,0.0,0.5,0.5,0.0,0.5,0.5,0.0,0.5,0.5,0.0,0.0,0.0,0.0
353169,2024-07-04 14:05:00,Team Liquid,Karmine Corp,1,15,20,-5.0,0.4,0.4,0.0,0.0,0.0,0.0,0.0,0.0,0.0,0.0,0.0,0.0,0.0,0.0,0.0,0.5,0.5,0.0,0.5,0.5,0.0,0.5,0.5,0.0,0.0,0.0,0.0
314358,2024-07-05 04:00:00,Paper Rex,Rex Regum Qeon,1,30,11,19.0,0.6666666666666666,0.45454545454545453,0.2121212121212121,0.0,0.0,0.0,0.0,0.0,0.0,0.0,0.0,0.0,0.0,0.0,0.0,0.5,0.5,0.0,0.5,0.5,0.0,0.5,0.5,0.0,0.0,0.0,0.0
359623,2024-07-05 05:00:00,TYLOO,JDG Esports,0,10,11,-1.0,0.4,0.45454545454545453,-0.05454545454545451,0.0,0.0,0.0,0.0,0.0,0.0,0.0,0.0,0.0,0.0,0.0,0.0,0.5,0.5,0.0,0.5,0.5,0.0,0.5,0.5,0.0,0.0,0.0,0.0
314359,2024-07-05 07:00:00,Gen.G,Global Esports,1,30,12,18.0,0.8333333333333334,0.3333333333333333,0.5,0.0,0.0,0.0,0.0,0.0,0.0,0.0,0.0,0.0,0.0,0.0,0.0,0.5,0.5,0.0,0.5,0.5,0.0,0.5,0.5,0.0,0.0,0.0,0.0
359624,2024-07-05 07:00:00,Dragon Ranger Gaming,Wolves Esports,0,18,12,6.0,0.4444444444444444,0.25,0.19444444444444442,0.0,0.0,0.0,0.0,0.0,0.0,0.0,0.0,0.0,0.0,0.0,0.0,0.5,0.5,0.0,0.5,0.5,0.0,0.5,0.5,0.0,0.0,0.0,0.0
353170,2024-07-05 12:00:00,BBL Esports,Team Vitality,0,11,13,-2.0,0.45454545454545453,0.46153846153846156,-0.006993006993007034,0.0,0.0,0.0,0.0,0.0,0.0,0.0,0.0,0.0,0.0,0.0,0.0,0.5,0.5,0.0,0.5,0.5,0.0,0.5,0.5,0.0,0.0,0.0,0.0
353171,2024-07-05 15:00:00,Team Heretics,Gentle Mates,1,27,10,17.0,0.7037037037037037,0.5,0.20370370370370372,0.0,0.0,0.0,0.0,0.0,0.0,0.0,0.0,0.0,0.0,0.0,0.0,0.5,0.5,0.0,0.5,0.5,0.0,0.5,0.5,0.0,0.0,0.0,0.0
314360,2024-07-06 04:00:00,DRX,DetonatioN FocusMe,1,20,11,9.0,0.6,0.18181818181818182,0.41818181818181815,0.0,0.0,0.0,0.0,0.0,0.0,0.0,0.0,0.0,0.0,0.0,0.0,0.5,0.5,0.0,0.5,0.5,0.0,0.5,0.5,0.0,0.0,0.0,0.0
359625,2024-07-06 05:00:00,Trace Esports,Titan Esports Club,1,18,14,4.0,0.6666666666666666,0.2857142857142857,0.38095238095238093,0.0,0.0,0.0,0.0,0.0,0.0,0.0,0.0,0.0,0.0,0.0,0.0,0.5,0.5,0.0,0.5,0.5,0.0,0.5,0.5,0.0,0.0,0.0,0.0
314361,2024-07-06 06:45:00,ZETA DIVISION,Talon Esports,1,13,13,0.0,0.3076923076923077,0.5384615384615384,-0.23076923076923073,0.0,0.0,0.0,0.0,0.0,0.0,0.0,0.0,0.0,0.0,0.0,0.0,0.5,0.5,0.0,0.5,0.5,0.0,0.5,0.5,0.0,0.0,0.0,0.0
359626,2024-07-06 08:20:00,EDward Gaming,Bilibili Gaming,1,26,14,12.0,0.5,0.5714285714285714,-0.0714285714285714,0.0,0.0,0.0,0.0,0.0,0.0,0.0,0.0,0.0,0.0,0.0,0.0,0.5,0.5,0.0,0.5,0.5,0.0,0.5,0.5,0.0,0.0,0.0,0.0
353193,2024-07-06 20:35:00,LOUD,LEVIATÁN,0,21,17,4.0,0.47619047619047616,0.7647058823529411,-0.28851540616246496,0.0,0.0,0.0,0.0,0.0,0.0,0.0,0.0,0.0,0.0,0.0,0.0,0.5,0.5,0.0,0.5,0.5,0.0,0.5,0.5,0.0,0.0,0.0,0.0
314362,2024-07-07 04:00:00,Gen.G,Team Secret,0,31,15,16.0,0.8387096774193549,0.6666666666666666,0.17204301075268824,0.0,0.0,0.0,0.0,0.0,0.0,0.0,0.0,0.0,0.0,0.0,0.0,0.5,0.5,0.0,0.5,0.5,0.0,0.5,0.5,0.0,0.0,0.0,0.0
359627,2024-07-07 05:00:00,JDG Esports,All Gamers,1,12,12,0.0,0.5,0.5,0.0,0.0,0.0,0.0,0.0,0.0,0.0,0.0,0.0,0.0,0.0,0.0,0.0,0.5,0.5,0.0,0.5,0.5,0.0,0.5,0.5,0.0,0.0,0.0,0.0
314363,2024-07-07 07:00:00,Paper Rex,ZETA DIVISION,1,31,14,17.0,0.6774193548387096,0.35714285714285715,0.3202764976958525,0.0,0.0,0.0,0.0,0.0,0.0,0.0,0.0,0.0,0.0,0.0,0.0,0.5,0.5,0.0,0.5,0.5,0.0,0.5,0.5,0.0,0.0,0.0,0.0
359628,2024-07-07 07:00:00,TYLOO,FunPlus Phoenix,1,11,21,-10.0,0.36363636363636365,0.6666666666666666,-0.303030303030303,0.0,0.0,0.0,0.0,0.0,0.0,0.0,0.0,0.0,0.0,0.0,0.0,0.5,0.5,0.0,0.5,0.5,0.0,0.5,0.5,0.0,0.0,0.0,0.0
353194,2024-07-07 17:00:00,MIBR,FURIA,0,13,10,3.0,0.07692307692307693,0.2,-0.12307692307692308,0.0,0.0,0.0,0.0,0.0,0.0,0.0,0.0,0.0,0.0,0.0,0.0,0.5,0.5,0.0,0.5,0.5,0.0,0.5,0.5,0.0,0.0,0.0,0.0
314364,2024-07-08 04:00:00,T1,BLEED,1,20,11,9.0,0.3,0.09090909090909091,0.20909090909090908,0.0,0.0,0.0,0.0,0.0,0.0,0.0,0.0,0.0,0.0,0.0,0.0,0.5,0.5,0.0,0.5,0.5,0.0,0.5,0.5,0.0,0.0,0.0,0.0
353196,2024-07-08 17:00:00,Evil Geniuses,100 Thieves,0,16,18,-2.0,0.5,0.5,0.0,0.0,0.0,0.0,0.0,0.0,0.0,0.0,0.0,0.0,0.0,0.0,0.0,0.5,0.5,0.0,0.5,0.5,0.0,0.5,0.5,0.0,0.0,0.0,0.0
353172,2024-07-09 14:00:00,FUT Esports,GIANTX,1,24,11,13.0,0.5833333333333334,0.2727272727272727,0.31060606060606066,0.0,0.0,0.0,0.0,0.0,0.0,0.0,0.0,0.0,0.0,0.0,0.0,0.5,0.5,0.0,0.5,0.5,0.0,0.5,0.5,0.0,0.0,0.0,0.0
353173,2024-07-10 12:00:00,Team Heretics,KOI,1,28,14,14.0,0.7142857142857143,0.21428571428571427,0.5,0.0,0.0,0.0,0.0,0.0,0.0,0.0,0.0,0.0,0.0,0.0,0.0,0.5,0.5,0.0,0.5,0.5,0.0,0.5,0.5,0.0,0.0,0.0,0.0
353175,2024-07-11 12:00:00,Natus Vincere,Gentle Mates,1,15,11,4.0,0.3333333333333333,0.45454545454545453,-0.12121212121212122,0.0,0.0,0.0,0.0,0.0,0.0,0.0,0.0,0.0,0.0,0.0,0.0,0.5,0.5,0.0,0.5,0.5,0.0,0.5,0.5,0.0,0.0,0.0,0.0
353203,2024-07-11 15:10:00,Team Vitality,Karmine Corp,1,14,21,-7.0,0.5,0.38095238095238093,0.11904761904761907,0.0,0.0,0.0,0.0,0.0,0.0,0.0,0.0,0.0,0.0,0.0,0.0,0.5,0.5,0.0,0.5,0.5,0.0,0.5,0.5,0.0,0.0,0.0,0.0
365316,2024-07-12 04:00:00,Gen.G,Rex Regum Qeon,1,32,12,20.0,0.8125,0.4166666666666667,0.3958333333333333,0.0,0.0,0.0,0.0,0.0,0.0,0.0,0.0,0.0,0.0,0.0,0.0,0.5,0.5,0.0,0.5,0.5,0.0,0.5,0.5,0.0,0.0,0.0,0.0
365317,2024-07-12 06:15:00,Team Secret,Talon Esports,0,16,14,2.0,0.6875,0.5,0.1875,0.0,0.0,0.0,0.0,0.0,0.0,0.0,0.0,0.0,0.0,0.0,0.0,0.5,0.5,0.0,0.5,0.5,0.0,0.5,0.5,0.0,0.0,0.0,0.0
365318,2024-07-13 04:00:00,Paper Rex,Gen.G,0,32,33,-1.0,0.6875,0.8181818181818182,-0.13068181818181823,0.0,0.0,0.0,0.0,0.0,0.0,0.0,0.0,0.0,0.0,0.0,0.0,0.5,0.5,0.0,0.5,0.5,0.0,0.5,0.5,0.0,0.0,0.0,0.0
365319,2024-07-13 06:05:00,DRX,Talon Esports,1,21,15,6.0,0.6190476190476191,0.5333333333333333,0.08571428571428574,0.0,0.0,0.0,0.0,0.0,0.0,0.0,0.0,0.0,0.0,0.0,0.0,0.5,0.5,0.0,0.5,0.5,0.0,0.5,0.5,0.0,0.0,0.0,0.0
353198,2024-07-13 17:00:00,Evil Geniuses,MIBR,0,17,14,3.0,0.47058823529411764,0.07142857142857142,0.39915966386554624,0.0,0.0,0.0,0.0,0.0,0.0,0.0,0.0,0.0,0.0,0.0,0.0,0.5,0.5,0.0,0.5,0.5,0.0,0.5,0.5,0.0,0.0,0.0,0.0
353199,2024-07-13 19:10:00,LEVIATÁN,FURIA,1,18,11,7.0,0.7777777777777778,0.2727272727272727,0.5050505050505051,0.0,0.0,0.0,0.0,0.0,0.0,0.0,0.0,0.0,0.0,0.0,0.0,0.5,0.5,0.0,0.5,0.5,0.0,0.5,0.5,0.0,0.0,0.0,0.0
365320,2024-07-14 04:00:00,Gen.G,DRX,1,34,22,12.0,0.8235294117647058,0.6363636363636364,0.1871657754010695,0.0,0.0,0.0,0.0,0.0,0.0,0.0,0.0,0.0,0.0,0.0,0.0,0.5,0.5,0.0,0.5,0.5,0.0,0.5,0.5,0.0,0.0,0.0,0.0
365322,2024-07-14 07:15:00,Paper Rex,Talon Esports,1,33,16,17.0,0.6666666666666666,0.5,0.16666666666666663,0.0,0.0,0.0,0.0,0.0,0.0,0.0,0.0,0.0,0.0,0.0,0.0,0.5,0.5,0.0,0.5,0.5,0.0,0.5,0.5,0.0,0.0,0.0,0.0
353200,2024-07-14 17:00:00,LOUD,100 Thieves,1,22,19,3.0,0.45454545454545453,0.5263157894736842,-0.07177033492822965,0.0,0.0,0.0,0.0,0.0,0.0,0.0,0.0,0.0,0.0,0.0,0.0,0.5,0.5,0.0,0.5,0.5,0.0,0.5,0.5,0.0,0.0,0.0,0.0
353201,2024-07-14 20:00:00,Sentinels,G2 Esports,0,22,25,-3.0,0.5,0.8,-0.30000000000000004,0.0,0.0,0.0,0.0,0.0,0.0,0.0,0.0,0.0,0.0,0.0,0.0,0.5,0.5,0.0,0.5,0.5,0.0,0.5,0.5,0.0,0.0,0.0,0.0
371278,2024-07-15 12:00:00,Team Vitality,Natus Vincere,1,15,16,-1.0,0.5333333333333333,0.375,0.15833333333333333,0.0,0.0,0.0,0.0,0.0,0.0,0.0,0.0,0.0,0.0,0.0,0.0,0.5,0.5,0.0,0.5,0.5,0.0,0.5,0.5,0.0,0.0,0.0,0.0
370723,2024-07-16 04:00:00,Trace Esports,All Gamers,1,19,13,6.0,0.6842105263157895,0.46153846153846156,0.22267206477732793,0.0,0.0,0.0,0.0,0.0,0.0,0.0,0.0,0.0,0.0,0.0,0.0,0.5,0.5,0.0,0.5,0.5,0.0,0.5,0.5,0.0,0.0,0.0,0.0
370722,2024-07-16 06:25:00,JDG Esports,Bilibili Gaming,0,13,15,-2.0,0.5384615384615384,0.5333333333333333,0.00512820512820511,0.0,0.0,0.0,0.0,0.0,0.0,0.0,0.0,0.0,0.0,0.0,0.0,0.5,0.5,0.0,0.5,0.5,0.0,0.5,0.5,0.0,0.0,0.0,0.0
371280,2024-07-16 12:00:00,Team Heretics,Team Vitality,0,29,16,13.0,0.7241379310344828,0.5625,0.16163793103448276,0.0,0.0,0.0,0.0,0.0,0.0,0.0,0.0,0.0,0.0,0.0,0.0,0.5,0.5,0.0,0.5,0.5,0.0,0.5,0.5,0.0,0.0,0.0,0.0
370725,2024-07-17 04:00:00,FunPlus Phoenix,Trace Esports,0,22,20,2.0,0.6363636363636364,0.7,-0.0636363636363636,0.0,0.0,0.0,0.0,0.0,0.0,0.0,0.0,0.0,0.0,0.0,0.0,0.5,0.5,0.0,0.5,0.5,0.0,0.5,0.5,0.0,0.0,0.0,0.0
370724,2024-07-17 06:10:00,EDward Gaming,Bilibili Gaming,1,27,16,11.0,0.5185185185185185,0.5625,-0.04398148148148151,0.0,0.0,0.0,0.0,0.0,0.0,0.0,0.0,0.0,0.0,0.0,0.0,0.5,0.5,0.0,0.5,0.5,0.0,0.5,0.5,0.0,0.0,0.0,0.0
371284,2024-07-17 14:15:00,Team Heretics,FUT Esports,1,30,26,4.0,0.7,0.5769230769230769,0.12307692307692308,0.0,0.0,0.0,0.0,0.0,0.0,0.0,0.0,0.0,0.0,0.0,0.0,0.5,0.5,0.0,0.5,0.5,0.0,0.5,0.5,0.0,0.0,0.0,0.0
371267,2024-07-17 20:30:00,Sentinels,100 Thieves,0,23,20,3.0,0.4782608695652174,0.5,-0.021739130434782594,0.0,0.0,0.0,0.0,0.0,0.0,0.0,0.0,0.0,0.0,0.0,0.0,0.5,0.5,0.0,0.5,0.5,0.0,0.5,0.5,0.0,0.0,0.0,0.0
370726,2024-07-18 04:00:00,Trace Esports,EDward Gaming,0,21,28,-7.0,0.7142857142857143,0.5357142857142857,0.1785714285714286,0.0,0.0,0.0,0.0,0.0,0.0,0.0,0.0,0.0,0.0,0.0,0.0,0.5,0.5,0.0,0.5,0.5,0.0,0.5,0.5,0.0,0.0,0.0,0.0
370728,2024-07-18 05:50:00,FunPlus Phoenix,Bilibili Gaming,1,23,17,6.0,0.6086956521739131,0.5294117647058824,0.07928388746803072,0.0,0.0,0.0,0.0,0.0,0.0,0.0,0.0,0.0,0.0,0.0,0.0,0.5,0.5,0.0,0.5,0.5,0.0,0.5,0.5,0.0,0.0,0.0,0.0
371269,2024-07-18 18:55:00,G2 Esports,100 Thieves,1,26,21,5.0,0.8076923076923077,0.5238095238095238,0.2838827838827839,0.0,0.0,0.0,0.0,0.0,0.0,0.0,0.0,0.0,0.0,0.0,0.0,0.5,0.5,0.0,0.5,0.5,0.0,0.5,0.5,0.0,0.0,0.0,0.0
370729,2024-07-19 04:00:00,Trace Esports,FunPlus Phoenix,0,22,24,-2.0,0.6818181818181818,0.625,0.05681818181818177,0.0,0.0,0.0,0.0,0.0,0.0,0.0,0.0,0.0,0.0,0.0,0.0,0.5,0.5,0.0,0.5,0.5,0.0,0.5,0.5,0.0,0.0,0.0,0.0
371285,2024-07-19 12:00:00,Team Vitality,Team Heretics,1,18,31,-13.0,0.5555555555555556,0.7096774193548387,-0.15412186379928317,0.0,0.0,0.0,0.0,0.0,0.0,0.0,0.0,0.0,0.0,0.0,0.0,0.5,0.5,0.0,0.5,0.5,0.0,0.5,0.5,0.0,0.0,0.0,0.0
371270,2024-07-19 17:00:00,LEVIATÁN,G2 Esports,0,20,27,-7.0,0.8,0.8148148148148148,-0.014814814814814725,0.0,0.0,0.0,0.0,0.0,0.0,0.0,0.0,0.0,0.0,0.0,0.0,0.5,0.5,0.0,0.5,0.5,0.0,0.5,0.5,0.0,0.0,0.0,0.0
365323,2024-07-20 04:00:00,DRX,Paper Rex,1,23,34,-11.0,0.6086956521739131,0.6764705882352942,-0.06777493606138107,0.0,0.0,0.0,0.0,0.0,0.0,0.0,0.0,0.0,0.0,0.0,0.0,0.5,0.5,0.0,0.5,0.5,0.0,0.5,0.5,0.0,0.0,0.0,0.0
370727,2024-07-20 04:30:00,EDward Gaming,FunPlus Phoenix,1,29,25,4.0,0.5517241379310345,0.64,-0.08827586206896554,0.0,0.0,0.0,0.0,0.0,0.0,0.0,0.0,0.0,0.0,0.0,0.0,0.5,0.5,0.0,0.5,0.5,0.0,0.5,0.5,0.0,0.0,0.0,0.0
365321,2024-07-21 04:00:00,Gen.G,DRX,1,35,24,11.0,0.8285714285714286,0.625,0.20357142857142863,0.0,0.0,0.0,0.0,0.0,0.0,0.0,0.0,0.0,0.0,0.0,0.0,0.5,0.5,0.0,0.5,0.5,0.0,0.5,0.5,0.0,0.0,0.0,0.0
371271,2024-07-21 17:00:00,G2 Esports,LEVIATÁN,0,28,22,6.0,0.8214285714285714,0.7727272727272727,0.04870129870129869,0.0,0.0,0.0,0.0,0.0,0.0,0.0,0.0,0.0,0.0,0.0,0.0,0.5,0.5,0.0,0.5,0.5,0.0,0.5,0.5,0.0,0.0,0.0,0.0
378662,2024-08-01 04:00:00,Gen.G,Sentinels,1,36,24,12.0,0.8333333333333334,0.4583333333333333,0.37500000000000006,0.0,0.0,0.0,0.0,0.0,0.0,0.0,0.0,0.0,0.0,0.0,0.0,0.5,0.5,0.0,0.5,0.5,0.0,0.5,0.5,0.0,0.0,0.0,0.0
378663,2024-08-01 06:25:00,FunPlus Phoenix,Team Heretics,0,26,32,-6.0,0.6153846153846154,0.6875,-0.07211538461538458,0.0,0.0,0.0,0.0,0.0,0.0,0.0,0.0,0.0,0.0,0.0,0.0,0.5,0.5,0.0,0.5,0.5,0.0,0.5,0.5,0.0,0.0,0.0,0.0
378667,2024-08-03 04:00:00,LEVIATÁN,Talon Esports,1,23,17,6.0,0.782608695652174,0.47058823529411764,0.3120204603580563,0.0,0.0,0.0,0.0,0.0,0.0,0.0,0.0,0.0,0.0,0.0,0.0,0.5,0.5,0.0,0.5,0.5,0.0,0.5,0.5,0.0,0.0,0.0,0.0
378669,2024-08-03 06:30:00,Team Vitality,Trace Esports,0,20,23,-3.0,0.55,0.6521739130434783,-0.10217391304347823,0.0,0.0,0.0,0.0,0.0,0.0,0.0,0.0,0.0,0.0,0.0,0.0,0.5,0.5,0.0,0.5,0.5,0.0,0.5,0.5,0.0,0.0,0.0,0.0
378674,2024-08-04 04:00:00,G2 Esports,Paper Rex,1,29,35,-6.0,0.7931034482758621,0.6571428571428571,0.13596059113300496,0.0,0.0,0.0,0.0,0.0,0.0,0.0,0.0,0.0,0.0,0.0,0.0,0.5,0.5,0.0,0.5,0.5,0.0,0.5,0.5,0.0,0.0,0.0,0.0
378673,2024-08-04 06:15:00,EDward Gaming,FUT Esports,1,30,27,3.0,0.5666666666666667,0.5555555555555556,0.011111111111111072,0.0,0.0,0.0,0.0,0.0,0.0,0.0,0.0,0.0,0.0,0.0,0.0,0.5,0.5,0.0,0.5,0.5,0.0,0.5,0.5,0.0,0.0,0.0,0.0
378664,2024-08-06 04:00:00,Gen.G,Team Heretics,0,37,33,4.0,0.8378378378378378,0.696969696969697,0.1408681408681408,0.0,0.0,0.0,0.0,0.0,0.0,0.0,0.0,0.0,0.0,0.0,0.0,0.5,0.5,0.0,0.5,0.5,0.0,0.5,0.5,0.0,0.0,0.0,0.0
378670,2024-08-07 04:00:00,LEVIATÁN,Trace Esports,0,24,24,0.0,0.7916666666666666,0.6666666666666666,0.125,0.0,0.0,0.0,0.0,0.0,0.0,0.0,0.0,0.0,0.0,0.0,0.0,0.5,0.5,0.0,0.5,0.5,0.0,0.5,0.5,0.0,0.0,0.0,0.0
378675,2024-08-07 07:15:00,EDward Gaming,G2 Esports,0,31,30,1.0,0.5806451612903226,0.8,-0.21935483870967742,0.0,0.0,0.0,0.0,0.0,0.0,0.0,0.0,0.0,0.0,0.0,0.0,0.5,0.5,0.0,0.5,0.5,0.0,0.5,0.5,0.0,0.0,0.0,0.0
378665,2024-08-08 04:00:00,Sentinels,FunPlus Phoenix,1,25,27,-2.0,0.44,0.5925925925925926,-0.15259259259259256,0.0,0.0,0.0,0.0,0.0,0.0,0.0,0.0,0.0,0.0,0.0,0.0,0.5,0.5,0.0,0.5,0.5,0.0,0.5,0.5,0.0,0.0,0.0,0.0
378671,2024-08-09 04:00:00,Talon Esports,Team Vitality,0,18,21,-3.0,0.4444444444444444,0.5238095238095238,-0.07936507936507942,0.0,0.0,0.0,0.0,0.0,0.0,0.0,0.0,0.0,0.0,0.0,0.0,0.5,0.5,0.0,0.5,0.5,0.0,0.5,0.5,0.0,0.0,0.0,0.0
378676,2024-08-09 06:25:00,FUT Esports,Paper Rex,0,28,36,-8.0,0.5357142857142857,0.6388888888888888,-0.10317460317460314,0.0,0.0,0.0,0.0,0.0,0.0,0.0,0.0,0.0,0.0,0.0,0.0,0.5,0.5,0.0,0.5,0.5,0.0,0.5,0.5,0.0,0.0,0.0,0.0
378666,2024-08-10 04:00:00,Gen.G,Sentinels,1,38,26,12.0,0.8157894736842105,0.46153846153846156,0.35425101214574894,0.0,0.0,0.0,0.0,0.0,0.0,0.0,0.0,0.0,0.0,0.0,0.0,0.5,0.5,0.0,0.5,0.5,0.0,0.5,0.5,0.0,0.0,0.0,0.0
378672,2024-08-11 04:00:00,LEVIATÁN,Team Vitality,1,25,22,3.0,0.76,0.5454545454545454,0.2145454545454546,0.0,0.0,0.0,0.0,0.0,0.0,0.0,0.0,0.0,0.0,0.0,0.0,0.5,0.5,0.0,0.5,0.5,0.0,0.5,0.5,0.0,0.0,0.0,0.0
378677,2024-08-11 06:15:00,EDward Gaming,Paper Rex,1,32,37,-5.0,0.5625,0.6486486486486487,-0.08614864864864868,0.0,0.0,0.0,0.0,0.0,0.0,0.0,0.0,0.0,0.0,0.0,0.0,0.5,0.5,0.0,0.5,0.5,0.0,0.5,0.5,0.0,0.0,0.0,0.0
378822,2024-08-14 04:00:00,DRX,Sentinels,0,27,27,0.0,0.6296296296296297,0.4444444444444444,0.18518518518518523,0.0,0.0,0.0,0.0,0.0,0.0,0.0,0.0,0.0,0.0,0.0,0.0,0.5,0.5,0.0,0.5,0.5,0.0,0.5,0.5,0.0,0.0,0.0,0.0
378823,2024-08-14 06:25:00,Trace Esports,EDward Gaming,0,25,33,-8.0,0.68,0.5757575757575758,0.10424242424242425,0.0,0.0,0.0,0.0,0.0,0.0,0.0,0.0,0.0,0.0,0.0,0.0,0.5,0.5,0.0,0.5,0.5,0.0,0.5,0.5,0.0,0.0,0.0,0.0
378824,2024-08-15 04:00:00,G2 Esports,LEVIATÁN,0,31,26,5.0,0.8064516129032258,0.7692307692307693,0.03722084367245648,0.0,0.0,0.0,0.0,0.0,0.0,0.0,0.0,0.0,0.0,0.0,0.0,0.5,0.5,0.0,0.5,0.5,0.0,0.5,0.5,0.0,0.0,0.0,0.0
378831,2024-08-16 04:00:00,DRX,Trace Esports,1,28,26,2.0,0.6071428571428571,0.6538461538461539,-0.04670329670329676,0.0,0.0,0.0,0.0,0.0,0.0,0.0,0.0,0.0,0.0,0.0,0.0,0.5,0.5,0.0,0.5,0.5,0.0,0.5,0.5,0.0,0.0,0.0,0.0
378826,2024-08-17 04:00:00,Sentinels,EDward Gaming,0,28,34,-6.0,0.4642857142857143,0.5882352941176471,-0.12394957983193278,0.0,0.0,0.0,0.0,0.0,0.0,0.0,0.0,0.0,0.0,0.0,0.0,0.5,0.5,0.0,0.5,0.5,0.0,0.5,0.5,0.0,0.0,0.0,0.0
378827,2024-08-17 07:15:00,LEVIATÁN,Team Heretics,1,27,35,-8.0,0.7777777777777778,0.7142857142857143,0.06349206349206349,0.0,0.0,0.0,0.0,0.0,0.0,0.0,0.0,0.0,0.0,0.0,0.0,0.5,0.5,0.0,0.5,0.5,0.0,0.5,0.5,0.0,0.0,0.0,0.0
378833,2024-08-18 07:25:00,Team Heretics,DRX,1,36,29,7.0,0.6944444444444444,0.6206896551724138,0.07375478927203061,0.0,0.0,0.0,0.0,0.0,0.0,0.0,0.0,0.0,0.0,0.0,0.0,0.5,0.5,0.0,0.5,0.5,0.0,0.5,0.5,0.0,0.0,0.0,0.0
378828,2024-08-23 03:00:00,EDward Gaming,LEVIATÁN,1,35,28,7.0,0.6,0.7857142857142857,-0.18571428571428572,0.0,0.0,0.0,0.0,0.0,0.0,0.0,0.0,0.0,0.0,0.0,0.0,0.5,0.5,0.0,0.5,0.5,0.0,0.5,0.5,0.0,0.0,0.0,0.0
378835,2024-08-23 06:45:00,Team Heretics,Sentinels,1,37,30,7.0,0.7027027027027027,0.4666666666666667,0.23603603603603607,0.0,0.0,0.0,0.0,0.0,0.0,0.0,0.0,0.0,0.0,0.0,0.0,0.5,0.5,0.0,0.5,0.5,0.0,0.5,0.5,0.0,0.0,0.0,0.0
378836,2024-08-24 03:00:00,LEVIATÁN,Team Heretics,1,29,38,-9.0,0.7586206896551724,0.7105263157894737,0.0480943738656987,0.0,0.0,0.0,0.0,0.0,0.0,0.0,0.0,0.0,0.0,0.0,0.0,0.5,0.5,0.0,0.5,0.5,0.0,0.5,0.5,0.0,0.0,0.0,0.0
378829,2024-08-25 03:00:00,EDward Gaming,Team Heretics,1,36,39,-3.0,0.6111111111111112,0.6923076923076923,-0.08119658119658113,0.0,0.0,0.0,0.0,0.0,0.0,0.0,0.0,0.0,0.0,0.0,0.0,0.5,0.5,0.0,0.5,0.5,0.0,0.5,0.5,0.0,0.0,0.0,0.0
430838,2025-01-11 04:00:00,TYLOO,Titan Esports Club,1,12,15,-3.0,0.4166666666666667,0.26666666666666666,0.15000000000000002,0.0,0.0,0.0,0.0,0.0,0.0,0.0,0.0,0.0,0.0,0.0,0.0,0.5,0.5,0.0,0.5,0.5,0.0,0.5,0.5,0.0,0.0,0.0,0.0
430837,2025-01-11 06:35:00,Xi Lai Gaming,Wolves Esports,1,0,13,-13.0,0.5,0.3076923076923077,0.1923076923076923,0.0,0.0,0.0,0.0,0.0,0.0,0.0,0.0,0.0,0.0,0.0,0.0,0.0,0.5,-0.5,0.0,0.5,-0.5,0.0,0.5,-0.5,0.0,0.0,0.0
430839,2025-01-12 04:00:00,JDG Esports,Dragon Ranger Gaming,0,14,19,-5.0,0.5,0.42105263157894735,0.07894736842105265,0.0,0.0,0.0,0.0,0.0,0.0,0.0,0.0,0.0,0.0,0.0,0.0,0.5,0.5,0.0,0.5,0.5,0.0,0.5,0.5,0.0,0.0,0.0,0.0
430840,2025-01-12 07:25:00,All Gamers,Nova Esports,0,14,14,0.0,0.42857142857142855,0.35714285714285715,0.0714285714285714,0.0,0.0,0.0,0.0,0.0,0.0,0.0,0.0,0.0,0.0,0.0,0.0,0.5,0.5,0.0,0.5,0.5,0.0,0.5,0.5,0.0,0.0,0.0,0.0
429381,2025-01-15 12:00:00,BBL Esports,GIANTX,0,12,12,0.0,0.4166666666666667,0.25,0.16666666666666669,0.0,0.0,0.0,0.0,0.0,0.0,0.0,0.0,0.0,0.0,0.0,0.0,0.5,0.5,0.0,0.5,0.5,0.0,0.5,0.5,0.0,0.0,0.0,0.0
429380,2025-01-15 15:30:00,Karmine Corp,Natus Vincere,1,23,17,6.0,0.34782608695652173,0.35294117647058826,-0.005115089514066529,0.0,0.0,0.0,0.0,0.0,0.0,0.0,0.0,0.0,0.0,0.0,0.0,0.5,0.5,0.0,0.5,0.5,0.0,0.5,0.5,0.0,0.0,0.0,0.0
430842,2025-01-16 04:00:00,FunPlus Phoenix,Titan Esports Club,1,28,16,12.0,0.5714285714285714,0.25,0.3214285714285714,0.0,0.0,0.0,0.0,0.0,0.0,0.0,0.0,0.0,0.0,0.0,0.0,0.5,0.5,0.0,0.5,0.5,0.0,0.5,0.5,0.0,0.0,0.0,0.0
430841,2025-01-16 07:20:00,Bilibili Gaming,Xi Lai Gaming,1,20,1,19.0,0.45,1.0,-0.55,0.0,0.0,0.0,0.0,0.0,0.0,0.0,0.0,0.0,0.0,0.0,0.0,0.5,0.5,0.0,0.5,0.5,0.0,0.5,0.5,0.0,0.0,0.0,0.0
429379,2025-01-16 12:00:00,Team Liquid,KOI,1,17,15,2.0,0.4117647058823529,0.2,0.2117647058823529,0.0,0.0,0.0,0.0,0.0,0.0,0.0,0.0,0.0,0.0,0.0,0.0,0.5,0.5,0.0,0.5,0.5,0.0,0.5,0.5,0.0,0.0,0.0,0.0
429382,2025-01-16 15:10:00,Apeks,Gentle Mates,0,0,12,-12.0,0.5,0.4166666666666667,0.08333333333333331,0.0,0.0,0.0,0.0,0.0,0.0,0.0,0.0,0.0,0.0,0.0,0.0,0.0,0.5,-0.5,0.0,0.5,-0.5,0.0,0.5,-0.5,0.0,0.0,0.0
427991,2025-01-16 17:00:00,Evil Geniuses,LOUD,1,18,23,-5.0,0.4444444444444444,0.4782608695652174,-0.033816425120772986,0.0,0.0,0.0,0.0,0.0,0.0,0.0,0.0,0.0,0.0,0.0,0.0,0.5,0.5,0.0,0.5,0.5,0.0,0.5,0.5,0.0,0.0,0.0,0.0
427992,2025-01-16 19:45:00,MIBR,100 Thieves,1,15,23,-8.0,0.13333333333333333,0.4782608695652174,-0.3449275362318841,0.0,0.0,0.0,0.0,0.0,0.0,0.0,0.0,0.0,0.0,0.0,0.0,0.5,0.5,0.0,0.5,0.5,0.0,0.5,0.5,0.0,0.0,0.0,0.0
430843,2025-01-17 04:00:00,Trace Esports,Dragon Ranger Gaming,1,27,20,7.0,0.6296296296296297,0.45,0.17962962962962964,0.0,0.0,0.0,0.0,0.0,0.0,0.0,0.0,0.0,0.0,0.0,0.0,0.5,0.5,0.0,0.5,0.5,0.0,0.5,0.5,0.0,0.0,0.0,0.0
430844,2025-01-17 06:10:00,EDward Gaming,Nova Esports,1,37,15,22.0,0.6216216216216216,0.4,0.22162162162162158,0.0,0.0,0.0,0.0,0.0,0.0,0.0,0.0,0.0,0.0,0.0,0.0,0.5,0.5,0.0,0.5,0.5,0.0,0.5,0.5,0.0,0.0,0.0,0.0
429384,2025-01-17 16:00:00,Team Vitality,Karmine Corp,1,23,24,-1.0,0.5217391304347826,0.375,0.1467391304347826,0.0,0.0,0.0,0.0,0.0,0.0,0.0,0.0,0.0,0.0,0.0,0.0,0.5,0.5,0.0,0.5,0.5,0.0,0.5,0.5,0.0,0.0,0.0,0.0
427994,2025-01-17 17:00:00,2Game Esports,FURIA,1,0,12,-12.0,0.5,0.25,0.25,0.0,0.0,0.0,0.0,0.0,0.0,0.0,0.0,0.0,0.0,0.0,0.0,0.0,0.5,-0.5,0.0,0.5,-0.5,0.0,0.5,-0.5,0.0,0.0,0.0
427993,2025-01-17 19:05:00,NRG,Cloud9,1,19,15,4.0,0.47368421052631576,0.6,-0.12631578947368421,0.0,0.0,0.0,0.0,0.0,0.0,0.0,0.0,0.0,0.0,0.0,0.0,0.5,0.5,0.0,0.5,0.5,0.0,0.5,0.5,0.0,0.0,0.0,0.0
430514,2025-01-18 03:00:00,BOOM Esports,T1,0,0,21,-21.0,0.5,0.3333333333333333,0.16666666666666669,0.0,0.0,0.0,0.0,0.0,0.0,0.0,0.0,0.0,0.0,0.0,0.0,0.0,0.5,-0.5,0.0,0.5,-0.5,0.0,0.5,-0.5,0.0,0.0,0.0
430851,2025-01-18 04:00:00,Titan Esports Club,JDG Esports,0,17,15,2.0,0.23529411764705882,0.4666666666666667,-0.23137254901960785,0.0,0.0,0.0,0.0,0.0,0.0,0.0,0.0,0.0,0.0,0.0,0.0,0.5,0.5,0.0,0.5,0.5,0.0,0.5,0.5,0.0,0.0,0.0,0.0
430515,2025-01-18 06:15:00,ZETA DIVISION,Nongshim RedForce,0,15,0,15.0,0.3333333333333333,0.5,-0.16666666666666669,0.0,0.0,0.0,0.0,0.0,0.0,0.0,0.0,0.0,0.0,0.0,0.0,0.5,0.0,0.5,0.5,0.0,0.5,0.5,0.0,0.5,0.0,0.0,0.0
430853,2025-01-18 06:20:00,Xi Lai Gaming,All Gamers,1,2,15,-13.0,0.5,0.4,0.09999999999999998,0.0,0.0,0.0,0.0,0.0,0.0,0.0,0.0,0.0,0.0,0.0,0.0,0.5,0.5,0.0,0.5,0.5,0.0,0.5,0.5,0.0,0.0,0.0,0.0
427996,2025-01-18 19:25:00,Sentinels,100 Thieves,1,31,24,7.0,0.45161290322580644,0.4583333333333333,-0.006720430107526876,0.0,0.0,0.0,0.0,0.0,0.0,0.0,0.0,0.0,0.0,0.0,0.0,0.5,0.5,0.0,0.5,0.5,0.0,0.5,0.5,0.0,0.0,0.0,0.0
430516,2025-01-19 03:00:00,Global Esports,Team Secret,0,13,17,-4.0,0.3076923076923077,0.6470588235294118,-0.3393665158371041,0.0,0.0,0.0,0.0,0.0,0.0,0.0,0.0,0.0,0.0,0.0,0.0,0.5,0.5,0.0,0.5,0.5,0.0,0.5,0.5,0.0,0.0,0.0,0.0
430850,2025-01-19 04:00:00,Dragon Ranger Gaming,TYLOO,0,21,13,8.0,0.42857142857142855,0.46153846153846156,-0.032967032967033016,0.0,0.0,0.0,0.0,0.0,0.0,0.0,0.0,0.0,0.0,0.0,0.0,0.5,0.5,0.0,0.5,0.5,0.0,0.5,0.5,0.0,0.0,0.0,0.0
430517,2025-01-19 06:00:00,DetonatioN FocusMe,Rex Regum Qeon,0,12,13,-1.0,0.16666666666666666,0.38461538461538464,-0.21794871794871798,0.0,0.0,0.0,0.0,0.0,0.0,0.0,0.0,0.0,0.0,0.0,0.0,0.5,0.5,0.0,0.5,0.5,0.0,0.5,0.5,0.0,0.0,0.0,0.0
430849,2025-01-19 06:15:00,Nova Esports,Wolves Esports,1,16,14,2.0,0.375,0.2857142857142857,0.0892857142857143,0.0,0.0,0.0,0.0,0.0,0.0,0.0,0.0,0.0,0.0,0.0,0.0,0.5,0.5,0.0,0.5,0.5,0.0,0.5,0.5,0.0,0.0,0.0,0.0
427998,2025-01-19 17:00:00,LEVIATÁN,FURIA,1,30,13,17.0,0.7666666666666667,0.23076923076923078,0.535897435897436,0.0,0.0,0.0,0.0,0.0,0.0,0.0,0.0,0.0,0.0,0.0,0.0,0.5,0.5,0.0,0.5,0.5,0.0,0.5,0.5,0.0,0.0,0.0,0.0
427997,2025-01-19 19:20:00,G2 Esports,Cloud9,1,33,16,17.0,0.7575757575757576,0.5625,0.19507575757575757,0.0,0.0,0.0,0.0,0.0,0.0,0.0,0.0,0.0,0.0,0.0,0.0,0.5,0.5,0.0,0.5,0.5,0.0,0.5,0.5,0.0,0.0,0.0,0.0
430521,2025-01-20 03:00:00,DRX,Nongshim RedForce,1,30,1,29.0,0.6,1.0,-0.4,0.0,0.0,0.0,0.0,0.0,0.0,0.0,0.0,0.0,0.0,0.0,0.0,0.5,0.5,0.0,0.5,0.5,0.0,0.5,0.5,0.0,0.0,0.0,0.0
430845,2025-01-20 04:00:00,Bilibili Gaming,FunPlus Phoenix,1,21,29,-8.0,0.47619047619047616,0.5862068965517241,-0.11001642036124792,0.0,0.0,0.0,0.0,0.0,0.0,0.0,0.0,0.0,0.0,0.0,0.0,0.5,0.5,0.0,0.5,0.5,0.0,0.5,0.5,0.0,0.0,0.0,0.0
430518,2025-01-20 06:15:00,Paper Rex,T1,1,38,22,16.0,0.631578947368421,0.36363636363636365,0.26794258373205737,0.0,0.0,0.0,0.0,0.0,0.0,0.0,0.0,0.0,0.0,0.0,0.0,0.5,0.5,0.0,0.5,0.5,0.0,0.5,0.5,0.0,0.0,0.0,0.0
430846,2025-01-20 06:25:00,Trace Esports,EDward Gaming,1,28,38,-10.0,0.6428571428571429,0.631578947368421,0.011278195488721887,0.0,0.0,0.0,0.0,0.0,0.0,0.0,0.0,0.0,0.0,0.0,0.0,0.5,0.5,0.0,0.5,0.5,0.0,0.5,0.5,0.0,0.0,0.0,0.0
430854,2025-01-21 04:00:00,Nova Esports,Dragon Ranger Gaming,0,17,22,-5.0,0.4117647058823529,0.4090909090909091,0.0026737967914438054,0.0,0.0,0.0,0.0,0.0,0.0,0.0,0.0,0.0,0.0,0.0,0.0,0.5,0.5,0.0,0.5,0.5,0.0,0.5,0.5,0.0,0.0,0.0,0.0
430855,2025-01-21 06:15:00,JDG Esports,Xi Lai Gaming,0,16,3,13.0,0.5,0.6666666666666666,-0.16666666666666663,0.0,0.0,0.0,0.0,0.0,0.0,0.0,0.0,0.0,0.0,0.0,0.0,0.5,0.5,0.0,0.5,0.5,0.0,0.5,0.5,0.0,0.0,0.0,0.0
430856,2025-01-22 04:00:00,FunPlus Phoenix,Dragon Ranger Gaming,1,30,23,7.0,0.5666666666666667,0.43478260869565216,0.1318840579710145,0.0,0.0,0.0,0.0,0.0,0.0,0.0,0.0,0.0,0.0,0.0,0.0,0.5,0.5,0.0,0.5,0.5,0.0,0.5,0.5,0.0,0.0,0.0,0.0
430857,2025-01-22 07:05:00,EDward Gaming,Xi Lai Gaming,1,39,4,35.0,0.6153846153846154,0.75,-0.13461538461538458,0.0,0.0,0.0,0.0,0.0,0.0,0.0,0.0,0.0,0.0,0.0,0.0,0.5,0.5,0.0,0.5,0.5,0.0,0.5,0.5,0.0,0.0,0.0,0.0
429383,2025-01-22 12:00:00,FUT Esports,Team Liquid,1,29,18,11.0,0.5172413793103449,0.4444444444444444,0.07279693486590044,0.0,0.0,0.0,0.0,0.0,0.0,0.0,0.0,0.0,0.0,0.0,0.0,0.5,0.5,0.0,0.5,0.5,0.0,0.5,0.5,0.0,0.0,0.0,0.0
429386,2025-01-22 14:10:00,Team Heretics,Gentle Mates,1,40,13,27.0,0.675,0.46153846153846156,0.21346153846153848,0.0,0.0,0.0,0.0,0.0,0.0,0.0,0.0,0.0,0.0,0.0,0.0,0.5,0.5,0.0,0.5,0.5,0.0,0.5,0.5,0.0,0.0,0.0,0.0
430847,2025-01-23 04:00:00,Bilibili Gaming,Trace Esports,0,22,29,-7.0,0.5,0.6551724137931034,-0.15517241379310343,0.0,0.0,0.0,0.0,0.0,0.0,0.0,0.0,0.0,0.0,0.0,0.0,0.5,0.5,0.0,0.5,0.5,0.0,0.5,0.5,0.0,0.0,0.0,0.0
430858,2025-01-23 07:15:00,Dragon Ranger Gaming,EDward Gaming,0,24,40,-16.0,0.4166666666666667,0.625,-0.20833333333333331,0.0,0.0,0.0,0.0,0.0,0.0,0.0,0.0,0.0,0.0,0.0,0.0,0.5,0.5,0.0,0.5,0.5,0.0,0.5,0.5,0.0,0.0,0.0,0.0
429393,2025-01-23 12:00:00,Karmine Corp,GIANTX,0,25,13,12.0,0.36,0.3076923076923077,0.05230769230769228,0.0,0.0,0.0,0.0,0.0,0.0,0.0,0.0,0.0,0.0,0.0,0.0,0.5,0.5,0.0,0.5,0.5,0.0,0.5,0.5,0.0,0.0,0.0,0.0
428003,2025-01-23 17:00:00,FURIA,Evil Geniuses,0,14,19,-5.0,0.21428571428571427,0.47368421052631576,-0.2593984962406015,0.0,0.0,0.0,0.0,0.0,0.0,0.0,0.0,0.0,0.0,0.0,0.0,0.5,0.5,0.0,0.5,0.5,0.0,0.5,0.5,0.0,0.0,0.0,0.0
428004,2025-01-23 19:20:00,Cloud9,MIBR,0,17,16,1.0,0.5294117647058824,0.1875,0.34191176470588236,0.0,0.0,0.0,0.0,0.0,0.0,0.0,0.0,0.0,0.0,0.0,0.0,0.5,0.5,0.0,0.5,0.5,0.0,0.5,0.5,0.0,0.0,0.0,0.0
430860,2025-01-24 04:00:00,Bilibili Gaming,EDward Gaming,1,23,41,-18.0,0.4782608695652174,0.6341463414634146,-0.15588547189819724,0.0,0.0,0.0,0.0,0.0,0.0,0.0,0.0,0.0,0.0,0.0,0.0,0.5,0.5,0.0,0.5,0.5,0.0,0.5,0.5,0.0,0.0,0.0,0.0
429394,2025-01-24 12:00:00,Team Liquid,Apeks,1,19,1,18.0,0.42105263157894735,0.0,0.42105263157894735,0.0,0.0,0.0,0.0,0.0,0.0,0.0,0.0,0.0,0.0,0.0,0.0,0.5,0.5,0.0,0.5,0.5,0.0,0.5,0.5,0.0,0.0,0.0,0.0
429391,2025-01-24 15:10:00,Gentle Mates,KOI,0,14,16,-2.0,0.42857142857142855,0.1875,0.24107142857142855,0.0,0.0,0.0,0.0,0.0,0.0,0.0,0.0,0.0,0.0,0.0,0.0,0.5,0.5,0.0,0.5,0.5,0.0,0.5,0.5,0.0,0.0,0.0,0.0
428005,2025-01-24 19:00:00,100 Thieves,NRG,1,25,20,5.0,0.44,0.5,-0.06,0.0,0.0,0.0,0.0,0.0,0.0,0.0,0.0,0.0,0.0,0.0,0.0,0.5,0.5,0.0,0.5,0.5,0.0,0.5,0.5,0.0,0.0,0.0,0.0
430848,2025-01-25 04:00:00,Trace Esports,EDward Gaming,1,30,42,-12.0,0.6666666666666666,0.6190476190476191,0.04761904761904756,0.0,0.0,0.0,0.0,0.0,0.0,0.0,0.0,0.0,0.0,0.0,0.0,0.5,0.5,0.0,0.5,0.5,0.0,0.5,0.5,0.0,0.0,0.0,0.0
430520,2025-01-25 06:00:00,Gen.G,Rex Regum Qeon,1,39,14,25.0,0.8205128205128205,0.42857142857142855,0.39194139194139194,0.0,0.0,0.0,0.0,0.0,0.0,0.0,0.0,0.0,0.0,0.0,0.0,0.5,0.5,0.0,0.5,0.5,0.0,0.5,0.5,0.0,0.0,0.0,0.0
430526,2025-01-26 03:00:00,Nongshim RedForce,BOOM Esports,1,2,1,1.0,0.5,0.0,0.5,0.0,0.0,0.0,0.0,0.0,0.0,0.0,0.0,0.0,0.0,0.0,0.0,0.5,0.5,0.0,0.5,0.5,0.0,0.5,0.5,0.0,0.0,0.0,0.0
430529,2025-01-26 06:00:00,Paper Rex,ZETA DIVISION,0,39,16,23.0,0.6410256410256411,0.3125,0.3285256410256411,0.0,0.0,0.0,0.0,0.0,0.0,0.0,0.0,0.0,0.0,0.0,0.0,0.5,0.5,0.0,0.5,0.5,0.0,0.5,0.5,0.0,0.0,0.0,0.0
430527,2025-01-27 03:00:00,Rex Regum Qeon,Team Secret,1,15,18,-3.0,0.4,0.6666666666666666,-0.2666666666666666,0.0,0.0,0.0,0.0,0.0,0.0,0.0,0.0,0.0,0.0,0.0,0.0,0.5,0.5,0.0,0.5,0.5,0.0,0.5,0.5,0.0,0.0,0.0,0.0
430528,2025-01-27 06:00:00,Global Esports,DetonatioN FocusMe,0,15,13,2.0,0.26666666666666666,0.15384615384615385,0.11282051282051281,0.0,0.0,0.0,0.0,0.0,0.0,0.0,0.0,0.0,0.0,0.0,0.0,0.5,0.5,0.0,0.5,0.5,0.0,0.5,0.5,0.0,0.0,0.0,0.0
429388,2025-01-29 12:00:00,BBL Esports,Team Heretics,0,14,41,-27.0,0.42857142857142855,0.6829268292682927,-0.2543554006968642,0.0,0.0,0.0,0.0,0.0,0.0,0.0,0.0,0.0,0.0,0.0,0.0,0.5,0.5,0.0,0.5,0.5,0.0,0.5,0.5,0.0,0.0,0.0,0.0
429387,2025-01-29 14:25:00,FUT Esports,Team Vitality,0,30,24,6.0,0.5333333333333333,0.5416666666666666,-0.008333333333333304,0.0,0.0,0.0,0.0,0.0,0.0,0.0,0.0,0.0,0.0,0.0,0.0,0.5,0.5,0.0,0.5,0.5,0.0,0.5,0.5,0.0,0.0,0.0,0.0
429396,2025-01-30 14:15:00,GIANTX,Team Liquid,0,14,20,-6.0,0.35714285714285715,0.45,-0.09285714285714286,0.0,0.0,0.0,0.0,0.0,0.0,0.0,0.0,0.0,0.0,0.0,0.0,0.5,0.5,0.0,0.5,0.5,0.0,0.5,0.5,0.0,0.0,0.0,0.0
430523,2025-01-31 05:45:00,Gen.G,DRX,0,40,31,9.0,0.825,0.6129032258064516,0.21209677419354833,0.0,0.0,0.0,0.0,0.0,0.0,0.0,0.0,0.0,0.0,0.0,0.0,0.5,0.5,0.0,0.5,0.5,0.0,0.5,0.5,0.0,0.0,0.0,0.0
429398,2025-01-31 14:15:00,BBL Esports,Team Liquid,0,15,21,-6.0,0.4,0.47619047619047616,-0.07619047619047614,0.0,0.0,0.0,0.0,0.0,0.0,0.0,0.0,0.0,0.0,0.0,0.0,0.5,0.5,0.0,0.5,0.5,0.0,0.5,0.5,0.0,0.0,0.0,0.0
427999,2025-01-31 17:00:00,LOUD,Sentinels,0,25,32,-7.0,0.44,0.46875,-0.028749999999999998,0.0,0.0,0.0,0.0,0.0,0.0,0.0,0.0,0.0,0.0,0.0,0.0,0.5,0.5,0.0,0.5,0.5,0.0,0.5,0.5,0.0,0.0,0.0,0.0
428000,2025-01-31 21:00:00,G2 Esports,LEVIATÁN,1,34,31,3.0,0.7647058823529411,0.7741935483870968,-0.009487666034155628,0.0,0.0,0.0,0.0,0.0,0.0,0.0,0.0,0.0,0.0,0.0,0.0,0.5,0.5,0.0,0.5,0.5,0.0,0.5,0.5,0.0,0.0,0.0,0.0
430530,2025-02-01 03:00:00,Nongshim RedForce,Rex Regum Qeon,1,3,16,-13.0,0.6666666666666666,0.4375,0.22916666666666663,0.0,0.0,0.0,0.0,0.0,0.0,0.0,0.0,0.0,0.0,0.0,0.0,0.5,0.5,0.0,0.5,0.5,0.0,0.5,0.5,0.0,0.0,0.0,0.0
430531,2025-02-01 07:10:00,DetonatioN FocusMe,Paper Rex,0,14,40,-26.0,0.21428571428571427,0.625,-0.4107142857142857,0.0,0.0,0.0,0.0,0.0,0.0,0.0,0.0,0.0,0.0,0.0,0.0,0.5,0.5,0.0,0.5,0.5,0.0,0.5,0.5,0.0,0.0,0.0,0.0
428007,2025-02-01 17:00:00,Evil Geniuses,MIBR,0,20,17,3.0,0.5,0.23529411764705882,0.2647058823529412,0.0,0.0,0.0,0.0,0.0,0.0,0.0,0.0,0.0,0.0,0.0,0.0,0.5,0.5,0.0,0.5,0.5,0.0,0.5,0.5,0.0,0.0,0.0,0.0
430533,2025-02-02 06:00:00,Gen.G,DetonatioN FocusMe,1,41,15,26.0,0.8048780487804879,0.2,0.6048780487804879,0.0,0.0,0.0,0.0,0.0,0.0,0.0,0.0,0.0,0.0,0.0,0.0,0.5,0.5,0.0,0.5,0.5,0.0,0.5,0.5,0.0,0.0,0.0,0.0
428009,2025-02-02 17:00:00,LEVIATÁN,MIBR,0,32,18,14.0,0.75,0.2777777777777778,0.4722222222222222,0.0,0.0,0.0,0.0,0.0,0.0,0.0,0.0,0.0,0.0,0.0,0.0,0.5,0.5,0.0,0.5,0.5,0.0,0.5,0.5,0.0,0.0,0.0,0.0
428001,2025-02-06 17:00:00,Sentinels,G2 Esports,1,33,35,-2.0,0.48484848484848486,0.7714285714285715,-0.2865800865800866,0.0,0.0,0.0,0.0,0.0,0.0,0.0,0.0,0.0,0.0,0.0,0.0,0.5,0.5,0.0,0.5,0.5,0.0,0.5,0.5,0.0,0.0,0.0,0.0
430524,2025-02-07 03:00:00,T1,DRX,1,24,32,-8.0,0.3333333333333333,0.625,-0.2916666666666667,0.0,0.0,0.0,0.0,0.0,0.0,0.0,0.0,0.0,0.0,0.0,0.0,0.5,0.5,0.0,0.5,0.5,0.0,0.5,0.5,0.0,0.0,0.0,0.0
429389,2025-02-07 12:00:00,Team Vitality,Team Heretics,0,25,42,-17.0,0.56,0.6904761904761905,-0.1304761904761904,0.0,0.0,0.0,0.0,0.0,0.0,0.0,0.0,0.0,0.0,0.0,0.0,0.5,0.5,0.0,0.5,0.5,0.0,0.5,0.5,0.0,0.0,0.0,0.0
429400,2025-02-07 14:10:00,FUT Esports,Team Liquid,1,32,22,10.0,0.53125,0.5,0.03125,0.0,0.0,0.0,0.0,0.0,0.0,0.0,0.0,0.0,0.0,0.0,0.0,0.5,0.5,0.0,0.5,0.5,0.0,0.5,0.5,0.0,0.0,0.0,0.0
428012,2025-02-07 17:00:00,Sentinels,MIBR,1,34,20,14.0,0.5,0.3,0.2,0.0,0.0,0.0,0.0,0.0,0.0,0.0,0.0,0.0,0.0,0.0,0.0,0.5,0.5,0.0,0.5,0.5,0.0,0.5,0.5,0.0,0.0,0.0,0.0
430535,2025-02-08 03:00:00,T1,Gen.G,1,25,43,-18.0,0.36,0.813953488372093,-0.45395348837209304,0.0,0.0,0.0,0.0,0.0,0.0,0.0,0.0,0.0,0.0,0.0,0.0,0.5,0.5,0.0,0.5,0.5,0.0,0.5,0.5,0.0,0.0,0.0,0.0
429401,2025-02-08 12:00:00,Team Heretics,Team Liquid,1,43,23,20.0,0.6976744186046512,0.4782608695652174,0.21941354903943378,0.0,0.0,0.0,0.0,0.0,0.0,0.0,0.0,0.0,0.0,0.0,0.0,0.5,0.5,0.0,0.5,0.5,0.0,0.5,0.5,0.0,0.0,0.0,0.0
428002,2025-02-08 17:00:00,G2 Esports,Sentinels,0,36,35,1.0,0.75,0.5142857142857142,0.23571428571428577,0.0,0.0,0.0,0.0,0.0,0.0,0.0,0.0,0.0,0.0,0.0,0.0,0.5,0.5,0.0,0.5,0.5,0.0,0.5,0.5,0.0,0.0,0.0,0.0
430525,2025-02-09 03:00:00,DRX,T1,1,33,26,7.0,0.6060606060606061,0.38461538461538464,0.22144522144522144,0.0,0.0,0.0,0.0,0.0,0.0,0.0,0.0,0.0,0.0,0.0,0.0,0.5,0.5,0.0,0.5,0.5,0.0,0.5,0.5,0.0,0.0,0.0,0.0
429390,2025-02-09 12:00:00,Team Vitality,Team Liquid,1,26,24,2.0,0.5384615384615384,0.4583333333333333,0.08012820512820512,0.0,0.0,0.0,0.0,0.0,0.0,0.0,0.0,0.0,0.0,0.0,0.0,0.5,0.5,0.0,0.5,0.5,0.0,0.5,0.5,0.0,0.0,0.0,0.0
448598,2025-02-20 05:00:00,EDward Gaming,Team Liquid,1,43,25,18.0,0.6046511627906976,0.44,0.16465116279069764,0.0,0.0,0.0,0.0,0.0,0.0,0.0,0.0,0.0,0.0,0.0,0.0,0.5,0.5,0.0,0.5,0.5,0.0,0.5,0.5,0.0,0.0,0.0,0.0
448600,2025-02-20 08:00:00,DRX,Sentinels,1,34,36,-2.0,0.6176470588235294,0.5277777777777778,0.08986928104575165,0.0,0.0,0.0,0.0,0.0,0.0,0.0,0.0,0.0,0.0,0.0,0.0,0.5,0.5,0.0,0.5,0.5,0.0,0.5,0.5,0.0,0.0,0.0,0.0
448599,2025-02-21 05:00:00,Team Vitality,T1,1,27,27,0.0,0.5555555555555556,0.37037037037037035,0.18518518518518523,0.0,0.0,0.0,0.0,0.0,0.0,0.0,0.0,0.0,0.0,0.0,0.0,0.5,0.5,0.0,0.5,0.5,0.0,0.5,0.5,0.0,0.0,0.0,0.0
448597,2025-02-21 07:25:00,G2 Esports,Trace Esports,1,37,31,6.0,0.7297297297297297,0.6774193548387096,0.052310374891020084,0.0,0.0,0.0,0.0,0.0,0.0,0.0,0.0,0.0,0.0,0.0,0.0,0.5,0.5,0.0,0.5,0.5,0.0,0.5,0.5,0.0,0.0,0.0,0.0
449000,2025-02-22 05:00:00,DRX,Team Vitality,0,35,28,7.0,0.6285714285714286,0.5714285714285714,0.05714285714285716,0.0,0.0,0.0,0.0,0.0,0.0,0.0,0.0,0.0,0.0,0.0,0.0,0.5,0.5,0.0,0.5,0.5,0.0,0.5,0.5,0.0,0.0,0.0,0.0
449001,2025-02-22 08:25:00,EDward Gaming,G2 Esports,1,44,38,6.0,0.6136363636363636,0.7368421052631579,-0.12320574162679421,0.0,0.0,0.0,0.0,0.0,0.0,0.0,0.0,0.0,0.0,0.0,0.0,0.5,0.5,0.0,0.5,0.5,0.0,0.5,0.5,0.0,0.0,0.0,0.0
449002,2025-02-23 05:00:00,T1,Trace Esports,1,28,32,-4.0,0.35714285714285715,0.65625,-0.29910714285714285,0.0,0.0,0.0,0.0,0.0,0.0,0.0,0.0,0.0,0.0,0.0,0.0,0.5,0.5,0.0,0.5,0.5,0.0,0.5,0.5,0.0,0.0,0.0,0.0
449003,2025-02-23 06:55:00,Team Liquid,Sentinels,1,26,37,-11.0,0.4230769230769231,0.5135135135135135,-0.09043659043659041,0.0,0.0,0.0,0.0,0.0,0.0,0.0,0.0,0.0,0.0,0.0,0.0,0.5,0.5,0.0,0.5,0.5,0.0,0.5,0.5,0.0,0.0,0.0,0.0
449004,2025-02-24 05:00:00,T1,DRX,1,29,36,-7.0,0.3793103448275862,0.6111111111111112,-0.23180076628352497,0.0,0.0,0.0,0.0,0.0,0.0,0.0,0.0,0.0,0.0,0.0,0.0,0.5,0.5,0.0,0.5,0.5,0.0,0.5,0.5,0.0,0.0,0.0,0.0
449005,2025-02-24 07:10:00,G2 Esports,Team Liquid,1,39,27,12.0,0.717948717948718,0.4444444444444444,0.27350427350427353,0.0,0.0,0.0,0.0,0.0,0.0,0.0,0.0,0.0,0.0,0.0,0.0,0.5,0.5,0.0,0.5,0.5,0.0,0.5,0.5,0.0,0.0,0.0,0.0
449008,2025-02-27 05:00:00,EDward Gaming,T1,1,45,30,15.0,0.6222222222222222,0.4,0.2222222222222222,0.0,0.0,0.0,0.0,0.0,0.0,0.0,0.0,0.0,0.0,0.0,0.0,0.5,0.5,0.0,0.5,0.5,0.0,0.5,0.5,0.0,0.0,0.0,0.0
449009,2025-02-27 08:15:00,Team Vitality,G2 Esports,0,29,40,-11.0,0.5862068965517241,0.725,-0.1387931034482759,0.0,0.0,0.0,0.0,0.0,0.0,0.0,0.0,0.0,0.0,0.0,0.0,0.5,0.5,0.0,0.5,0.5,0.0,0.5,0.5,0.0,0.0,0.0,0.0
449010,2025-02-28 05:00:00,EDward Gaming,G2 Esports,1,46,41,5.0,0.6304347826086957,0.7317073170731707,-0.10127253446447504,0.0,0.0,0.0,0.0,0.0,0.0,0.0,0.0,0.0,0.0,0.0,0.0,0.5,0.5,0.0,0.5,0.5,0.0,0.5,0.5,0.0,0.0,0.0,0.0
449012,2025-02-28 07:05:00,T1,Team Vitality,1,31,30,1.0,0.3870967741935484,0.5666666666666667,-0.17956989247311828,0.0,0.0,0.0,0.0,0.0,0.0,0.0,0.0,0.0,0.0,0.0,0.0,0.5,0.5,0.0,0.5,0.5,0.0,0.5,0.5,0.0,0.0,0.0,0.0
449013,2025-03-01 05:00:00,EDward Gaming,T1,1,47,32,15.0,0.6382978723404256,0.40625,0.23204787234042556,0.0,0.0,0.0,0.0,0.0,0.0,0.0,0.0,0.0,0.0,0.0,0.0,0.5,0.5,0.0,0.5,0.5,0.0,0.5,0.5,0.0,0.0,0.0,0.0
449011,2025-03-02 06:15:00,G2 Esports,T1,0,42,33,9.0,0.7142857142857143,0.3939393939393939,0.3203463203463204,0.0,0.0,0.0,0.0,0.0,0.0,0.0,0.0,0.0,0.0,0.0,0.0,0.5,0.5,0.0,0.5,0.5,0.0,0.5,0.5,0.0,0.0,0.0,0.0
459517,2025-03-21 17:00:00,Cloud9,NRG,1,18,22,-4.0,0.5,0.45454545454545453,0.04545454545454547,0.0,0.0,0.0,0.0,0.0,0.0,0.0,0.0,0.0,0.0,0.0,0.0,0.5,0.5,0.0,0.5,0.5,0.0,0.5,0.5,0.0,0.0,0.0,0.0
458805,2025-03-22 04:00:00,DetonatioN FocusMe,Global Esports,0,16,16,0.0,0.1875,0.25,-0.0625,0.0,0.0,0.0,0.0,0.0,0.0,0.0,0.0,0.0,0.0,0.0,0.0,0.5,0.5,0.0,0.5,0.5,0.0,0.5,0.5,0.0,0.0,0.0,0.0
458806,2025-03-22 06:40:00,T1,ZETA DIVISION,1,34,17,17.0,0.4117647058823529,0.35294117647058826,0.05882352941176466,0.0,0.0,0.0,0.0,0.0,0.0,0.0,0.0,0.0,0.0,0.0,0.0,0.5,0.5,0.0,0.5,0.5,0.0,0.5,0.5,0.0,0.0,0.0,0.0
459519,2025-03-22 17:00:00,G2 Esports,FURIA,1,43,15,28.0,0.6976744186046512,0.2,0.49767441860465117,0.0,0.0,0.0,0.0,0.0,0.0,0.0,0.0,0.0,0.0,0.0,0.0,0.5,0.5,0.0,0.5,0.5,0.0,0.5,0.5,0.0,0.0,0.0,0.0
459520,2025-03-22 19:25:00,MIBR,LEVIATÁN,0,21,33,-12.0,0.2857142857142857,0.7272727272727273,-0.4415584415584416,0.0,0.0,0.0,0.0,0.0,0.0,0.0,0.0,0.0,0.0,0.0,0.0,0.5,0.5,0.0,0.5,0.5,0.0,0.5,0.5,0.0,0.0,0.0,0.0
458807,2025-03-23 04:00:00,DRX,Paper Rex,1,37,41,-4.0,0.5945945945945946,0.6341463414634146,-0.039551746868820015,0.0,0.0,0.0,0.0,0.0,0.0,0.0,0.0,0.0,0.0,0.0,0.0,0.5,0.5,0.0,0.5,0.5,0.0,0.5,0.5,0.0,0.0,0.0,0.0
459521,2025-03-23 17:00:00,2Game Esports,Evil Geniuses,0,2,21,-19.0,0.5,0.47619047619047616,0.023809523809523836,0.0,0.0,0.0,0.0,0.0,0.0,0.0,0.0,0.0,0.0,0.0,0.0,0.5,0.5,0.0,0.5,0.5,0.0,0.5,0.5,0.0,0.0,0.0,0.0
459522,2025-03-23 19:30:00,Sentinels,100 Thieves,1,38,26,12.0,0.5,0.46153846153846156,0.038461538461538436,0.0,0.0,0.0,0.0,0.0,0.0,0.0,0.0,0.0,0.0,0.0,0.0,0.5,0.5,0.0,0.5,0.5,0.0,0.5,0.5,0.0,0.0,0.0,0.0
458809,2025-03-24 04:00:00,Gen.G,BOOM Esports,0,44,2,42.0,0.7954545454545454,0.0,0.7954545454545454,0.0,0.0,0.0,0.0,0.0,0.0,0.0,0.0,0.0,0.0,0.0,0.0,0.5,0.5,0.0,0.5,0.5,0.0,0.5,0.5,0.0,0.0,0.0,0.0
458810,2025-03-24 06:50:00,Nongshim RedForce,Rex Regum Qeon,1,5,17,-12.0,0.6,0.4117647058823529,0.18823529411764706,0.0,0.0,0.0,0.0,0.0,0.0,0.0,0.0,0.0,0.0,0.0,0.0,0.5,0.5,0.0,0.5,0.5,0.0,0.5,0.5,0.0,0.0,0.0,0.0
459826,2025-03-26 12:00:00,Team Vitality,GIANTX,0,31,15,16.0,0.5483870967741935,0.3333333333333333,0.2150537634408602,0.0,0.0,0.0,0.0,0.0,0.0,0.0,0.0,0.0,0.0,0.0,0.0,0.5,0.5,0.0,0.5,0.5,0.0,0.5,0.5,0.0,0.0,0.0,0.0
459827,2025-03-26 14:15:00,BBL Esports,Karmine Corp,1,16,26,-10.0,0.375,0.34615384615384615,0.028846153846153855,0.0,0.0,0.0,0.0,0.0,0.0,0.0,0.0,0.0,0.0,0.0,0.0,0.5,0.5,0.0,0.5,0.5,0.0,0.5,0.5,0.0,0.0,0.0,0.0
459828,2025-03-27 12:00:00,Team Heretics,Apeks,1,44,2,42.0,0.7045454545454546,0.0,0.7045454545454546,0.0,0.0,0.0,0.0,0.0,0.0,0.0,0.0,0.0,0.0,0.0,0.0,0.5,0.5,0.0,0.5,0.5,0.0,0.5,0.5,0.0,0.0,0.0,0.0
459829,2025-03-27 15:15:00,FUT Esports,KOI,1,33,17,16.0,0.5454545454545454,0.23529411764705882,0.3101604278074866,0.0,0.0,0.0,0.0,0.0,0.0,0.0,0.0,0.0,0.0,0.0,0.0,0.5,0.5,0.0,0.5,0.5,0.0,0.5,0.5,0.0,0.0,0.0,0.0
459831,2025-03-28 14:30:00,Team Liquid,Gentle Mates,0,28,16,12.0,0.42857142857142855,0.375,0.05357142857142855,0.0,0.0,0.0,0.0,0.0,0.0,0.0,0.0,0.0,0.0,0.0,0.0,0.5,0.5,0.0,0.5,0.5,0.0,0.5,0.5,0.0,0.0,0.0,0.0
459523,2025-03-28 17:00:00,NRG,FURIA,1,23,16,7.0,0.43478260869565216,0.1875,0.24728260869565216,0.0,0.0,0.0,0.0,0.0,0.0,0.0,0.0,0.0,0.0,0.0,0.0,0.5,0.5,0.0,0.5,0.5,0.0,0.5,0.5,0.0,0.0,0.0,0.0
458811,2025-03-29 04:00:00,Team Secret,ZETA DIVISION,0,20,18,2.0,0.6,0.3333333333333333,0.26666666666666666,0.0,0.0,0.0,0.0,0.0,0.0,0.0,0.0,0.0,0.0,0.0,0.0,0.5,0.5,0.0,0.5,0.5,0.0,0.5,0.5,0.0,0.0,0.0,0.0
458812,2025-03-29 06:35:00,T1,Nongshim RedForce,1,35,6,29.0,0.42857142857142855,0.6666666666666666,-0.23809523809523808,0.0,0.0,0.0,0.0,0.0,0.0,0.0,0.0,0.0,0.0,0.0,0.0,0.5,0.5,0.0,0.5,0.5,0.0,0.5,0.5,0.0,0.0,0.0,0.0
459525,2025-03-29 17:00:00,100 Thieves,Evil Geniuses,1,27,22,5.0,0.4444444444444444,0.5,-0.05555555555555558,0.0,0.0,0.0,0.0,0.0,0.0,0.0,0.0,0.0,0.0,0.0,0.0,0.5,0.5,0.0,0.5,0.5,0.0,0.5,0.5,0.0,0.0,0.0,0.0
459526,2025-03-29 19:15:00,G2 Esports,MIBR,1,44,22,22.0,0.7045454545454546,0.2727272727272727,0.4318181818181819,0.0,0.0,0.0,0.0,0.0,0.0,0.0,0.0,0.0,0.0,0.0,0.0,0.5,0.5,0.0,0.5,0.5,0.0,0.5,0.5,0.0,0.0,0.0,0.0
458813,2025-03-30 04:00:00,Gen.G,Paper Rex,1,45,42,3.0,0.7777777777777778,0.6190476190476191,0.15873015873015872,0.0,0.0,0.0,0.0,0.0,0.0,0.0,0.0,0.0,0.0,0.0,0.0,0.5,0.5,0.0,0.5,0.5,0.0,0.5,0.5,0.0,0.0,0.0,0.0
458814,2025-03-30 06:55:00,DRX,DetonatioN FocusMe,1,38,17,21.0,0.6052631578947368,0.17647058823529413,0.4287925696594427,0.0,0.0,0.0,0.0,0.0,0.0,0.0,0.0,0.0,0.0,0.0,0.0,0.5,0.5,0.0,0.5,0.5,0.0,0.5,0.5,0.0,0.0,0.0,0.0
459527,2025-03-30 17:00:00,LOUD,2Game Esports,0,28,3,25.0,0.39285714285714285,0.3333333333333333,0.059523809523809534,0.0,0.0,0.0,0.0,0.0,0.0,0.0,0.0,0.0,0.0,0.0,0.0,0.5,0.5,0.0,0.5,0.5,0.0,0.5,0.5,0.0,0.0,0.0,0.0
459528,2025-03-30 19:50:00,LEVIATÁN,Cloud9,0,34,19,15.0,0.7352941176470589,0.5263157894736842,0.2089783281733747,0.0,0.0,0.0,0.0,0.0,0.0,0.0,0.0,0.0,0.0,0.0,0.0,0.5,0.5,0.0,0.5,0.5,0.0,0.5,0.5,0.0,0.0,0.0,0.0
458816,2025-03-31 06:10:00,BOOM Esports,Global Esports,1,3,17,-14.0,0.3333333333333333,0.29411764705882354,0.039215686274509776,0.0,0.0,0.0,0.0,0.0,0.0,0.0,0.0,0.0,0.0,0.0,0.0,0.5,0.5,0.0,0.5,0.5,0.0,0.5,0.5,0.0,0.0,0.0,0.0
459832,2025-04-02 11:00:00,Team Liquid,BBL Esports,1,29,17,12.0,0.41379310344827586,0.4117647058823529,0.0020283975659229347,0.0,0.0,0.0,0.0,0.0,0.0,0.0,0.0,0.0,0.0,0.0,0.0,0.5,0.5,0.0,0.5,0.5,0.0,0.5,0.5,0.0,0.0,0.0,0.0
459833,2025-04-02 13:50:00,Apeks,Natus Vincere,0,3,20,-17.0,0.0,0.3,-0.3,0.0,0.0,0.0,0.0,0.0,0.0,0.0,0.0,0.0,0.0,0.0,0.0,0.5,0.5,0.0,0.5,0.5,0.0,0.5,0.5,0.0,0.0,0.0,0.0
459834,2025-04-03 11:00:00,FUT Esports,Gentle Mates,1,34,17,17.0,0.5588235294117647,0.4117647058823529,0.1470588235294118,0.0,0.0,0.0,0.0,0.0,0.0,0.0,0.0,0.0,0.0,0.0,0.0,0.5,0.5,0.0,0.5,0.5,0.0,0.5,0.5,0.0,0.0,0.0,0.0
459835,2025-04-03 14:25:00,Team Heretics,GIANTX,1,45,16,29.0,0.7111111111111111,0.375,0.33611111111111114,0.0,0.0,0.0,0.0,0.0,0.0,0.0,0.0,0.0,0.0,0.0,0.0,0.5,0.5,0.0,0.5,0.5,0.0,0.5,0.5,0.0,0.0,0.0,0.0
459837,2025-04-04 15:10:00,KOI,Karmine Corp,0,18,27,-9.0,0.2222222222222222,0.3333333333333333,-0.1111111111111111,0.0,0.0,0.0,0.0,0.0,0.0,0.0,0.0,0.0,0.0,0.0,0.0,0.5,0.5,0.0,0.5,0.5,0.0,0.5,0.5,0.0,0.0,0.0,0.0
459529,2025-04-04 17:00:00,Evil Geniuses,Sentinels,0,23,40,-17.0,0.4782608695652174,0.5,-0.021739130434782594,0.0,0.0,0.0,0.0,0.0,0.0,0.0,0.0,0.0,0.0,0.0,0.0,0.5,0.5,0.0,0.5,0.5,0.0,0.5,0.5,0.0,0.0,0.0,0.0
459530,2025-04-04 19:10:00,100 Thieves,LOUD,1,28,29,-1.0,0.4642857142857143,0.3793103448275862,0.08497536945812811,0.0,0.0,0.0,0.0,0.0,0.0,0.0,0.0,0.0,0.0,0.0,0.0,0.5,0.5,0.0,0.5,0.5,0.0,0.5,0.5,0.0,0.0,0.0,0.0
458817,2025-04-05 04:00:00,Gen.G,DetonatioN FocusMe,1,46,18,28.0,0.782608695652174,0.16666666666666666,0.6159420289855073,0.0,0.0,0.0,0.0,0.0,0.0,0.0,0.0,0.0,0.0,0.0,0.0,0.5,0.5,0.0,0.5,0.5,0.0,0.5,0.5,0.0,0.0,0.0,0.0
458818,2025-04-05 06:00:00,Rex Regum Qeon,ZETA DIVISION,1,19,19,0.0,0.42105263157894735,0.3684210526315789,0.05263157894736842,0.0,0.0,0.0,0.0,0.0,0.0,0.0,0.0,0.0,0.0,0.0,0.0,0.5,0.5,0.0,0.5,0.5,0.0,0.5,0.5,0.0,0.0,0.0,0.0
459532,2025-04-05 20:10:00,G2 Esports,NRG,1,45,24,21.0,0.7111111111111111,0.4583333333333333,0.2527777777777778,0.0,0.0,0.0,0.0,0.0,0.0,0.0,0.0,0.0,0.0,0.0,0.0,0.5,0.5,0.0,0.5,0.5,0.0,0.5,0.5,0.0,0.0,0.0,0.0
458819,2025-04-06 04:00:00,Paper Rex,BOOM Esports,0,43,4,39.0,0.6046511627906976,0.5,0.10465116279069764,0.0,0.0,0.0,0.0,0.0,0.0,0.0,0.0,0.0,0.0,0.0,0.0,0.5,0.5,0.0,0.5,0.5,0.0,0.5,0.5,0.0,0.0,0.0,0.0
459533,2025-04-06 17:00:00,FURIA,LEVIATÁN,0,17,35,-18.0,0.17647058823529413,0.7142857142857143,-0.5378151260504201,0.0,0.0,0.0,0.0,0.0,0.0,0.0,0.0,0.0,0.0,0.0,0.0,0.5,0.5,0.0,0.5,0.5,0.0,0.5,0.5,0.0,0.0,0.0,0.0
459534,2025-04-06 19:15:00,Cloud9,MIBR,0,20,23,-3.0,0.55,0.2608695652173913,0.28913043478260875,0.0,0.0,0.0,0.0,0.0,0.0,0.0,0.0,0.0,0.0,0.0,0.0,0.5,0.5,0.0,0.5,0.5,0.0,0.5,0.5,0.0,0.0,0.0,0.0
458821,2025-04-07 04:00:00,DRX,Global Esports,1,39,18,21.0,0.6153846153846154,0.2777777777777778,0.33760683760683763,0.0,0.0,0.0,0.0,0.0,0.0,0.0,0.0,0.0,0.0,0.0,0.0,0.5,0.5,0.0,0.5,0.5,0.0,0.5,0.5,0.0,0.0,0.0,0.0
458822,2025-04-07 06:00:00,T1,Team Secret,1,36,21,15.0,0.4444444444444444,0.5714285714285714,-0.12698412698412698,0.0,0.0,0.0,0.0,0.0,0.0,0.0,0.0,0.0,0.0,0.0,0.0,0.5,0.5,0.0,0.5,0.5,0.0,0.5,0.5,0.0,0.0,0.0,0.0
459839,2025-04-09 11:00:00,KOI,BBL Esports,0,19,18,1.0,0.21052631578947367,0.3888888888888889,-0.17836257309941522,0.0,0.0,0.0,0.0,0.0,0.0,0.0,0.0,0.0,0.0,0.0,0.0,0.5,0.5,0.0,0.5,0.5,0.0,0.5,0.5,0.0,0.0,0.0,0.0
459840,2025-04-09 13:15:00,Natus Vincere,GIANTX,1,21,17,4.0,0.3333333333333333,0.35294117647058826,-0.019607843137254943,0.0,0.0,0.0,0.0,0.0,0.0,0.0,0.0,0.0,0.0,0.0,0.0,0.5,0.5,0.0,0.5,0.5,0.0,0.5,0.5,0.0,0.0,0.0,0.0
459841,2025-04-10 11:00:00,Team Liquid,FUT Esports,1,30,35,-5.0,0.43333333333333335,0.5714285714285714,-0.13809523809523805,0.0,0.0,0.0,0.0,0.0,0.0,0.0,0.0,0.0,0.0,0.0,0.0,0.5,0.5,0.0,0.5,0.5,0.0,0.5,0.5,0.0,0.0,0.0,0.0
459842,2025-04-10 12:50:00,Team Vitality,Team Heretics,0,33,46,-13.0,0.5151515151515151,0.717391304347826,-0.20223978919631092,0.0,0.0,0.0,0.0,0.0,0.0,0.0,0.0,0.0,0.0,0.0,0.0,0.5,0.5,0.0,0.5,0.5,0.0,0.5,0.5,0.0,0.0,0.0,0.0
459844,2025-04-11 14:00:00,Karmine Corp,Gentle Mates,1,28,18,10.0,0.35714285714285715,0.3888888888888889,-0.031746031746031744,0.0,0.0,0.0,0.0,0.0,0.0,0.0,0.0,0.0,0.0,0.0,0.0,0.5,0.5,0.0,0.5,0.5,0.0,0.5,0.5,0.0,0.0,0.0,0.0
459535,2025-04-11 17:00:00,100 Thieves,2Game Esports,1,29,5,24.0,0.4827586206896552,0.4,0.08275862068965517,0.0,0.0,0.0,0.0,0.0,0.0,0.0,0.0,0.0,0.0,0.0,0.0,0.5,0.5,0.0,0.5,0.5,0.0,0.5,0.5,0.0,0.0,0.0,0.0
459536,2025-04-11 19:30:00,G2 Esports,LEVIATÁN,1,46,36,10.0,0.717391304347826,0.7222222222222222,-0.004830917874396157,0.0,0.0,0.0,0.0,0.0,0.0,0.0,0.0,0.0,0.0,0.0,0.0,0.5,0.5,0.0,0.5,0.5,0.0,0.5,0.5,0.0,0.0,0.0,0.0
458823,2025-04-12 04:00:00,Nongshim RedForce,Team Secret,1,8,22,-14.0,0.5,0.5454545454545454,-0.045454545454545414,0.0,0.0,0.0,0.0,0.0,0.0,0.0,0.0,0.0,0.0,0.0,0.0,0.5,0.5,0.0,0.5,0.5,0.0,0.5,0.5,0.0,0.0,0.0,0.0
458824,2025-04-12 06:15:00,DRX,BOOM Esports,0,40,5,35.0,0.625,0.6,0.025000000000000022,0.0,0.0,0.0,0.0,0.0,0.0,0.0,0.0,0.0,0.0,0.0,0.0,0.5,0.5,0.0,0.5,0.5,0.0,0.5,0.5,0.0,0.0,0.0,0.0
459537,2025-04-12 17:00:00,FURIA,Cloud9,0,18,21,-3.0,0.16666666666666666,0.5238095238095238,-0.3571428571428572,0.0,0.0,0.0,0.0,0.0,0.0,0.0,0.0,0.0,0.0,0.0,0.0,0.5,0.5,0.0,0.5,0.5,0.0,0.5,0.5,0.0,0.0,0.0,0.0
459538,2025-04-12 19:25:00,Sentinels,LOUD,1,41,30,11.0,0.5121951219512195,0.36666666666666664,0.14552845528455288,0.0,0.0,0.0,0.0,0.0,0.0,0.0,0.0,0.0,0.0,0.0,0.0,0.5,0.5,0.0,0.5,0.5,0.0,0.5,0.5,0.0,0.0,0.0,0.0
458825,2025-04-13 04:00:00,T1,Rex Regum Qeon,0,37,20,17.0,0.4594594594594595,0.45,0.009459459459459474,0.0,0.0,0.0,0.0,0.0,0.0,0.0,0.0,0.0,0.0,0.0,0.0,0.5,0.5,0.0,0.5,0.5,0.0,0.5,0.5,0.0,0.0,0.0,0.0
458826,2025-04-13 07:10:00,Gen.G,Global Esports,1,47,19,28.0,0.7872340425531915,0.2631578947368421,0.5240761478163494,0.0,0.0,0.0,0.0,0.0,0.0,0.0,0.0,0.0,0.0,0.0,0.0,0.5,0.5,0.0,0.5,0.5,0.0,0.5,0.5,0.0,0.0,0.0,0.0
459540,2025-04-13 19:10:00,NRG,MIBR,0,25,24,1.0,0.44,0.2916666666666667,0.14833333333333332,0.0,0.0,0.0,0.0,0.0,0.0,0.0,0.0,0.0,0.0,0.0,0.0,0.5,0.5,0.0,0.5,0.5,0.0,0.5,0.5,0.0,0.0,0.0,0.0
458828,2025-04-14 06:10:00,DetonatioN FocusMe,Paper Rex,0,19,44,-25.0,0.15789473684210525,0.5909090909090909,-0.4330143540669857,0.0,0.0,0.0,0.0,0.0,0.0,0.0,0.0,0.0,0.0,0.0,0.0,0.5,0.5,0.0,0.5,0.5,0.0,0.5,0.5,0.0,0.0,0.0,0.0
459845,2025-04-16 11:00:00,Team Vitality,Apeks,1,34,5,29.0,0.5,0.0,0.5,0.0,0.0,0.0,0.0,0.0,0.0,0.0,0.0,0.0,0.0,0.0,0.0,0.5,0.5,0.0,0.5,0.5,0.0,0.5,0.5,0.0,0.0,0.0,0.0
459846,2025-04-16 13:20:00,Team Liquid,KOI,1,31,20,11.0,0.45161290322580644,0.2,0.25161290322580643,0.0,0.0,0.0,0.0,0.0,0.0,0.0,0.0,0.0,0.0,0.0,0.0,0.5,0.5,0.0,0.5,0.5,0.0,0.5,0.5,0.0,0.0,0.0,0.0
459847,2025-04-17 11:00:00,Gentle Mates,BBL Esports,0,19,19,0.0,0.3684210526315789,0.42105263157894735,-0.05263157894736842,0.0,0.0,0.0,0.0,0.0,0.0,0.0,0.0,0.0,0.0,0.0,0.0,0.5,0.5,0.0,0.5,0.5,0.0,0.5,0.5,0.0,0.0,0.0,0.0
459849,2025-04-18 11:00:00,Karmine Corp,FUT Esports,0,29,36,-7.0,0.3793103448275862,0.5555555555555556,-0.1762452107279694,0.0,0.0,0.0,0.0,0.0,0.0,0.0,0.0,0.0,0.0,0.0,0.0,0.5,0.5,0.0,0.5,0.5,0.0,0.5,0.5,0.0,0.0,0.0,0.0
459850,2025-04-18 15:20:00,Natus Vincere,Team Heretics,0,22,47,-25.0,0.36363636363636365,0.723404255319149,-0.35976789168278533,0.0,0.0,0.0,0.0,0.0,0.0,0.0,0.0,0.0,0.0,0.0,0.0,0.5,0.5,0.0,0.5,0.5,0.0,0.5,0.5,0.0,0.0,0.0,0.0
459541,2025-04-18 17:00:00,G2 Esports,Cloud9,1,47,22,25.0,0.723404255319149,0.5454545454545454,0.17794970986460357,0.0,0.0,0.0,0.0,0.0,0.0,0.0,0.0,0.0,0.0,0.0,0.0,0.5,0.5,0.0,0.5,0.5,0.0,0.5,0.5,0.0,0.0,0.0,0.0
459542,2025-04-18 20:00:00,MIBR,FURIA,1,25,19,6.0,0.32,0.15789473684210525,0.16210526315789475,0.0,0.0,0.0,0.0,0.0,0.0,0.0,0.0,0.0,0.0,0.0,0.0,0.5,0.5,0.0,0.5,0.5,0.0,0.5,0.5,0.0,0.0,0.0,0.0
458830,2025-04-19 04:00:00,Paper Rex,Global Esports,1,45,20,25.0,0.6,0.25,0.35,0.0,0.0,0.0,0.0,0.0,0.0,0.0,0.0,0.0,0.0,0.0,0.0,0.5,0.5,0.0,0.5,0.5,0.0,0.5,0.5,0.0,0.0,0.0,0.0
459543,2025-04-19 17:00:00,Sentinels,2Game Esports,1,42,6,36.0,0.5238095238095238,0.3333333333333333,0.19047619047619052,0.0,0.0,0.0,0.0,0.0,0.0,0.0,0.0,0.0,0.0,0.0,0.0,0.5,0.5,0.0,0.5,0.5,0.0,0.5,0.5,0.0,0.0,0.0,0.0
458832,2025-04-20 04:00:00,DRX,Gen.G,0,41,48,-7.0,0.6097560975609756,0.7916666666666666,-0.18191056910569103,0.0,0.0,0.0,0.0,0.0,0.0,0.0,0.0,0.0,0.0,0.0,0.0,0.5,0.5,0.0,0.5,0.5,0.0,0.5,0.5,0.0,0.0,0.0,0.0
458833,2025-04-20 07:30:00,Nongshim RedForce,ZETA DIVISION,1,9,21,-12.0,0.5555555555555556,0.3333333333333333,0.22222222222222227,0.0,0.0,0.0,0.0,0.0,0.0,0.0,0.0,0.0,0.0,0.0,0.0,0.5,0.5,0.0,0.5,0.5,0.0,0.5,0.5,0.0,0.0,0.0,0.0
459545,2025-04-20 17:00:00,Evil Geniuses,LOUD,1,25,31,-6.0,0.48,0.3548387096774194,0.1251612903225806,0.0,0.0,0.0,0.0,0.0,0.0,0.0,0.0,0.0,0.0,0.0,0.0,0.5,0.5,0.0,0.5,0.5,0.0,0.5,0.5,0.0,0.0,0.0,0.0
459546,2025-04-20 21:00:00,LEVIATÁN,NRG,0,37,26,11.0,0.7027027027027027,0.4230769230769231,0.27962577962577967,0.0,0.0,0.0,0.0,0.0,0.0,0.0,0.0,0.0,0.0,0.0,0.0,0.5,0.5,0.0,0.5,0.5,0.0,0.5,0.5,0.0,0.0,0.0,0.0
458834,2025-04-21 04:00:00,DetonatioN FocusMe,BOOM Esports,0,20,6,14.0,0.15,0.6666666666666666,-0.5166666666666666,0.0,0.0,0.0,0.0,0.0,0.0,0.0,0.0,0.0,0.0,0.0,0.0,0.5,0.5,0.0,0.5,0.5,0.0,0.5,0.5,0.0,0.0,0.0,0.0
458835,2025-04-21 06:00:00,Rex Regum Qeon,Team Secret,1,21,23,-2.0,0.47619047619047616,0.5217391304347826,-0.04554865424430643,0.0,0.0,0.0,0.0,0.0,0.0,0.0,0.0,0.0,0.0,0.0,0.0,0.5,0.5,0.0,0.5,0.5,0.0,0.5,0.5,0.0,0.0,0.0,0.0
459852,2025-04-23 11:00:00,BBL Esports,FUT Esports,1,20,37,-17.0,0.45,0.5675675675675675,-0.11756756756756753,0.0,0.0,0.0,0.0,0.0,0.0,0.0,0.0,0.0,0.0,0.0,0.0,0.5,0.5,0.0,0.5,0.5,0.0,0.5,0.5,0.0,0.0,0.0,0.0
459853,2025-04-23 15:00:00,GIANTX,Apeks,1,19,6,13.0,0.3684210526315789,0.0,0.3684210526315789,0.0,0.0,0.0,0.0,0.0,0.0,0.0,0.0,0.0,0.0,0.0,0.0,0.5,0.5,0.0,0.5,0.5,0.0,0.5,0.5,0.0,0.0,0.0,0.0
459854,2025-04-24 11:00:00,Gentle Mates,KOI,0,20,21,-1.0,0.35,0.19047619047619047,0.1595238095238095,0.0,0.0,0.0,0.0,0.0,0.0,0.0,0.0,0.0,0.0,0.0,0.0,0.5,0.5,0.0,0.5,0.5,0.0,0.5,0.5,0.0,0.0,0.0,0.0
459855,2025-04-24 14:05:00,Team Vitality,Natus Vincere,0,35,23,12.0,0.5142857142857142,0.34782608695652173,0.1664596273291925,0.0,0.0,0.0,0.0,0.0,0.0,0.0,0.0,0.0,0.0,0.0,0.0,0.5,0.5,0.0,0.5,0.5,0.0,0.5,0.5,0.0,0.0,0.0,0.0
475897,2025-04-24 17:00:00,MIBR,100 Thieves,1,26,31,-5.0,0.34615384615384615,0.4838709677419355,-0.13771712158808935,0.0,0.0,0.0,0.0,0.0,0.0,0.0,0.0,0.0,0.0,0.0,0.0,0.5,0.5,0.0,0.5,0.5,0.0,0.5,0.5,0.0,0.0,0.0,0.0
475898,2025-04-24 19:15:00,Sentinels,Cloud9,1,43,23,20.0,0.5348837209302325,0.5217391304347826,0.013144590495449915,0.0,0.0,0.0,0.0,0.0,0.0,0.0,0.0,0.0,0.0,0.0,0.0,0.5,0.5,0.0,0.5,0.5,0.0,0.5,0.5,0.0,0.0,0.0,0.0
475903,2025-04-25 17:00:00,100 Thieves,NRG,1,32,27,5.0,0.46875,0.4444444444444444,0.02430555555555558,0.0,0.0,0.0,0.0,0.0,0.0,0.0,0.0,0.0,0.0,0.0,0.0,0.5,0.5,0.0,0.5,0.5,0.0,0.5,0.5,0.0,0.0,0.0,0.0
475904,2025-04-25 19:15:00,Cloud9,Evil Geniuses,1,24,26,-2.0,0.5,0.5,0.0,0.0,0.0,0.0,0.0,0.0,0.0,0.0,0.0,0.0,0.0,0.0,0.0,0.5,0.5,0.0,0.5,0.5,0.0,0.5,0.5,0.0,0.0,0.0,0.0
473834,2025-04-26 07:00:00,DRX,T1,1,42,39,3.0,0.5952380952380952,0.4358974358974359,0.15934065934065933,0.0,0.0,0.0,0.0,0.0,0.0,0.0,0.0,0.0,0.0,0.0,0.0,0.5,0.5,0.0,0.5,0.5,0.0,0.5,0.5,0.0,0.0,0.0,0.0
475900,2025-04-26 19:05:00,G2 Esports,Sentinels,0,48,44,4.0,0.7291666666666666,0.5454545454545454,0.18371212121212122,0.0,0.0,0.0,0.0,0.0,0.0,0.0,0.0,0.0,0.0,0.0,0.0,0.5,0.5,0.0,0.5,0.5,0.0,0.5,0.5,0.0,0.0,0.0,0.0
473837,2025-04-27 04:00:00,BOOM Esports,Gen.G,0,7,50,-43.0,0.7142857142857143,0.8,-0.08571428571428574,0.0,0.0,0.0,0.0,0.0,0.0,0.0,0.0,0.0,0.0,0.0,0.0,0.5,0.5,0.0,0.5,0.5,0.0,0.5,0.5,0.0,0.0,0.0,0.0
473838,2025-04-27 06:10:00,Rex Regum Qeon,DRX,0,22,43,-21.0,0.5,0.6046511627906976,-0.10465116279069764,0.0,0.0,0.0,0.0,0.0,0.0,0.0,0.0,0.0,0.0,0.0,0.0,0.5,0.5,0.0,0.5,0.5,0.0,0.5,0.5,0.0,0.0,0.0,0.0
475905,2025-04-27 19:40:00,G2 Esports,100 Thieves,1,49,33,16.0,0.7142857142857143,0.48484848484848486,0.22943722943722944,0.0,0.0,0.0,0.0,0.0,0.0,0.0,0.0,0.0,0.0,0.0,0.0,0.5,0.5,0.0,0.5,0.5,0.0,0.5,0.5,0.0,0.0,0.0,0.0
459856,2025-05-02 11:00:00,Team Liquid,Karmine Corp,0,32,30,2.0,0.46875,0.36666666666666664,0.10208333333333336,0.0,0.0,0.0,0.0,0.0,0.0,0.0,0.0,0.0,0.0,0.0,0.0,0.5,0.5,0.0,0.5,0.5,0.0,0.5,0.5,0.0,0.0,0.0,0.0
475901,2025-05-02 17:00:00,MIBR,Sentinels,0,28,45,-17.0,0.39285714285714285,0.5555555555555556,-0.16269841269841273,0.0,0.0,0.0,0.0,0.0,0.0,0.0,0.0,0.0,0.0,0.0,0.0,0.5,0.5,0.0,0.5,0.5,0.0,0.5,0.5,0.0,0.0,0.0,0.0
475907,2025-05-02 19:50:00,G2 Esports,Evil Geniuses,1,50,28,22.0,0.72,0.5,0.21999999999999997,0.0,0.0,0.0,0.0,0.0,0.0,0.0,0.0,0.0,0.0,0.0,0.0,0.5,0.5,0.0,0.5,0.5,0.0,0.5,0.5,0.0,0.0,0.0,0.0
473836,2025-05-03 07:25:00,T1,Paper Rex,0,40,46,-6.0,0.425,0.6086956521739131,-0.1836956521739131,0.0,0.0,0.0,0.0,0.0,0.0,0.0,0.0,0.0,0.0,0.0,0.0,0.5,0.5,0.0,0.5,0.5,0.0,0.5,0.5,0.0,0.0,0.0,0.0
475908,2025-05-03 17:00:00,MIBR,G2 Esports,0,29,51,-22.0,0.3793103448275862,0.7254901960784313,-0.34617985125084516,0.0,0.0,0.0,0.0,0.0,0.0,0.0,0.0,0.0,0.0,0.0,0.0,0.5,0.5,0.0,0.5,0.5,0.0,0.5,0.5,0.0,0.0,0.0,0.0
473840,2025-05-04 06:00:00,BOOM Esports,Paper Rex,0,8,47,-39.0,0.625,0.6170212765957447,0.007978723404255317,0.0,0.0,0.0,0.0,0.0,0.0,0.0,0.0,0.0,0.0,0.0,0.0,0.5,0.5,0.0,0.5,0.5,0.0,0.5,0.5,0.0,0.0,0.0,0.0
475902,2025-05-04 17:00:00,Sentinels,G2 Esports,1,46,52,-6.0,0.5652173913043478,0.7307692307692307,-0.16555183946488294,0.0,0.0,0.0,0.0,0.0,0.0,0.0,0.0,0.0,0.0,0.0,0.0,0.5,0.5,0.0,0.5,0.5,0.0,0.5,0.5,0.0,0.0,0.0,0.0
482503,2025-05-08 11:00:00,BBL Esports,Natus Vincere,1,21,24,-3.0,0.47619047619047616,0.375,0.10119047619047616,0.0,0.0,0.0,0.0,0.0,0.0,0.0,0.0,0.0,0.0,0.0,0.0,0.5,0.5,0.0,0.5,0.5,0.0,0.5,0.5,0.0,0.0,0.0,0.0
473841,2025-05-09 04:00:00,Gen.G,Rex Regum Qeon,1,51,23,28.0,0.803921568627451,0.4782608695652174,0.3256606990622336,0.0,0.0,0.0,0.0,0.0,0.0,0.0,0.0,0.0,0.0,0.0,0.0,0.5,0.5,0.0,0.5,0.5,0.0,0.5,0.5,0.0,0.0,0.0,0.0
473842,2025-05-09 06:00:00,DRX,Paper Rex,1,45,48,-3.0,0.6,0.625,-0.025000000000000022,0.0,0.0,0.0,0.0,0.0,0.0,0.0,0.0,0.0,0.0,0.0,0.0,0.5,0.5,0.0,0.5,0.5,0.0,0.5,0.5,0.0,0.0,0.0,0.0
482505,2025-05-09 11:00:00,Natus Vincere,Karmine Corp,1,25,31,-6.0,0.36,0.3870967741935484,-0.02709677419354839,0.0,0.0,0.0,0.0,0.0,0.0,0.0,0.0,0.0,0.0,0.0,0.0,0.5,0.5,0.0,0.5,0.5,0.0,0.5,0.5,0.0,0.0,0.0,0.0
482506,2025-05-09 15:05:00,FUT Esports,Team Vitality,0,39,36,3.0,0.5384615384615384,0.5,0.038461538461538436,0.0,0.0,0.0,0.0,0.0,0.0,0.0,0.0,0.0,0.0,0.0,0.0,0.5,0.5,0.0,0.5,0.5,0.0,0.5,0.5,0.0,0.0,0.0,0.0
473843,2025-05-10 04:00:00,Rex Regum Qeon,Paper Rex,1,24,49,-25.0,0.4583333333333333,0.6122448979591837,-0.15391156462585037,0.0,0.0,0.0,0.0,0.0,0.0,0.0,0.0,0.0,0.0,0.0,0.0,0.5,0.5,0.0,0.5,0.5,0.0,0.5,0.5,0.0,0.0,0.0,0.0
482507,2025-05-10 11:00:00,Team Heretics,BBL Esports,1,49,22,27.0,0.7346938775510204,0.5,0.23469387755102045,0.0,0.0,0.0,0.0,0.0,0.0,0.0,0.0,0.0,0.0,0.0,0.0,0.5,0.5,0.0,0.5,0.5,0.0,0.5,0.5,0.0,0.0,0.0,0.0
473844,2025-05-11 04:00:00,Gen.G,Rex Regum Qeon,1,52,25,27.0,0.8076923076923077,0.48,0.3276923076923077,0.0,0.0,0.0,0.0,0.0,0.0,0.0,0.0,0.0,0.0,0.0,0.0,0.5,0.5,0.0,0.5,0.5,0.0,0.5,0.5,0.0,0.0,0.0,0.0
482510,2025-05-11 11:00:00,BBL Esports,FUT Esports,1,23,40,-17.0,0.4782608695652174,0.525,-0.046739130434782616,0.0,0.0,0.0,0.0,0.0,0.0,0.0,0.0,0.0,0.0,0.0,0.0,0.5,0.5,0.0,0.5,0.5,0.0,0.5,0.5,0.0,0.0,0.0,0.0
482509,2025-05-11 14:45:00,Team Liquid,Natus Vincere,1,34,26,8.0,0.47058823529411764,0.38461538461538464,0.085972850678733,0.0,0.0,0.0,0.0,0.0,0.0,0.0,0.0,0.0,0.0,0.0,0.0,0.5,0.5,0.0,0.5,0.5,0.0,0.5,0.5,0.0,0.0,0.0,0.0
482511,2025-05-16 13:20:00,Team Liquid,BBL Esports,1,35,24,11.0,0.4857142857142857,0.5,-0.01428571428571429,0.0,0.0,0.0,0.0,0.0,0.0,0.0,0.0,0.0,0.0,0.0,0.0,0.5,0.5,0.0,0.5,0.5,0.0,0.5,0.5,0.0,0.0,0.0,0.0
482512,2025-05-17 12:00:00,Team Heretics,Team Liquid,1,51,36,15.0,0.7254901960784313,0.5,0.22549019607843135,0.0,0.0,0.0,0.0,0.0,0.0,0.0,0.0,0.0,0.0,0.0,0.0,0.5,0.5,0.0,0.5,0.5,0.0,0.5,0.5,0.0,0.0,0.0,0.0
490309,2025-06-07 12:00:00,Team Heretics,Paper Rex,0,53,50,3.0,0.7358490566037735,0.6,0.13584905660377355,0.0,0.0,0.0,0.0,0.0,0.0,0.0,0.0,0.0,0.0,0.0,0.0,0.5,0.5,0.0,0.5,0.5,0.0,0.5,0.5,0.0,0.0,0.0,0.0
490307,2025-06-07 14:10:00,Bilibili Gaming,Team Liquid,1,24,37,-13.0,0.5,0.4864864864864865,0.013513513513513487,0.0,0.0,0.0,0.0,0.0,0.0,0.0,0.0,0.0,0.0,0.0,0.0,0.5,0.5,0.0,0.5,0.5,0.0,0.5,0.5,0.0,0.0,0.0,0.0
490308,2025-06-08 12:00:00,Sentinels,Wolves Esports,1,47,15,32.0,0.574468085106383,0.26666666666666666,0.30780141843971637,0.0,0.0,0.0,0.0,0.0,0.0,0.0,0.0,0.0,0.0,0.0,0.0,0.5,0.5,0.0,0.5,0.5,0.0,0.5,0.5,0.0,0.0,0.0,0.0
490306,2025-06-08 14:45:00,Gen.G,MIBR,1,53,30,23.0,0.8113207547169812,0.36666666666666664,0.44465408805031453,0.0,0.0,0.0,0.0,0.0,0.0,0.0,0.0,0.0,0.0,0.0,0.0,0.5,0.5,0.0,0.5,0.5,0.0,0.5,0.5,0.0,0.0,0.0,0.0
490311,2025-06-09 12:00:00,Bilibili Gaming,Sentinels,0,25,48,-23.0,0.52,0.5833333333333334,-0.06333333333333335,0.0,0.0,0.0,0.0,0.0,0.0,0.0,0.0,0.0,0.0,0.0,0.0,0.5,0.5,0.0,0.5,0.5,0.0,0.5,0.5,0.0,0.0,0.0,0.0
490310,2025-06-09 15:30:00,Paper Rex,Gen.G,0,51,54,-3.0,0.6078431372549019,0.8148148148148148,-0.20697167755991286,0.0,0.0,0.0,0.0,0.0,0.0,0.0,0.0,0.0,0.0,0.0,0.0,0.5,0.5,0.0,0.5,0.5,0.0,0.5,0.5,0.0,0.0,0.0,0.0
490312,2025-06-10 12:00:00,Team Heretics,Wolves Esports,0,54,16,38.0,0.7222222222222222,0.25,0.4722222222222222,0.0,0.0,0.0,0.0,0.0,0.0,0.0,0.0,0.0,0.0,0.0,0.0,0.5,0.5,0.0,0.5,0.5,0.0,0.5,0.5,0.0,0.0,0.0,0.0
490313,2025-06-10 14:30:00,Team Liquid,MIBR,1,38,31,7.0,0.47368421052631576,0.3548387096774194,0.11884550084889639,0.0,0.0,0.0,0.0,0.0,0.0,0.0,0.0,0.0,0.0,0.0,0.0,0.5,0.5,0.0,0.5,0.5,0.0,0.5,0.5,0.0,0.0,0.0,0.0
490315,2025-06-11 12:00:00,Bilibili Gaming,Wolves Esports,0,26,17,9.0,0.5,0.29411764705882354,0.20588235294117646,0.0,0.0,0.0,0.0,0.0,0.0,0.0,0.0,0.0,0.0,0.0,0.0,0.5,0.5,0.0,0.5,0.5,0.0,0.5,0.5,0.0,0.0,0.0,0.0
490314,2025-06-11 14:30:00,Paper Rex,Team Liquid,1,52,39,13.0,0.5961538461538461,0.48717948717948717,0.10897435897435898,0.0,0.0,0.0,0.0,0.0,0.0,0.0,0.0,0.0,0.0,0.0,0.0,0.5,0.5,0.0,0.5,0.5,0.0,0.5,0.5,0.0,0.0,0.0,0.0
498622,2025-06-13 12:00:00,G2 Esports,Paper Rex,0,53,53,0.0,0.7169811320754716,0.6037735849056604,0.1132075471698113,0.0,0.0,0.0,0.0,0.0,0.0,0.0,0.0,0.0,0.0,0.0,0.0,0.5,0.5,0.0,0.5,0.5,0.0,0.5,0.5,0.0,0.0,0.0,0.0
498621,2025-06-13 14:25:00,Xi Lai Gaming,Sentinels,1,5,49,-44.0,0.6,0.5918367346938775,0.008163265306122436,0.0,0.0,0.0,0.0,0.0,0.0,0.0,0.0,0.0,0.0,0.0,0.0,0.5,0.5,0.0,0.5,0.5,0.0,0.5,0.5,0.0,0.0,0.0,0.0
498623,2025-06-14 12:00:00,Rex Regum Qeon,Wolves Esports,0,26,18,8.0,0.46153846153846156,0.3333333333333333,0.12820512820512825,0.0,0.0,0.0,0.0,0.0,0.0,0.0,0.0,0.0,0.0,0.0,0.0,0.5,0.5,0.0,0.5,0.5,0.0,0.5,0.5,0.0,0.0,0.0,0.0
498629,2025-06-15 12:00:00,Xi Lai Gaming,G2 Esports,0,6,54,-48.0,0.6666666666666666,0.7037037037037037,-0.03703703703703709,0.0,0.0,0.0,0.0,0.0,0.0,0.0,0.0,0.0,0.0,0.0,0.0,0.5,0.5,0.0,0.5,0.5,0.0,0.5,0.5,0.0,0.0,0.0,0.0
498626,2025-06-16 12:00:00,Wolves Esports,Gen.G,1,19,56,-37.0,0.3684210526315789,0.8214285714285714,-0.45300751879699247,0.0,0.0,0.0,0.0,0.0,0.0,0.0,0.0,0.0,0.0,0.0,0.0,0.5,0.5,0.0,0.5,0.5,0.0,0.5,0.5,0.0,0.0,0.0,0.0
498625,2025-06-16 14:30:00,Sentinels,Paper Rex,0,50,54,-4.0,0.58,0.6111111111111112,-0.0311111111111112,0.0,0.0,0.0,0.0,0.0,0.0,0.0,0.0,0.0,0.0,0.0,0.0,0.5,0.5,0.0,0.5,0.5,0.0,0.5,0.5,0.0,0.0,0.0,0.0
498631,2025-06-17 12:00:00,Gen.G,G2 Esports,0,57,55,2.0,0.8070175438596491,0.7090909090909091,0.09792663476873997,0.0,0.0,0.0,0.0,0.0,0.0,0.0,0.0,0.0,0.0,0.0,0.0,0.5,0.5,0.0,0.5,0.5,0.0,0.5,0.5,0.0,0.0,0.0,0.0
498627,2025-06-20 12:00:00,Paper Rex,Wolves Esports,1,55,20,35.0,0.6181818181818182,0.4,0.21818181818181814,0.0,0.0,0.0,0.0,0.0,0.0,0.0,0.0,0.0,0.0,0.0,0.0,0.5,0.5,0.0,0.5,0.5,0.0,0.5,0.5,0.0,0.0,0.0,0.0
508816,2025-07-15 06:15:00,Nongshim RedForce,Team Secret,1,11,24,-13.0,0.5454545454545454,0.5,0.045454545454545414,0.0,0.0,0.0,0.0,0.0,0.0,0.0,0.0,0.0,0.0,0.0,0.0,0.5,0.5,0.0,0.5,0.5,0.0,0.5,0.5,0.0,0.0,0.0,0.0
508817,2025-07-16 04:00:00,T1,Paper Rex,0,41,57,-16.0,0.4146341463414634,0.631578947368421,-0.21694480102695762,0.0,0.0,0.0,0.0,0.0,0.0,0.0,0.0,0.0,0.0,0.0,0.0,0.5,0.5,0.0,0.5,0.5,0.0,0.5,0.5,0.0,0.0,0.0,0.0
508818,2025-07-16 06:35:00,DRX,Gen.G,0,46,58,-12.0,0.6086956521739131,0.7931034482758621,-0.18440779610194902,0.0,0.0,0.0,0.0,0.0,0.0,0.0,0.0,0.0,0.0,0.0,0.0,0.5,0.5,0.0,0.5,0.5,0.0,0.5,0.5,0.0,0.0,0.0,0.0
511543,2025-07-16 11:00:00,Natus Vincere,Apeks,1,27,7,20.0,0.37037037037037035,0.0,0.37037037037037035,0.0,0.0,0.0,0.0,0.0,0.0,0.0,0.0,0.0,0.0,0.0,0.0,0.5,0.5,0.0,0.5,0.5,0.0,0.5,0.5,0.0,0.0,0.0,0.0
511544,2025-07-16 13:50:00,Team Vitality,GIANTX,0,37,20,17.0,0.5135135135135135,0.4,0.11351351351351346,0.0,0.0,0.0,0.0,0.0,0.0,0.0,0.0,0.0,0.0,0.0,0.0,0.5,0.5,0.0,0.5,0.5,0.0,0.5,0.5,0.0,0.0,0.0,0.0
508819,2025-07-17 04:00:00,Rex Regum Qeon,Global Esports,0,28,21,7.0,0.42857142857142855,0.23809523809523808,0.19047619047619047,0.0,0.0,0.0,0.0,0.0,0.0,0.0,0.0,0.0,0.0,0.0,0.0,0.5,0.5,0.0,0.5,0.5,0.0,0.5,0.5,0.0,0.0,0.0,0.0
508820,2025-07-17 06:15:00,ZETA DIVISION,DetonatioN FocusMe,0,22,21,1.0,0.3181818181818182,0.14285714285714285,0.17532467532467533,0.0,0.0,0.0,0.0,0.0,0.0,0.0,0.0,0.0,0.0,0.0,0.0,0.5,0.5,0.0,0.5,0.5,0.0,0.5,0.5,0.0,0.0,0.0,0.0
511545,2025-07-17 11:00:00,FUT Esports,Gentle Mates,1,41,21,20.0,0.5121951219512195,0.3333333333333333,0.1788617886178862,0.0,0.0,0.0,0.0,0.0,0.0,0.0,0.0,0.0,0.0,0.0,0.0,0.5,0.5,0.0,0.5,0.5,0.0,0.5,0.5,0.0,0.0,0.0,0.0
511546,2025-07-17 14:30:00,Team Liquid,KOI,1,40,22,18.0,0.475,0.22727272727272727,0.2477272727272727,0.0,0.0,0.0,0.0,0.0,0.0,0.0,0.0,0.0,0.0,0.0,0.0,0.5,0.5,0.0,0.5,0.5,0.0,0.5,0.5,0.0,0.0,0.0,0.0
508821,2025-07-18 04:00:00,DRX,Nongshim RedForce,1,47,12,35.0,0.5957446808510638,0.5833333333333334,0.012411347517730431,0.0,0.0,0.0,0.0,0.0,0.0,0.0,0.0,0.0,0.0,0.0,0.0,0.5,0.5,0.0,0.5,0.5,0.0,0.5,0.5,0.0,0.0,0.0,0.0
508822,2025-07-18 07:10:00,BOOM Esports,T1,0,10,42,-32.0,0.5,0.40476190476190477,0.09523809523809523,0.0,0.0,0.0,0.0,0.0,0.0,0.0,0.0,0.0,0.0,0.0,0.0,0.5,0.5,0.0,0.5,0.5,0.0,0.5,0.5,0.0,0.0,0.0,0.0
511547,2025-07-18 11:00:00,Team Heretics,BBL Esports,1,55,25,30.0,0.7090909090909091,0.48,0.22909090909090912,0.0,0.0,0.0,0.0,0.0,0.0,0.0,0.0,0.0,0.0,0.0,0.0,0.5,0.5,0.0,0.5,0.5,0.0,0.5,0.5,0.0,0.0,0.0,0.0
509801,2025-07-18 17:00:00,Cloud9,FURIA,1,25,20,5.0,0.52,0.15,0.37,0.0,0.0,0.0,0.0,0.0,0.0,0.0,0.0,0.0,0.0,0.0,0.0,0.5,0.5,0.0,0.5,0.5,0.0,0.5,0.5,0.0,0.0,0.0,0.0
509802,2025-07-18 19:10:00,LEVIATÁN,LOUD,0,38,32,6.0,0.6842105263157895,0.34375,0.3404605263157895,0.0,0.0,0.0,0.0,0.0,0.0,0.0,0.0,0.0,0.0,0.0,0.0,0.5,0.5,0.0,0.5,0.5,0.0,0.5,0.5,0.0,0.0,0.0,0.0
508823,2025-07-19 04:00:00,Global Esports,Team Secret,0,22,25,-3.0,0.2727272727272727,0.48,-0.20727272727272728,0.0,0.0,0.0,0.0,0.0,0.0,0.0,0.0,0.0,0.0,0.0,0.0,0.5,0.5,0.0,0.5,0.5,0.0,0.5,0.5,0.0,0.0,0.0,0.0
508824,2025-07-19 07:20:00,Paper Rex,DetonatioN FocusMe,1,58,22,36.0,0.6379310344827587,0.18181818181818182,0.45611285266457685,0.0,0.0,0.0,0.0,0.0,0.0,0.0,0.0,0.0,0.0,0.0,0.0,0.5,0.5,0.0,0.5,0.5,0.0,0.5,0.5,0.0,0.0,0.0,0.0
509803,2025-07-19 17:00:00,Evil Geniuses,2Game Esports,1,29,7,22.0,0.4827586206896552,0.2857142857142857,0.1970443349753695,0.0,0.0,0.0,0.0,0.0,0.0,0.0,0.0,0.0,0.0,0.0,0.0,0.5,0.5,0.0,0.5,0.5,0.0,0.5,0.5,0.0,0.0,0.0,0.0
508826,2025-07-20 06:00:00,Rex Regum Qeon,Gen.G,1,29,59,-30.0,0.41379310344827586,0.7966101694915254,-0.38281706604324955,0.0,0.0,0.0,0.0,0.0,0.0,0.0,0.0,0.0,0.0,0.0,0.0,0.5,0.5,0.0,0.5,0.5,0.0,0.5,0.5,0.0,0.0,0.0,0.0
509805,2025-07-20 17:00:00,100 Thieves,NRG,1,34,28,6.0,0.47058823529411764,0.42857142857142855,0.04201680672268909,0.0,0.0,0.0,0.0,0.0,0.0,0.0,0.0,0.0,0.0,0.0,0.0,0.5,0.5,0.0,0.5,0.5,0.0,0.5,0.5,0.0,0.0,0.0,0.0
509806,2025-07-20 19:00:00,Sentinels,G2 Esports,1,52,57,-5.0,0.5576923076923077,0.7017543859649122,-0.14406207827260453,0.0,0.0,0.0,0.0,0.0,0.0,0.0,0.0,0.0,0.0,0.0,0.0,0.5,0.5,0.0,0.5,0.5,0.0,0.5,0.5,0.0,0.0,0.0,0.0
511549,2025-07-23 11:00:00,Apeks,Karmine Corp,0,8,33,-25.0,0.0,0.36363636363636365,-0.36363636363636365,0.0,0.0,0.0,0.0,0.0,0.0,0.0,0.0,0.0,0.0,0.0,0.0,0.5,0.5,0.0,0.5,0.5,0.0,0.5,0.5,0.0,0.0,0.0,0.0
511550,2025-07-23 14:30:00,GIANTX,BBL Esports,1,21,26,-5.0,0.42857142857142855,0.46153846153846156,-0.032967032967033016,0.0,0.0,0.0,0.0,0.0,0.0,0.0,0.0,0.0,0.0,0.0,0.0,0.5,0.5,0.0,0.5,0.5,0.0,0.5,0.5,0.0,0.0,0.0,0.0
511551,2025-07-24 11:00:00,Team Liquid,Natus Vincere,1,41,28,13.0,0.4878048780487805,0.39285714285714285,0.09494773519163763,0.0,0.0,0.0,0.0,0.0,0.0,0.0,0.0,0.0,0.0,0.0,0.0,0.5,0.5,0.0,0.5,0.5,0.0,0.5,0.5,0.0,0.0,0.0,0.0
511552,2025-07-24 13:05:00,Gentle Mates,Team Heretics,0,22,56,-34.0,0.3181818181818182,0.7142857142857143,-0.3961038961038961,0.0,0.0,0.0,0.0,0.0,0.0,0.0,0.0,0.0,0.0,0.0,0.0,0.5,0.5,0.0,0.5,0.5,0.0,0.5,0.5,0.0,0.0,0.0,0.0
508828,2025-07-25 04:00:00,Gen.G,Global Esports,1,60,23,37.0,0.7833333333333333,0.2608695652173913,0.5224637681159421,0.0,0.0,0.0,0.0,0.0,0.0,0.0,0.0,0.0,0.0,0.0,0.0,0.5,0.5,0.0,0.5,0.5,0.0,0.5,0.5,0.0,0.0,0.0,0.0
511553,2025-07-25 11:00:00,FUT Esports,Team Vitality,0,42,38,4.0,0.5238095238095238,0.5,0.023809523809523836,0.0,0.0,0.0,0.0,0.0,0.0,0.0,0.0,0.0,0.0,0.0,0.0,0.5,0.5,0.0,0.5,0.5,0.0,0.5,0.5,0.0,0.0,0.0,0.0
509807,2025-07-25 17:00:00,2Game Esports,G2 Esports,0,8,58,-50.0,0.25,0.6896551724137931,-0.43965517241379315,0.0,0.0,0.0,0.0,0.0,0.0,0.0,0.0,0.0,0.0,0.0,0.0,0.5,0.5,0.0,0.5,0.5,0.0,0.5,0.5,0.0,0.0,0.0,0.0
509808,2025-07-25 19:10:00,FURIA,Sentinels,0,21,53,-32.0,0.14285714285714285,0.5660377358490566,-0.42318059299191374,0.0,0.0,0.0,0.0,0.0,0.0,0.0,0.0,0.0,0.0,0.0,0.0,0.5,0.5,0.0,0.5,0.5,0.0,0.5,0.5,0.0,0.0,0.0,0.0
508830,2025-07-26 04:00:00,T1,ZETA DIVISION,1,43,24,19.0,0.4186046511627907,0.2916666666666667,0.12693798449612403,0.0,0.0,0.0,0.0,0.0,0.0,0.0,0.0,0.0,0.0,0.0,0.0,0.5,0.5,0.0,0.5,0.5,0.0,0.5,0.5,0.0,0.0,0.0,0.0
508831,2025-07-26 06:05:00,Rex Regum Qeon,Nongshim RedForce,1,30,13,17.0,0.43333333333333335,0.5384615384615384,-0.10512820512820509,0.0,0.0,0.0,0.0,0.0,0.0,0.0,0.0,0.0,0.0,0.0,0.0,0.5,0.5,0.0,0.5,0.5,0.0,0.5,0.5,0.0,0.0,0.0,0.0
509810,2025-07-26 19:00:00,NRG,LOUD,1,29,33,-4.0,0.41379310344827586,0.36363636363636365,0.05015673981191221,0.0,0.0,0.0,0.0,0.0,0.0,0.0,0.0,0.0,0.0,0.0,0.0,0.5,0.5,0.0,0.5,0.5,0.0,0.5,0.5,0.0,0.0,0.0,0.0
508832,2025-07-27 04:00:00,DRX,Team Secret,1,48,26,22.0,0.6041666666666666,0.5,0.10416666666666663,0.0,0.0,0.0,0.0,0.0,0.0,0.0,0.0,0.0,0.0,0.0,0.0,0.5,0.5,0.0,0.5,0.5,0.0,0.5,0.5,0.0,0.0,0.0,0.0
508833,2025-07-27 06:00:00,BOOM Esports,Paper Rex,0,11,59,-48.0,0.45454545454545453,0.6440677966101694,-0.1895223420647149,0.0,0.0,0.0,0.0,0.0,0.0,0.0,0.0,0.0,0.0,0.0,0.0,0.5,0.5,0.0,0.5,0.5,0.0,0.5,0.5,0.0,0.0,0.0,0.0
509811,2025-07-27 17:00:00,Cloud9,Evil Geniuses,1,26,30,-4.0,0.5384615384615384,0.5,0.038461538461538436,0.0,0.0,0.0,0.0,0.0,0.0,0.0,0.0,0.0,0.0,0.0,0.0,0.5,0.5,0.0,0.5,0.5,0.0,0.5,0.5,0.0,0.0,0.0,0.0
509812,2025-07-27 19:25:00,MIBR,LEVIATÁN,0,33,39,-6.0,0.3333333333333333,0.6666666666666666,-0.3333333333333333,0.0,0.0,0.0,0.0,0.0,0.0,0.0,0.0,0.0,0.0,0.0,0.0,0.5,0.5,0.0,0.5,0.5,0.0,0.5,0.5,0.0,0.0,0.0,0.0
511562,2025-07-30 11:00:00,FUT Esports,GIANTX,1,43,22,21.0,0.5116279069767442,0.45454545454545453,0.057082452431289676,0.0,0.0,0.0,0.0,0.0,0.0,0.0,0.0,0.0,0.0,0.0,0.0,0.5,0.5,0.0,0.5,0.5,0.0,0.5,0.5,0.0,0.0,0.0,0.0
511563,2025-07-30 14:10:00,Gentle Mates,BBL Esports,0,23,27,-4.0,0.30434782608695654,0.4444444444444444,-0.14009661835748788,0.0,0.0,0.0,0.0,0.0,0.0,0.0,0.0,0.0,0.0,0.0,0.0,0.5,0.5,0.0,0.5,0.5,0.0,0.5,0.5,0.0,0.0,0.0,0.0
511564,2025-07-31 11:00:00,Team Liquid,Apeks,1,42,9,33.0,0.5,0.0,0.5,0.0,0.0,0.0,0.0,0.0,0.0,0.0,0.0,0.0,0.0,0.0,0.0,0.5,0.5,0.0,0.5,0.5,0.0,0.5,0.5,0.0,0.0,0.0,0.0
511565,2025-07-31 14:40:00,KOI,Karmine Corp,0,24,34,-10.0,0.20833333333333334,0.38235294117647056,-0.17401960784313722,0.0,0.0,0.0,0.0,0.0,0.0,0.0,0.0,0.0,0.0,0.0,0.0,0.5,0.5,0.0,0.5,0.5,0.0,0.5,0.5,0.0,0.0,0.0,0.0
508834,2025-08-01 04:00:00,Gen.G,Team Secret,1,61,27,34.0,0.7868852459016393,0.48148148148148145,0.3054037644201579,0.0,0.0,0.0,0.0,0.0,0.0,0.0,0.0,0.0,0.0,0.0,0.0,0.5,0.5,0.0,0.5,0.5,0.0,0.5,0.5,0.0,0.0,0.0,0.0
511567,2025-08-01 14:40:00,Team Vitality,Team Heretics,0,39,57,-18.0,0.5128205128205128,0.7192982456140351,-0.20647773279352233,0.0,0.0,0.0,0.0,0.0,0.0,0.0,0.0,0.0,0.0,0.0,0.0,0.5,0.5,0.0,0.5,0.5,0.0,0.5,0.5,0.0,0.0,0.0,0.0
509813,2025-08-01 17:00:00,2Game Esports,FURIA,1,9,22,-13.0,0.2222222222222222,0.13636363636363635,0.08585858585858586,0.0,0.0,0.0,0.0,0.0,0.0,0.0,0.0,0.0,0.0,0.0,0.0,0.5,0.5,0.0,0.5,0.5,0.0,0.5,0.5,0.0,0.0,0.0,0.0
509814,2025-08-01 20:05:00,LEVIATÁN,NRG,0,40,30,10.0,0.675,0.43333333333333335,0.2416666666666667,0.0,0.0,0.0,0.0,0.0,0.0,0.0,0.0,0.0,0.0,0.0,0.0,0.5,0.5,0.0,0.5,0.5,0.0,0.5,0.5,0.0,0.0,0.0,0.0
508836,2025-08-02 04:00:00,BOOM Esports,DetonatioN FocusMe,0,12,24,-12.0,0.4166666666666667,0.20833333333333334,0.20833333333333334,0.0,0.0,0.0,0.0,0.0,0.0,0.0,0.0,0.0,0.0,0.0,0.0,0.5,0.5,0.0,0.5,0.5,0.0,0.5,0.5,0.0,0.0,0.0,0.0
508837,2025-08-02 06:05:00,Rex Regum Qeon,DRX,0,31,49,-18.0,0.45161290322580644,0.6122448979591837,-0.16063199473337725,0.0,0.0,0.0,0.0,0.0,0.0,0.0,0.0,0.0,0.0,0.0,0.0,0.5,0.5,0.0,0.5,0.5,0.0,0.5,0.5,0.0,0.0,0.0,0.0
509815,2025-08-02 17:00:00,Sentinels,Cloud9,1,54,27,27.0,0.5740740740740741,0.5555555555555556,0.01851851851851849,0.0,0.0,0.0,0.0,0.0,0.0,0.0,0.0,0.0,0.0,0.0,0.0,0.5,0.5,0.0,0.5,0.5,0.0,0.5,0.5,0.0,0.0,0.0,0.0
509816,2025-08-02 19:15:00,MIBR,100 Thieves,1,34,36,-2.0,0.3235294117647059,0.5,-0.1764705882352941,0.0,0.0,0.0,0.0,0.0,0.0,0.0,0.0,0.0,0.0,0.0,0.0,0.5,0.5,0.0,0.5,0.5,0.0,0.5,0.5,0.0,0.0,0.0,0.0
508838,2025-08-03 04:00:00,Nongshim RedForce,Global Esports,1,14,24,-10.0,0.5,0.25,0.25,0.0,0.0,0.0,0.0,0.0,0.0,0.0,0.0,0.0,0.0,0.0,0.0,0.5,0.5,0.0,0.5,0.5,0.0,0.5,0.5,0.0,0.0,0.0,0.0
508839,2025-08-03 06:10:00,Paper Rex,ZETA DIVISION,0,60,25,35.0,0.65,0.28,0.37,0.0,0.0,0.0,0.0,0.0,0.0,0.0,0.0,0.0,0.0,0.0,0.0,0.5,0.5,0.0,0.5,0.5,0.0,0.5,0.5,0.0,0.0,0.0,0.0
509817,2025-08-03 17:00:00,G2 Esports,Evil Geniuses,1,59,31,28.0,0.6949152542372882,0.4838709677419355,0.21104428649535267,0.0,0.0,0.0,0.0,0.0,0.0,0.0,0.0,0.0,0.0,0.0,0.0,0.5,0.5,0.0,0.5,0.5,0.0,0.5,0.5,0.0,0.0,0.0,0.0
511568,2025-08-06 11:00:00,FUT Esports,Team Heretics,0,44,58,-14.0,0.5227272727272727,0.7241379310344828,-0.20141065830721006,0.0,0.0,0.0,0.0,0.0,0.0,0.0,0.0,0.0,0.0,0.0,0.0,0.5,0.5,0.0,0.5,0.5,0.0,0.5,0.5,0.0,0.0,0.0,0.0
511569,2025-08-06 13:35:00,KOI,Apeks,1,25,10,15.0,0.2,0.0,0.2,0.0,0.0,0.0,0.0,0.0,0.0,0.0,0.0,0.0,0.0,0.0,0.0,0.5,0.5,0.0,0.5,0.5,0.0,0.5,0.5,0.0,0.0,0.0,0.0
511570,2025-08-07 11:00:00,Gentle Mates,GIANTX,0,24,23,1.0,0.2916666666666667,0.43478260869565216,-0.14311594202898548,0.0,0.0,0.0,0.0,0.0,0.0,0.0,0.0,0.0,0.0,0.0,0.0,0.5,0.5,0.0,0.5,0.5,0.0,0.5,0.5,0.0,0.0,0.0,0.0
511571,2025-08-07 14:00:00,Natus Vincere,Karmine Corp,1,30,35,-5.0,0.36666666666666664,0.4,-0.03333333333333338,0.0,0.0,0.0,0.0,0.0,0.0,0.0,0.0,0.0,0.0,0.0,0.0,0.5,0.5,0.0,0.5,0.5,0.0,0.5,0.5,0.0,0.0,0.0,0.0
508840,2025-08-08 04:00:00,Gen.G,Nongshim RedForce,0,62,15,47.0,0.7903225806451613,0.5333333333333333,0.25698924731182793,0.0,0.0,0.0,0.0,0.0,0.0,0.0,0.0,0.0,0.0,0.0,0.0,0.5,0.5,0.0,0.5,0.5,0.0,0.5,0.5,0.0,0.0,0.0,0.0
511572,2025-08-08 11:00:00,Team Vitality,BBL Esports,0,40,28,12.0,0.5,0.4642857142857143,0.0357142857142857,0.0,0.0,0.0,0.0,0.0,0.0,0.0,0.0,0.0,0.0,0.0,0.0,0.5,0.5,0.0,0.5,0.5,0.0,0.5,0.5,0.0,0.0,0.0,0.0
509819,2025-08-08 17:00:00,Cloud9,2Game Esports,1,28,10,18.0,0.5357142857142857,0.3,0.2357142857142857,0.0,0.0,0.0,0.0,0.0,0.0,0.0,0.0,0.0,0.0,0.0,0.0,0.5,0.5,0.0,0.5,0.5,0.0,0.5,0.5,0.0,0.0,0.0,0.0
509820,2025-08-08 19:00:00,MIBR,NRG,0,35,31,4.0,0.34285714285714286,0.45161290322580644,-0.10875576036866358,0.0,0.0,0.0,0.0,0.0,0.0,0.0,0.0,0.0,0.0,0.0,0.0,0.5,0.5,0.0,0.5,0.5,0.0,0.5,0.5,0.0,0.0,0.0,0.0
508842,2025-08-09 04:00:00,DRX,Global Esports,1,50,25,25.0,0.62,0.24,0.38,0.0,0.0,0.0,0.0,0.0,0.0,0.0,0.0,0.0,0.0,0.0,0.0,0.5,0.5,0.0,0.5,0.5,0.0,0.5,0.5,0.0,0.0,0.0,0.0
508843,2025-08-09 06:25:00,BOOM Esports,ZETA DIVISION,0,13,26,-13.0,0.38461538461538464,0.3076923076923077,0.07692307692307693,0.0,0.0,0.0,0.0,0.0,0.0,0.0,0.0,0.0,0.0,0.0,0.0,0.5,0.5,0.0,0.5,0.5,0.0,0.5,0.5,0.0,0.0,0.0,0.0
509821,2025-08-09 17:00:00,Sentinels,Evil Geniuses,1,55,32,23.0,0.5818181818181818,0.46875,0.11306818181818179,0.0,0.0,0.0,0.0,0.0,0.0,0.0,0.0,0.0,0.0,0.0,0.0,0.5,0.5,0.0,0.5,0.5,0.0,0.5,0.5,0.0,0.0,0.0,0.0
508844,2025-08-10 04:00:00,Rex Regum Qeon,Team Secret,1,32,28,4.0,0.4375,0.4642857142857143,-0.0267857142857143,0.0,0.0,0.0,0.0,0.0,0.0,0.0,0.0,0.0,0.0,0.0,0.0,0.5,0.5,0.0,0.5,0.5,0.0,0.5,0.5,0.0,0.0,0.0,0.0
508845,2025-08-10 07:05:00,T1,DetonatioN FocusMe,1,45,25,20.0,0.4222222222222222,0.24,0.18222222222222223,0.0,0.0,0.0,0.0,0.0,0.0,0.0,0.0,0.0,0.0,0.0,0.0,0.5,0.5,0.0,0.5,0.5,0.0,0.5,0.5,0.0,0.0,0.0,0.0
509823,2025-08-10 17:00:00,FURIA,G2 Esports,0,23,60,-37.0,0.13043478260869565,0.7,-0.5695652173913043,0.0,0.0,0.0,0.0,0.0,0.0,0.0,0.0,0.0,0.0,0.0,0.0,0.5,0.5,0.0,0.5,0.5,0.0,0.5,0.5,0.0,0.0,0.0,0.0
509824,2025-08-10 19:00:00,LOUD,100 Thieves,0,35,37,-2.0,0.34285714285714286,0.4864864864864865,-0.14362934362934365,0.0,0.0,0.0,0.0,0.0,0.0,0.0,0.0,0.0,0.0,0.0,0.0,0.5,0.5,0.0,0.5,0.5,0.0,0.5,0.5,0.0,0.0,0.0,0.0
530355,2025-08-13 06:35:00,Rex Regum Qeon,T1,0,33,46,-13.0,0.45454545454545453,0.43478260869565216,0.01976284584980237,0.0,0.0,0.0,0.0,0.0,0.0,0.0,0.0,0.0,0.0,0.0,0.0,0.5,0.5,0.0,0.5,0.5,0.0,0.5,0.5,0.0,0.0,0.0,0.0
511575,2025-08-13 11:00:00,KOI,Natus Vincere,0,26,31,-5.0,0.23076923076923078,0.3870967741935484,-0.1563275434243176,0.0,0.0,0.0,0.0,0.0,0.0,0.0,0.0,0.0,0.0,0.0,0.0,0.5,0.5,0.0,0.5,0.5,0.0,0.5,0.5,0.0,0.0,0.0,0.0
530357,2025-08-14 07:10:00,Paper Rex,T1,1,62,47,15.0,0.6451612903225806,0.44680851063829785,0.19835277968428278,0.0,0.0,0.0,0.0,0.0,0.0,0.0,0.0,0.0,0.0,0.0,0.0,0.5,0.5,0.0,0.5,0.5,0.0,0.5,0.5,0.0,0.0,0.0,0.0
511577,2025-08-14 11:00:00,GIANTX,Team Heretics,0,24,59,-35.0,0.4583333333333333,0.7288135593220338,-0.27048022598870053,0.0,0.0,0.0,0.0,0.0,0.0,0.0,0.0,0.0,0.0,0.0,0.0,0.5,0.5,0.0,0.5,0.5,0.0,0.5,0.5,0.0,0.0,0.0,0.0
511579,2025-08-14 13:05:00,Gentle Mates,Team Vitality,0,25,41,-16.0,0.28,0.4878048780487805,-0.20780487804878045,0.0,0.0,0.0,0.0,0.0,0.0,0.0,0.0,0.0,0.0,0.0,0.0,0.5,0.5,0.0,0.5,0.5,0.0,0.5,0.5,0.0,0.0,0.0,0.0
530358,2025-08-15 04:00:00,Nongshim RedForce,DetonatioN FocusMe,1,17,26,-9.0,0.5294117647058824,0.23076923076923078,0.2986425339366516,0.0,0.0,0.0,0.0,0.0,0.0,0.0,0.0,0.0,0.0,0.0,0.0,0.5,0.5,0.0,0.5,0.5,0.0,0.5,0.5,0.0,0.0,0.0,0.0
530359,2025-08-15 06:05:00,Rex Regum Qeon,Gen.G,1,34,63,-29.0,0.4411764705882353,0.7777777777777778,-0.3366013071895425,0.0,0.0,0.0,0.0,0.0,0.0,0.0,0.0,0.0,0.0,0.0,0.0,0.5,0.5,0.0,0.5,0.5,0.0,0.5,0.5,0.0,0.0,0.0,0.0
511580,2025-08-15 11:00:00,FUT Esports,BBL Esports,0,45,29,16.0,0.5111111111111111,0.4827586206896552,0.028352490421455878,0.0,0.0,0.0,0.0,0.0,0.0,0.0,0.0,0.0,0.0,0.0,0.0,0.5,0.5,0.0,0.5,0.5,0.0,0.5,0.5,0.0,0.0,0.0,0.0
511581,2025-08-15 13:30:00,Team Liquid,Karmine Corp,0,44,36,8.0,0.5227272727272727,0.3888888888888889,0.1338383838383838,0.0,0.0,0.0,0.0,0.0,0.0,0.0,0.0,0.0,0.0,0.0,0.0,0.5,0.5,0.0,0.5,0.5,0.0,0.5,0.5,0.0,0.0,0.0,0.0
509826,2025-08-15 20:05:00,100 Thieves,LEVIATÁN,0,38,42,-4.0,0.5,0.6666666666666666,-0.16666666666666663,0.0,0.0,0.0,0.0,0.0,0.0,0.0,0.0,0.0,0.0,0.0,0.0,0.5,0.5,0.0,0.5,0.5,0.0,0.5,0.5,0.0,0.0,0.0,0.0
530360,2025-08-16 04:00:00,T1,Nongshim RedForce,1,48,18,30.0,0.4375,0.5555555555555556,-0.11805555555555558,0.0,0.0,0.0,0.0,0.0,0.0,0.0,0.0,0.0,0.0,0.0,0.0,0.5,0.5,0.0,0.5,0.5,0.0,0.5,0.5,0.0,0.0,0.0,0.0
530361,2025-08-16 06:05:00,DRX,Rex Regum Qeon,0,52,35,17.0,0.6153846153846154,0.45714285714285713,0.1582417582417583,0.0,0.0,0.0,0.0,0.0,0.0,0.0,0.0,0.0,0.0,0.0,0.0,0.5,0.5,0.0,0.5,0.5,0.0,0.5,0.5,0.0,0.0,0.0,0.0
509827,2025-08-16 17:00:00,FURIA,Evil Geniuses,0,24,33,-9.0,0.125,0.45454545454545453,-0.32954545454545453,0.0,0.0,0.0,0.0,0.0,0.0,0.0,0.0,0.0,0.0,0.0,0.0,0.5,0.5,0.0,0.5,0.5,0.0,0.5,0.5,0.0,0.0,0.0,0.0
509829,2025-08-16 19:20:00,2Game Esports,Sentinels,0,11,56,-45.0,0.2727272727272727,0.5892857142857143,-0.3165584415584416,0.0,0.0,0.0,0.0,0.0,0.0,0.0,0.0,0.0,0.0,0.0,0.0,0.5,0.5,0.0,0.5,0.5,0.0,0.5,0.5,0.0,0.0,0.0,0.0
530363,2025-08-17 06:00:00,T1,Rex Regum Qeon,0,49,36,13.0,0.4489795918367347,0.4722222222222222,-0.023242630385487517,0.0,0.0,0.0,0.0,0.0,0.0,0.0,0.0,0.0,0.0,0.0,0.0,0.5,0.5,0.0,0.5,0.5,0.0,0.5,0.5,0.0,0.0,0.0,0.0
509830,2025-08-17 17:00:00,G2 Esports,Cloud9,1,61,29,32.0,0.7049180327868853,0.5517241379310345,0.15319389485585078,0.0,0.0,0.0,0.0,0.0,0.0,0.0,0.0,0.0,0.0,0.0,0.0,0.5,0.5,0.0,0.5,0.5,0.0,0.5,0.5,0.0,0.0,0.0,0.0
509831,2025-08-17 19:30:00,MIBR,LOUD,1,36,36,0.0,0.3333333333333333,0.3333333333333333,0.0,0.0,0.0,0.0,0.0,0.0,0.0,0.0,0.0,0.0,0.0,0.0,0.0,0.5,0.5,0.0,0.5,0.5,0.0,0.5,0.5,0.0,0.0,0.0,0.0
530925,2025-08-21 14:15:00,GIANTX,Natus Vincere,1,25,32,-7.0,0.44,0.40625,0.03375,0.0,0.0,0.0,0.0,0.0,0.0,0.0,0.0,0.0,0.0,0.0,0.0,0.5,0.5,0.0,0.5,0.5,0.0,0.5,0.5,0.0,0.0,0.0,0.0
530902,2025-08-21 17:00:00,LEVIATÁN,Cloud9,0,43,30,13.0,0.6744186046511628,0.5333333333333333,0.14108527131782944,0.0,0.0,0.0,0.0,0.0,0.0,0.0,0.0,0.0,0.0,0.0,0.0,0.5,0.5,0.0,0.5,0.5,0.0,0.5,0.5,0.0,0.0,0.0,0.0
530903,2025-08-21 20:45:00,G2 Esports,100 Thieves,1,62,39,23.0,0.7096774193548387,0.48717948717948717,0.22249793217535158,0.0,0.0,0.0,0.0,0.0,0.0,0.0,0.0,0.0,0.0,0.0,0.0,0.5,0.5,0.0,0.5,0.5,0.0,0.5,0.5,0.0,0.0,0.0,0.0
530928,2025-08-22 11:00:00,Team Heretics,BBL Esports,1,60,31,29.0,0.7333333333333333,0.5161290322580645,0.21720430107526878,0.0,0.0,0.0,0.0,0.0,0.0,0.0,0.0,0.0,0.0,0.0,0.0,0.5,0.5,0.0,0.5,0.5,0.0,0.5,0.5,0.0,0.0,0.0,0.0
530929,2025-08-22 13:20:00,Team Liquid,GIANTX,1,45,26,19.0,0.5111111111111111,0.46153846153846156,0.04957264957264951,0.0,0.0,0.0,0.0,0.0,0.0,0.0,0.0,0.0,0.0,0.0,0.0,0.5,0.5,0.0,0.5,0.5,0.0,0.5,0.5,0.0,0.0,0.0,0.0
530906,2025-08-22 17:00:00,Sentinels,Cloud9,1,57,31,26.0,0.5964912280701754,0.5483870967741935,0.0481041312959819,0.0,0.0,0.0,0.0,0.0,0.0,0.0,0.0,0.0,0.0,0.0,0.0,0.5,0.5,0.0,0.5,0.5,0.0,0.5,0.5,0.0,0.0,0.0,0.0
530907,2025-08-22 20:35:00,NRG,G2 Esports,0,33,63,-30.0,0.48484848484848486,0.7142857142857143,-0.22943722943722944,0.0,0.0,0.0,0.0,0.0,0.0,0.0,0.0,0.0,0.0,0.0,0.0,0.5,0.5,0.0,0.5,0.5,0.0,0.5,0.5,0.0,0.0,0.0,0.0
530927,2025-08-23 14:55:00,Natus Vincere,Team Vitality,1,33,42,-9.0,0.3939393939393939,0.5,-0.10606060606060608,0.0,0.0,0.0,0.0,0.0,0.0,0.0,0.0,0.0,0.0,0.0,0.0,0.5,0.5,0.0,0.5,0.5,0.0,0.5,0.5,0.0,0.0,0.0,0.0
530905,2025-08-23 20:25:00,100 Thieves,Evil Geniuses,1,40,34,6.0,0.475,0.47058823529411764,0.004411764705882337,0.0,0.0,0.0,0.0,0.0,0.0,0.0,0.0,0.0,0.0,0.0,0.0,0.5,0.5,0.0,0.5,0.5,0.0,0.5,0.5,0.0,0.0,0.0,0.0
530931,2025-08-24 13:25:00,Team Heretics,Natus Vincere,0,61,34,27.0,0.7377049180327869,0.4117647058823529,0.325940212150434,0.0,0.0,0.0,0.0,0.0,0.0,0.0,0.0,0.0,0.0,0.0,0.0,0.5,0.5,0.0,0.5,0.5,0.0,0.5,0.5,0.0,0.0,0.0,0.0
530908,2025-08-24 17:00:00,NRG,LEVIATÁN,1,34,45,-11.0,0.47058823529411764,0.6666666666666666,-0.196078431372549,0.0,0.0,0.0,0.0,0.0,0.0,0.0,0.0,0.0,0.0,0.0,0.0,0.5,0.5,0.0,0.5,0.5,0.0,0.5,0.5,0.0,0.0,0.0,0.0
530909,2025-08-24 18:50:00,Cloud9,100 Thieves,1,32,41,-9.0,0.53125,0.4878048780487805,0.04344512195121952,0.0,0.0,0.0,0.0,0.0,0.0,0.0,0.0,0.0,0.0,0.0,0.0,0.5,0.5,0.0,0.5,0.5,0.0,0.5,0.5,0.0,0.0,0.0,0.0
530932,2025-08-29 11:00:00,BBL Esports,Team Liquid,0,32,46,-14.0,0.5,0.5217391304347826,-0.021739130434782594,0.0,0.0,0.0,0.0,0.0,0.0,0.0,0.0,0.0,0.0,0.0,0.0,0.5,0.5,0.0,0.5,0.5,0.0,0.5,0.5,0.0,0.0,0.0,0.0
530933,2025-08-29 14:40:00,GIANTX,Natus Vincere,1,28,35,-7.0,0.4642857142857143,0.42857142857142855,0.035714285714285754,0.0,0.0,0.0,0.0,0.0,0.0,0.0,0.0,0.0,0.0,0.0,0.0,0.5,0.5,0.0,0.5,0.5,0.0,0.5,0.5,0.0,0.0,0.0,0.0
530910,2025-08-29 17:00:00,Sentinels,G2 Esports,1,58,64,-6.0,0.603448275862069,0.71875,-0.11530172413793105,0.0,0.0,0.0,0.0,0.0,0.0,0.0,0.0,0.0,0.0,0.0,0.0,0.5,0.5,0.0,0.5,0.5,0.0,0.5,0.5,0.0,0.0,0.0,0.0
530911,2025-08-29 19:30:00,NRG,Cloud9,1,35,33,2.0,0.4857142857142857,0.5454545454545454,-0.059740259740259705,0.0,0.0,0.0,0.0,0.0,0.0,0.0,0.0,0.0,0.0,0.0,0.0,0.5,0.5,0.0,0.5,0.5,0.0,0.5,0.5,0.0,0.0,0.0,0.0
530934,2025-08-30 12:00:00,BBL Esports,GIANTX,0,33,29,4.0,0.48484848484848486,0.4827586206896552,0.0020898641588296685,0.0,0.0,0.0,0.0,0.0,0.0,0.0,0.0,0.0,0.0,0.0,0.0,0.5,0.5,0.0,0.5,0.5,0.0,0.5,0.5,0.0,0.0,0.0,0.0
530912,2025-08-30 18:00:00,Sentinels,NRG,0,59,36,23.0,0.6101694915254238,0.5,0.11016949152542377,0.0,0.0,0.0,0.0,0.0,0.0,0.0,0.0,0.0,0.0,0.0,0.0,0.5,0.5,0.0,0.5,0.5,0.0,0.5,0.5,0.0,0.0,0.0,0.0
530365,2025-08-31 01:50:00,Paper Rex,Rex Regum Qeon,1,64,38,26.0,0.65625,0.5,0.15625,0.0,0.0,0.0,0.0,0.0,0.0,0.0,0.0,0.0,0.0,0.0,0.0,0.5,0.5,0.0,0.5,0.5,0.0,0.5,0.5,0.0,0.0,0.0,0.0
530935,2025-08-31 12:00:00,Team Liquid,GIANTX,1,47,30,17.0,0.5319148936170213,0.5,0.03191489361702127,0.0,0.0,0.0,0.0,0.0,0.0,0.0,0.0,0.0,0.0,0.0,0.0,0.5,0.5,0.0,0.5,0.5,0.0,0.5,0.5,0.0,0.0,0.0,0.0
530913,2025-08-31 17:00:00,G2 Esports,NRG,1,65,37,28.0,0.7076923076923077,0.5135135135135135,0.19417879417879425,0.0,0.0,0.0,0.0,0.0,0.0,0.0,0.0,0.0,0.0,0.0,0.0,0.5,0.5,0.0,0.5,0.5,0.0,0.5,0.5,0.0,0.0,0.0,0.0
542195,2025-09-12 09:00:00,Paper Rex,Xi Lai Gaming,1,65,7,58.0,0.6615384615384615,0.5714285714285714,0.09010989010989012,0.0,0.0,0.0,0.0,0.0,0.0,0.0,0.0,0.0,0.0,0.0,0.0,0.5,0.5,0.0,0.5,0.5,0.0,0.5,0.5,0.0,0.0,0.0,0.0
542196,2025-09-12 11:25:00,GIANTX,Sentinels,1,31,60,-29.0,0.4838709677419355,0.6,-0.11612903225806448,0.0,0.0,0.0,0.0,0.0,0.0,0.0,0.0,0.0,0.0,0.0,0.0,0.5,0.5,0.0,0.5,0.5,0.0,0.5,0.5,0.0,0.0,0.0,0.0
542207,2025-09-13 09:00:00,NRG,EDward Gaming,1,38,48,-10.0,0.5,0.6458333333333334,-0.14583333333333337,0.0,0.0,0.0,0.0,0.0,0.0,0.0,0.0,0.0,0.0,0.0,0.0,0.5,0.5,0.0,0.5,0.5,0.0,0.5,0.5,0.0,0.0,0.0,0.0
542205,2025-09-13 11:55:00,Team Liquid,DRX,0,48,53,-5.0,0.5416666666666666,0.6037735849056604,-0.062106918238993725,0.0,0.0,0.0,0.0,0.0,0.0,0.0,0.0,0.0,0.0,0.0,0.0,0.5,0.5,0.0,0.5,0.5,0.0,0.5,0.5,0.0,0.0,0.0,0.0
542212,2025-09-14 09:00:00,Dragon Ranger Gaming,T1,0,25,50,-25.0,0.4,0.44,-0.03999999999999998,0.0,0.0,0.0,0.0,0.0,0.0,0.0,0.0,0.0,0.0,0.0,0.0,0.5,0.5,0.0,0.5,0.5,0.0,0.5,0.5,0.0,0.0,0.0,0.0
542211,2025-09-14 12:20:00,G2 Esports,Team Heretics,0,66,62,4.0,0.7121212121212122,0.7258064516129032,-0.013685239491691092,0.0,0.0,0.0,0.0,0.0,0.0,0.0,0.0,0.0,0.0,0.0,0.0,0.5,0.5,0.0,0.5,0.5,0.0,0.5,0.5,0.0,0.0,0.0,0.0
542200,2025-09-15 09:00:00,Bilibili Gaming,MIBR,0,27,37,-10.0,0.48148148148148145,0.35135135135135137,0.13013013013013008,0.0,0.0,0.0,0.0,0.0,0.0,0.0,0.0,0.0,0.0,0.0,0.0,0.5,0.5,0.0,0.5,0.5,0.0,0.5,0.5,0.0,0.0,0.0,0.0
542197,2025-09-17 09:00:00,Paper Rex,GIANTX,1,66,32,34.0,0.6666666666666666,0.5,0.16666666666666663,0.0,0.0,0.0,0.0,0.0,0.0,0.0,0.0,0.0,0.0,0.0,0.0,0.5,0.5,0.0,0.5,0.5,0.0,0.5,0.5,0.0,0.0,0.0,0.0
542208,2025-09-17 12:10:00,DRX,NRG,0,54,39,15.0,0.6111111111111112,0.5128205128205128,0.09829059829059839,0.0,0.0,0.0,0.0,0.0,0.0,0.0,0.0,0.0,0.0,0.0,0.0,0.5,0.5,0.0,0.5,0.5,0.0,0.5,0.5,0.0,0.0,0.0,0.0
542213,2025-09-18 09:00:00,Team Heretics,T1,1,63,51,12.0,0.7301587301587301,0.45098039215686275,0.27917833800186737,0.0,0.0,0.0,0.0,0.0,0.0,0.0,0.0,0.0,0.0,0.0,0.0,0.5,0.5,0.0,0.5,0.5,0.0,0.5,0.5,0.0,0.0,0.0,0.0
542209,2025-09-19 09:00:00,Team Liquid,EDward Gaming,1,49,49,0.0,0.5306122448979592,0.6326530612244898,-0.10204081632653061,0.0,0.0,0.0,0.0,0.0,0.0,0.0,0.0,0.0,0.0,0.0,0.0,0.5,0.5,0.0,0.5,0.5,0.0,0.5,0.5,0.0,0.0,0.0,0.0
542198,2025-09-19 12:30:00,Xi Lai Gaming,Sentinels,1,8,61,-53.0,0.5,0.5901639344262295,-0.0901639344262295,0.0,0.0,0.0,0.0,0.0,0.0,0.0,0.0,0.0,0.0,0.0,0.0,0.5,0.5,0.0,0.5,0.5,0.0,0.5,0.5,0.0,0.0,0.0,0.0
542203,2025-09-20 09:00:00,Bilibili Gaming,Rex Regum Qeon,0,28,40,-12.0,0.4642857142857143,0.475,-0.010714285714285676,0.0,0.0,0.0,0.0,0.0,0.0,0.0,0.0,0.0,0.0,0.0,0.0,0.5,0.5,0.0,0.5,0.5,0.0,0.5,0.5,0.0,0.0,0.0,0.0
542214,2025-09-20 12:00:00,G2 Esports,Dragon Ranger Gaming,1,67,26,41.0,0.7014925373134329,0.38461538461538464,0.3168771526980482,0.0,0.0,0.0,0.0,0.0,0.0,0.0,0.0,0.0,0.0,0.0,0.0,0.5,0.5,0.0,0.5,0.5,0.0,0.5,0.5,0.0,0.0,0.0,0.0
542210,2025-09-21 09:00:00,DRX,Team Liquid,1,55,50,5.0,0.6,0.54,0.05999999999999994,0.0,0.0,0.0,0.0,0.0,0.0,0.0,0.0,0.0,0.0,0.0,0.0,0.5,0.5,0.0,0.5,0.5,0.0,0.5,0.5,0.0,0.0,0.0,0.0
542199,2025-09-21 11:20:00,GIANTX,Xi Lai Gaming,1,33,9,24.0,0.48484848484848486,0.5555555555555556,-0.07070707070707072,0.0,0.0,0.0,0.0,0.0,0.0,0.0,0.0,0.0,0.0,0.0,0.0,0.5,0.5,0.0,0.5,0.5,0.0,0.5,0.5,0.0,0.0,0.0,0.0
542215,2025-09-22 09:00:00,T1,G2 Esports,0,52,68,-16.0,0.4423076923076923,0.7058823529411765,-0.2635746606334842,0.0,0.0,0.0,0.0,0.0,0.0,0.0,0.0,0.0,0.0,0.0,0.0,0.5,0.5,0.0,0.5,0.5,0.0,0.5,0.5,0.0,0.0,0.0,0.0
542204,2025-09-22 11:15:00,MIBR,Rex Regum Qeon,1,39,41,-2.0,0.358974358974359,0.4878048780487805,-0.1288305190744215,0.0,0.0,0.0,0.0,0.0,0.0,0.0,0.0,0.0,0.0,0.0,0.0,0.5,0.5,0.0,0.5,0.5,0.0,0.5,0.5,0.0,0.0,0.0,0.0
542265,2025-09-25 09:00:00,Paper Rex,G2 Esports,1,67,69,-2.0,0.6716417910447762,0.7101449275362319,-0.03850313649145576,0.0,0.0,0.0,0.0,0.0,0.0,0.0,0.0,0.0,0.0,0.0,0.0,0.5,0.5,0.0,0.5,0.5,0.0,0.5,0.5,0.0,0.0,0.0,0.0
542266,2025-09-26 09:00:00,Team Heretics,MIBR,0,64,40,24.0,0.734375,0.375,0.359375,0.0,0.0,0.0,0.0,0.0,0.0,0.0,0.0,0.0,0.0,0.0,0.0,0.5,0.5,0.0,0.5,0.5,0.0,0.5,0.5,0.0,0.0,0.0,0.0
542267,2025-09-26 11:35:00,NRG,GIANTX,1,40,34,6.0,0.525,0.5,0.025000000000000022,0.0,0.0,0.0,0.0,0.0,0.0,0.0,0.0,0.0,0.0,0.0,0.0,0.5,0.5,0.0,0.5,0.5,0.0,0.5,0.5,0.0,0.0,0.0,0.0
542273,2025-09-27 09:00:00,DRX,G2 Esports,1,57,70,-13.0,0.5964912280701754,0.7,-0.10350877192982455,0.0,0.0,0.0,0.0,0.0,0.0,0.0,0.0,0.0,0.0,0.0,0.0,0.5,0.5,0.0,0.5,0.5,0.0,0.5,0.5,0.0,0.0,0.0,0.0
542274,2025-09-27 12:20:00,Team Heretics,GIANTX,1,65,35,30.0,0.7230769230769231,0.4857142857142857,0.23736263736263735,0.0,0.0,0.0,0.0,0.0,0.0,0.0,0.0,0.0,0.0,0.0,0.0,0.5,0.5,0.0,0.5,0.5,0.0,0.5,0.5,0.0,0.0,0.0,0.0
542269,2025-09-28 12:20:00,MIBR,NRG,0,41,41,0.0,0.3902439024390244,0.5365853658536586,-0.14634146341463417,0.0,0.0,0.0,0.0,0.0,0.0,0.0,0.0,0.0,0.0,0.0,0.0,0.5,0.5,0.0,0.5,0.5,0.0,0.5,0.5,0.0,0.0,0.0,0.0
542277,2025-09-29 09:00:00,Paper Rex,Team Heretics,1,69,66,3.0,0.6666666666666666,0.7272727272727273,-0.06060606060606066,0.0,0.0,0.0,0.0,0.0,0.0,0.0,0.0,0.0,0.0,0.0,0.0,0.5,0.5,0.0,0.5,0.5,0.0,0.5,0.5,0.0,0.0,0.0,0.0
542276,2025-09-29 12:20:00,MIBR,DRX,0,42,58,-16.0,0.38095238095238093,0.603448275862069,-0.22249589490968802,0.0,0.0,0.0,0.0,0.0,0.0,0.0,0.0,0.0,0.0,0.0,0.0,0.5,0.5,0.0,0.5,0.5,0.0,0.5,0.5,0.0,0.0,0.0,0.0
542278,2025-10-03 09:35:00,DRX,Paper Rex,1,59,70,-11.0,0.6101694915254238,0.6714285714285714,-0.061259079903147606,0.0,0.0,0.0,0.0,0.0,0.0,0.0,0.0,0.0,0.0,0.0,0.0,0.5,0.5,0.0,0.5,0.5,0.0,0.5,0.5,0.0,0.0,0.0,0.0
596399,2026-01-15 17:00:00,ENVY,Evil Geniuses,1,0,35,-35.0,0.5,0.45714285714285713,0.04285714285714287,0.0,0.0,0.0,0.0,0.0,0.0,0.0,0.0,0.0,0.0,0.0,0.0,0.0,0.5,-0.5,0.0,0.5,-0.5,0.0,0.5,-0.5,0.0,0.0,0.0
596398,2026-01-15 20:10:00,LOUD,Cloud9,1,37,34,3.0,0.32432432432432434,0.5294117647058824,-0.20508744038155802,0.0,0.0,0.0,0.0,0.0,0.0,0.0,0.0,0.0,0.0,0.0,0.0,0.5,0.5,0.0,0.5,0.5,0.0,0.5,0.5,0.0,0.0,0.0,0.0
596401,2026-01-16 20:05:00,100 Thieves,LEVIATÁN,1,42,46,-4.0,0.47619047619047616,0.6521739130434783,-0.1759834368530021,0.0,0.0,0.0,0.0,0.0,0.0,0.0,0.0,0.0,0.0,0.0,0.0,0.5,0.5,0.0,0.5,0.5,0.0,0.5,0.5,0.0,0.0,0.0,0.0
596402,2026-01-17 17:00:00,NRG,Cloud9,1,44,35,9.0,0.5681818181818182,0.5142857142857142,0.053896103896104,0.0,0.0,0.0,0.0,0.0,0.0,0.0,0.0,0.0,0.0,0.0,0.0,0.5,0.5,0.0,0.5,0.5,0.0,0.5,0.5,0.0,0.0,0.0,0.0
596403,2026-01-17 19:00:00,MIBR,ENVY,1,43,1,42.0,0.37209302325581395,1.0,-0.627906976744186,0.0,0.0,0.0,0.0,0.0,0.0,0.0,0.0,0.0,0.0,0.0,0.0,0.5,0.4444444444444444,0.05555555555555558,0.5,0.6129032258064516,-0.11290322580645162,0.5,0.4444444444444444,0.05555555555555558,0.0,0.0,0.0
596404,2026-01-18 17:00:00,Sentinels,FURIA,0,62,26,36.0,0.5806451612903226,0.15384615384615385,0.42679900744416877,0.0,0.0,0.0,0.0,0.0,0.0,0.0,0.0,0.0,0.0,0.0,0.0,0.5,0.5,0.0,0.5,0.5042662116040956,-0.004266211604095571,0.5,0.5,0.0,0.0,0.0,0.0
596405,2026-01-18 19:20:00,G2 Esports,100 Thieves,1,71,43,28.0,0.6901408450704225,0.4883720930232558,0.2017687520471667,0.0,0.0,0.0,0.0,0.0,0.0,0.0,0.0,0.0,0.0,0.0,0.0,0.5,0.5006277463904583,-0.0006277463904582614,0.5,0.4996866513473992,0.0003133486526007978,0.5,0.5006277463904583,-0.0006277463904582614,0.0,0.0,0.0
594740,2026-01-20 11:00:00,Natus Vincere,Karmine Corp,1,36,38,-2.0,0.4166666666666667,0.39473684210526316,0.02192982456140352,0.0,0.0,0.0,0.0,0.0,0.0,0.0,0.0,0.0,0.0,0.0,0.0,0.5,0.5,0.0,0.5,0.5,0.0,0.5,0.5,0.0,0.0,0.0,0.0
594741,2026-01-20 13:35:00,FUT Esports,Gentle Mates,0,46,26,20.0,0.5,0.2692307692307692,0.23076923076923078,0.0,0.0,0.0,0.0,0.0,0.0,0.0,0.0,0.0,0.0,0.0,0.0,0.5,0.5,0.0,0.5,0.5,0.0,0.5,0.5,0.0,0.0,0.0,0.0
594742,2026-01-21 11:00:00,PCIFIC Esports,BBL Esports,0,0,34,-34.0,0.5,0.47058823529411764,0.02941176470588236,0.0,0.0,0.0,0.0,0.0,0.0,0.0,0.0,0.0,0.0,0.0,0.0,0.0,0.5,-0.5,0.0,0.5,-0.5,0.0,0.5,-0.5,0.0,0.0,0.0
594743,2026-01-21 14:20:00,ULF Esports,Team Vitality,0,0,43,-43.0,0.5,0.4883720930232558,0.011627906976744207,0.0,0.0,0.0,0.0,0.0,0.0,0.0,0.0,0.0,0.0,0.0,0.0,0.0,0.5,-0.5,0.0,0.5,-0.5,0.0,0.5,-0.5,0.0,0.0,0.0
595630,2026-01-22 03:00:00,Nongshim RedForce,Team Secret,1,19,29,-10.0,0.5263157894736842,0.4482758620689655,0.07803992740471866,0.0,0.0,0.0,0.0,0.0,0.0,0.0,0.0,0.0,0.0,0.0,0.0,0.5,0.5,0.0,0.5,0.5,0.0,0.5,0.5,0.0,0.0,0.0,0.0
598923,2026-01-22 04:00:00,Trace Esports,Wolves Esports,0,33,22,11.0,0.6363636363636364,0.36363636363636365,0.2727272727272727,0.0,0.0,0.0,0.0,0.0,0.0,0.0,0.0,0.0,0.0,0.0,0.0,0.5,0.5,0.0,0.5,0.5,0.0,0.5,0.5,0.0,0.0,0.0,0.0
595631,2026-01-22 05:10:00,ZETA DIVISION,FULL SENSE,0,27,0,27.0,0.3333333333333333,0.5,-0.16666666666666669,0.0,0.0,0.0,0.0,0.0,0.0,0.0,0.0,0.0,0.0,0.0,0.0,0.5,0.0,0.5,0.5,0.0,0.5,0.5,0.0,0.5,0.0,0.0,0.0
598924,2026-01-22 07:25:00,FunPlus Phoenix,TYLOO,1,31,14,17.0,0.5806451612903226,0.5,0.08064516129032262,0.0,0.0,0.0,0.0,0.0,0.0,0.0,0.0,0.0,0.0,0.0,0.0,0.5,0.5,0.0,0.5,0.5,0.0,0.5,0.5,0.0,0.0,0.0,0.0
594744,2026-01-22 11:00:00,Team Heretics,Natus Vincere,0,67,37,30.0,0.7164179104477612,0.43243243243243246,0.2839854780153287,0.0,0.0,0.0,0.0,0.0,0.0,0.0,0.0,0.0,0.0,0.0,0.0,0.5,0.5,0.0,0.5,0.5,0.0,0.5,0.5,0.0,0.0,0.0,0.0
594745,2026-01-22 14:30:00,GIANTX,Gentle Mates,0,36,27,9.0,0.4722222222222222,0.2962962962962963,0.17592592592592593,0.0,0.0,0.0,0.0,0.0,0.0,0.0,0.0,0.0,0.0,0.0,0.0,0.5,0.5,0.0,0.5,0.5,0.0,0.5,0.5,0.0,0.0,0.0,0.0
595632,2026-01-23 03:00:00,VARREL,Global Esports,0,0,26,-26.0,0.5,0.23076923076923078,0.2692307692307692,0.0,0.0,0.0,0.0,0.0,0.0,0.0,0.0,0.0,0.0,0.0,0.0,0.0,0.5,-0.5,0.0,0.5,-0.5,0.0,0.5,-0.5,0.0,0.0,0.0
598921,2026-01-23 04:00:00,All Gamers,Nova Esports,1,16,18,-2.0,0.375,0.3888888888888889,-0.013888888888888895,0.0,0.0,0.0,0.0,0.0,0.0,0.0,0.0,0.0,0.0,0.0,0.0,0.5,0.5,0.0,0.5,0.5,0.0,0.5,0.5,0.0,0.0,0.0,0.0
595633,2026-01-23 05:10:00,DetonatioN FocusMe,Gen.G,1,27,64,-37.0,0.2222222222222222,0.765625,-0.5434027777777778,0.0,0.0,0.0,0.0,0.0,0.0,0.0,0.0,0.0,0.0,0.0,0.0,0.5,0.5,0.0,0.5,0.5,0.0,0.5,0.5,0.0,0.0,0.0,0.0
598922,2026-01-23 06:55:00,JDG Esports,Titan Esports Club,1,17,18,-1.0,0.47058823529411764,0.2222222222222222,0.24836601307189543,0.0,0.0,0.0,0.0,0.0,0.0,0.0,0.0,0.0,0.0,0.0,0.0,0.5,0.5,0.0,0.5,0.5,0.0,0.5,0.5,0.0,0.0,0.0,0.0
594747,2026-01-23 13:25:00,Team Liquid,Team Vitality,0,51,44,7.0,0.5294117647058824,0.5,0.02941176470588236,0.0,0.0,0.0,0.0,0.0,0.0,0.0,0.0,0.0,0.0,0.0,0.0,0.5,0.5,0.0,0.5,0.5,0.0,0.5,0.5,0.0,0.0,0.0,0.0
596409,2026-01-23 17:00:00,LOUD,100 Thieves,0,38,44,-6.0,0.34210526315789475,0.4772727272727273,-0.13516746411483255,0.0,0.0,0.0,0.0,0.0,0.0,0.0,0.0,0.0,0.0,0.0,0.0,0.5,0.5004681647940075,-0.000468164794007464,0.5,0.5002078137988363,-0.00020781379883627604,0.5,0.5004681647940075,-0.000468164794007464,0.0,0.0,0.0
596410,2026-01-23 20:10:00,Evil Geniuses,Sentinels,0,36,63,-27.0,0.4444444444444444,0.5714285714285714,-0.12698412698412698,0.0,0.0,0.0,0.0,0.0,0.0,0.0,0.0,0.0,0.0,0.0,0.0,0.5005257623554153,0.5,0.000525762355415349,0.4988437396762471,0.5,-0.001156260323752878,0.5005257623554153,0.5,0.000525762355415349,0.0,0.0,0.0
595634,2026-01-24 03:00:00,T1,Nongshim RedForce,0,53,20,33.0,0.4339622641509434,0.55,-0.11603773584905663,0.0,0.0,0.0,0.0,0.0,0.0,0.0,0.0,0.0,0.0,0.0,0.0,0.5,0.5,0.0,0.5,0.5,0.0,0.5,0.5,0.0,0.0,0.0,0.0
598927,2026-01-24 04:00:00,Xi Lai Gaming,Wolves Esports,1,10,23,-13.0,0.5,0.391304347826087,0.10869565217391303,0.0,0.0,0.0,0.0,0.0,0.0,0.0,0.0,0.0,0.0,0.0,0.0,0.5,0.5,0.0,0.5,0.5,0.0,0.5,0.5,0.0,0.0,0.0,0.0
598928,2026-01-24 06:35:00,EDward Gaming,TYLOO,1,50,15,35.0,0.62,0.4666666666666667,0.15333333333333332,0.0,0.0,0.0,0.0,0.0,0.0,0.0,0.0,0.0,0.0,0.0,0.0,0.5,0.5,0.0,0.5,0.5,0.0,0.5,0.5,0.0,0.0,0.0,0.0
596412,2026-01-24 20:05:00,LEVIATÁN,Cloud9,0,47,36,11.0,0.6382978723404256,0.5,0.13829787234042556,0.0,0.0,0.0,0.0,0.0,0.0,0.0,0.0,0.0,0.0,0.0,0.0,0.49953509995351,0.5,-0.00046490004649002437,0.5002085940759282,0.5,0.00020859407592821455,0.49953509995351,0.5,-0.00046490004649002437,0.0,0.0,0.0
595636,2026-01-25 03:00:00,Paper Rex,Global Esports,1,71,27,44.0,0.6619718309859155,0.25925925925925924,0.40271257172665625,0.0,0.0,0.0,0.0,0.0,0.0,0.0,0.0,0.0,0.0,0.0,0.0,0.5,0.5,0.0,0.5,0.5,0.0,0.5,0.5,0.0,0.0,0.0,0.0
598925,2026-01-25 04:00:00,Bilibili Gaming,All Gamers,0,29,17,12.0,0.4482758620689655,0.4117647058823529,0.0365111561866126,0.0,0.0,0.0,0.0,0.0,0.0,0.0,0.0,0.0,0.0,0.0,0.0,0.5,0.5,0.0,0.5,0.5,0.0,0.5,0.5,0.0,0.0,0.0,0.0
595637,2026-01-25 06:00:00,Rex Regum Qeon,DetonatioN FocusMe,1,42,28,14.0,0.47619047619047616,0.25,0.22619047619047616,0.0,0.0,0.0,0.0,0.0,0.0,0.0,0.0,0.0,0.0,0.0,0.0,0.5,0.5,0.0,0.5,0.5,0.0,0.5,0.5,0.0,0.0,0.0,0.0
598926,2026-01-25 06:30:00,Dragon Ranger Gaming,JDG Esports,1,27,18,9.0,0.37037037037037035,0.5,-0.12962962962962965,0.0,0.0,0.0,0.0,0.0,0.0,0.0,0.0,0.0,0.0,0.0,0.0,0.5,0.5,0.0,0.5,0.5,0.0,0.5,0.5,0.0,0.0,0.0,0.0
596413,2026-01-25 17:00:00,100 Thieves,Sentinels,0,45,64,-19.0,0.4888888888888889,0.578125,-0.08923611111111113,0.0,0.0,0.0,0.0,0.0,0.0,0.0,0.0,0.0,0.0,0.0,0.0,0.5013966480446927,0.5,0.0013966480446927498,0.5006206040546132,0.5,0.0006206040546131719,0.5013966480446927,0.5,0.0013966480446927498,0.0,0.0,0.0
596414,2026-01-25 20:00:00,ENVY,Cloud9,0,3,37,-34.0,0.6666666666666666,0.5135135135135135,0.15315315315315314,0.0,0.0,0.0,0.0,0.0,0.0,0.0,0.0,0.0,0.0,0.0,0.0,0.5,0.5,0.0,0.5567010309278351,0.5,0.05670103092783507,0.5,0.5,0.0,0.0,0.0,0.0
594751,2026-01-27 11:00:00,Karmine Corp,Team Liquid,0,39,52,-13.0,0.38461538461538464,0.5192307692307693,-0.13461538461538464,0.0,0.0,0.0,0.0,0.0,0.0,0.0,0.0,0.0,0.0,0.0,0.0,0.5,0.5,0.0,0.5,0.49957337883959047,0.0004266211604095349,0.5,0.5,0.0,0.0,0.0,0.0
598932,2026-01-28 04:00:00,Nova Esports,TYLOO,0,19,16,3.0,0.3684210526315789,0.4375,-0.06907894736842107,0.0,0.0,0.0,0.0,0.0,0.0,0.0,0.0,0.0,0.0,0.0,0.0,0.5,0.5,0.0,0.5,0.5,0.0,0.5,0.5,0.0,0.0,0.0,0.0
598933,2026-01-28 06:00:00,Titan Esports Club,Wolves Esports,1,19,24,-5.0,0.21052631578947367,0.375,-0.16447368421052633,0.0,0.0,0.0,0.0,0.0,0.0,0.0,0.0,0.0,0.0,0.0,0.0,0.5,0.5,0.0,0.5,0.5,0.0,0.5,0.5,0.0,0.0,0.0,0.0
594753,2026-01-28 11:00:00,PCIFIC Esports,GIANTX,0,1,37,-36.0,0.0,0.4594594594594595,-0.4594594594594595,0.0,0.0,0.0,0.0,0.0,0.0,0.0,0.0,0.0,0.0,0.0,0.0,0.3333333333333333,0.5,-0.16666666666666669,0.625,0.5,0.125,0.3333333333333333,0.5,-0.16666666666666669,0.0,0.0,0.0
594754,2026-01-28 14:35:00,ULF Esports,Team Heretics,0,1,68,-67.0,0.0,0.7058823529411765,-0.7058823529411765,0.0,0.0,0.0,0.0,0.0,0.0,0.0,0.0,0.0,0.0,0.0,0.0,0.5,0.4998166483314998,0.0001833516685001979,0.5,0.4997563946406821,0.00024360535931788885,0.5,0.4998166483314998,0.0001833516685001979,0.0,0.0,0.0
595641,2026-01-29 03:00:00,Team Secret,DetonatioN FocusMe,0,30,29,1.0,0.43333333333333335,0.2413793103448276,0.19195402298850575,0.0,0.0,0.0,0.0,0.0,0.0,0.0,0.0,0.0,0.0,0.0,0.0,0.5,0.5,0.0,0.5,0.5,0.0,0.5,0.5,0.0,0.0,0.0,0.0
598934,2026-01-29 04:00:00,Trace Esports,JDG Esports,1,34,19,15.0,0.6176470588235294,0.47368421052631576,0.14396284829721367,0.0,0.0,0.0,0.0,0.0,0.0,0.0,0.0,0.0,0.0,0.0,0.0,0.5,0.5,0.0,0.5,0.5,0.0,0.5,0.5,0.0,0.0,0.0,0.0
595642,2026-01-29 05:00:00,ZETA DIVISION,Global Esports,0,28,28,0.0,0.32142857142857145,0.25,0.07142857142857145,0.0,0.0,0.0,0.0,0.0,0.0,0.0,0.0,0.0,0.0,0.0,0.0,0.5,0.49954462659380694,0.0004553734061930603,0.5,0.5013531799729364,-0.0013531799729363803,0.5,0.49954462659380694,0.0004553734061930603,0.0,0.0,0.0
598935,2026-01-29 07:10:00,FunPlus Phoenix,Bilibili Gaming,0,32,30,2.0,0.59375,0.43333333333333335,0.16041666666666665,0.0,0.0,0.0,0.0,0.0,0.0,0.0,0.0,0.0,0.0,0.0,0.0,0.5,0.5,0.0,0.5,0.5,0.0,0.5,0.5,0.0,0.0,0.0,0.0
594748,2026-01-29 11:00:00,Natus Vincere,Gentle Mates,0,38,28,10.0,0.4473684210526316,0.32142857142857145,0.12593984962406013,0.0,0.0,0.0,0.0,0.0,0.0,0.0,0.0,0.0,0.0,0.0,0.0,0.5006016847172082,0.5,0.0006016847172082285,0.5008006405124099,0.5,0.0008006405124099114,0.5006016847172082,0.5,0.0006016847172082285,0.0,0.0,0.0
594749,2026-01-29 13:20:00,BBL Esports,Team Vitality,1,36,45,-9.0,0.5,0.5111111111111111,-0.011111111111111072,0.0,0.0,0.0,0.0,0.0,0.0,0.0,0.0,0.0,0.0,0.0,0.0,0.5013623978201635,0.5,0.0013623978201634523,0.4991852254209669,0.5004564125969877,-0.001271187176020816,0.5013623978201635,0.5,0.0013623978201634523,0.0,0.0,0.0
598936,2026-01-30 04:00:00,TYLOO,Titan Esports Club,1,17,20,-3.0,0.47058823529411764,0.25,0.22058823529411764,0.0,0.0,0.0,0.0,0.0,0.0,0.0,0.0,0.0,0.0,0.0,0.0,0.5,0.5,0.0,0.5,0.5,0.0,0.5,0.5,0.0,0.0,0.0,0.0
595644,2026-01-30 06:25:00,Gen.G,T1,0,65,54,11.0,0.7538461538461538,0.42592592592592593,0.3279202279202279,0.0,0.0,0.0,0.0,0.0,0.0,0.0,0.0,0.0,0.0,0.0,0.0,0.5,0.4994141769185706,0.0005858230814294041,0.5,0.499907969814099,9.2030185900982e-05,0.5,0.4994141769185706,0.0005858230814294041,0.0,0.0,0.0
598937,2026-01-30 07:25:00,Trace Esports,Bilibili Gaming,0,35,31,4.0,0.6285714285714286,0.45161290322580644,0.17695852534562212,0.0,0.0,0.0,0.0,0.0,0.0,0.0,0.0,0.0,0.0,0.0,0.0,0.5,0.5,0.0,0.5,0.5,0.0,0.5,0.5,0.0,0.0,0.0,0.0
594756,2026-01-30 13:20:00,GIANTX,Team Heretics,1,38,69,-31.0,0.47368421052631576,0.7101449275362319,-0.23646071700991617,0.0,0.0,0.0,0.0,0.0,0.0,0.0,0.0,0.0,0.0,0.0,0.0,0.5005324813631523,0.49981745162468055,0.0007150297384717619,0.5003717472118959,0.4997573993207181,0.0006143478911778133,0.5005324813631523,0.49981745162468055,0.0007150297384717619,0.0,0.0,0.0
596406,2026-01-30 17:00:00,NRG,MIBR,0,45,44,1.0,0.5777777777777777,0.38636363636363635,0.19141414141414137,0.0,0.0,0.0,0.0,0.0,0.0,0.0,0.0,0.0,0.0,0.0,0.0,0.5,0.5,0.0,0.5,0.5,0.0,0.5,0.5,0.0,0.0,0.0,0.0
596407,2026-01-30 20:55:00,FURIA,G2 Esports,1,27,72,-45.0,0.18518518518518517,0.6944444444444444,-0.5092592592592593,0.0,0.0,0.0,0.0,0.0,0.0,0.0,0.0,0.0,0.0,0.0,0.0,0.5,0.500077519379845,-7.751937984501467e-05,0.5041390728476821,0.4997577284620603,0.0043813443856218215,0.5,0.500077519379845,-7.751937984501467e-05,0.0,0.0,0.0
595638,2026-01-31 03:00:00,Nongshim RedForce,FULL SENSE,1,21,2,19.0,0.5714285714285714,1.0,-0.4285714285714286,0.0,0.0,0.0,0.0,0.0,0.0,0.0,0.0,0.0,0.0,0.0,0.0,0.5011148272017837,0.5119047619047619,-0.010789934702978177,0.5001810938065918,0.5555555555555556,-0.055374461748963766,0.5011148272017837,0.5119047619047619,-0.010789934702978177,0.0,0.0,0.0
598942,2026-01-31 04:00:00,Nova Esports,Wolves Esports,1,20,25,-5.0,0.35,0.36,-0.010000000000000009,0.0,0.0,0.0,0.0,0.0,0.0,0.0,0.0,0.0,0.0,0.0,0.0,0.5,0.5,0.0,0.5,0.5,0.0,0.5,0.5,0.0,0.0,0.0,0.0
595639,2026-01-31 05:10:00,Paper Rex,Rex Regum Qeon,0,72,43,29.0,0.6666666666666666,0.4883720930232558,0.17829457364341084,0.0,0.0,0.0,0.0,0.0,0.0,0.0,0.0,0.0,0.0,0.0,0.0,0.5000902853015529,0.5,9.028530155286152e-05,0.49976308931532815,0.5,-0.00023691068467185383,0.5000902853015529,0.5,9.028530155286152e-05,0.0,0.0,0.0
598929,2026-01-31 07:10:00,All Gamers,Dragon Ranger Gaming,0,18,28,-10.0,0.4444444444444444,0.39285714285714285,0.05158730158730157,0.0,0.0,0.0,0.0,0.0,0.0,0.0,0.0,0.0,0.0,0.0,0.0,0.5,0.5,0.0,0.5,0.5,0.0,0.5,0.5,0.0,0.0,0.0,0.0
596419,2026-01-31 17:00:00,LOUD,Evil Geniuses,0,39,37,2.0,0.3333333333333333,0.43243243243243246,-0.09909909909909914,0.0,0.0,0.0,0.0,0.0,0.0,0.0,0.0,0.0,0.0,0.0,0.0,0.4985835694050991,0.5005128205128205,-0.001929251107721408,0.4993920972644377,0.4988742360887745,0.000517861175663159,0.4985835694050991,0.5005128205128205,-0.001929251107721408,0.0,0.0,0.0
595645,2026-02-01 03:00:00,DetonatioN FocusMe,Global Esports,1,30,29,1.0,0.26666666666666666,0.27586206896551724,-0.009195402298850575,0.0,0.0,0.0,0.0,0.0,0.0,0.0,0.0,0.0,0.0,0.0,0.0,0.5,0.49955436720142604,0.0004456327985739583,0.5,0.5013140604467805,-0.0013140604467805073,0.5,0.49955436720142604,0.0004456327985739583,0.0,0.0,0.0
598943,2026-02-01 04:00:00,JDG Esports,FunPlus Phoenix,1,20,33,-13.0,0.45,0.5757575757575758,-0.1257575757575758,0.0,0.0,0.0,0.0,0.0,0.0,0.0,0.0,0.0,0.0,0.0,0.0,0.5,0.5,0.0,0.5,0.5,0.0,0.5,0.5,0.0,0.0,0.0,0.0
598930,2026-02-01 07:00:00,Xi Lai Gaming,EDward Gaming,0,11,51,-40.0,0.5454545454545454,0.6274509803921569,-0.08199643493761144,0.0,0.0,0.0,0.0,0.0,0.0,0.0,0.0,0.0,0.0,0.0,0.0,0.5,0.5,0.0,0.5,0.5,0.0,0.5,0.5,0.0,0.0,0.0,0.0
596415,2026-02-01 17:00:00,NRG,100 Thieves,1,46,46,0.0,0.5652173913043478,0.4782608695652174,0.08695652173913038,0.0,0.0,0.0,0.0,0.0,0.0,0.0,0.0,0.0,0.0,0.0,0.0,0.5006493506493507,0.5013661202185792,-0.0007167695692285037,0.49918166939443537,0.500594294770206,-0.0014126253757706375,0.5006493506493507,0.5013661202185792,-0.0007167695692285037,0.0,0.0,0.0
596416,2026-02-01 19:25:00,G2 Esports,Cloud9,1,73,38,35.0,0.684931506849315,0.5263157894736842,0.15861571737563085,0.0,0.0,0.0,0.0,0.0,0.0,0.0,0.0,0.0,0.0,0.0,0.0,0.4997680890538033,0.4993702770780856,0.000397811975717699,0.4997098084735926,0.5006451612903225,-0.0009353528167299618,0.4997680890538033,0.4993702770780856,0.000397811975717699,0.0,0.0,0.0
598944,2026-02-03 04:00:00,Trace Esports,Wolves Esports,0,36,26,10.0,0.6111111111111112,0.34615384615384615,0.264957264957265,0.0,0.0,0.0,0.0,0.0,0.0,0.0,0.0,0.0,0.0,0.0,0.0,0.5,0.5,0.0,0.5,0.5,0.0,0.5,0.5,0.0,0.0,0.0,0.0
598938,2026-02-03 07:30:00,Dragon Ranger Gaming,TYLOO,1,29,18,11.0,0.41379310344827586,0.5,-0.08620689655172414,0.0,0.0,0.0,0.0,0.0,0.0,0.0,0.0,0.0,0.0,0.0,0.0,0.5,0.5,0.0,0.5,0.5,0.0,0.5,0.5,0.0,0.0,0.0,0.0
594761,2026-02-03 11:00:00,Karmine Corp,FUT Esports,1,40,48,-8.0,0.375,0.4791666666666667,-0.10416666666666669,0.0,0.0,0.0,0.0,0.0,0.0,0.0,0.0,0.0,0.0,0.0,0.0,0.5010893246187363,0.4985089463220676,0.0025803782966687394,0.49897704023641737,0.5008116883116883,-0.0018346480752709504,0.5010893246187363,0.4985089463220676,0.0025803782966687394,0.0,0.0,0.0
594762,2026-02-03 14:35:00,PCIFIC Esports,ULF Esports,0,2,2,0.0,0.0,0.0,0.0,0.0,0.0,0.0,0.0,0.0,0.0,0.0,0.0,0.0,0.0,0.0,0.0,0.3888888888888889,0.5,-0.1111111111111111,0.5344827586206896,0.5,0.03448275862068961,0.3888888888888889,0.5,-0.1111111111111111,0.0,0.0,0.0
598945,2026-02-04 04:00:00,Titan Esports Club,JDG Esports,0,21,21,0.0,0.23809523809523808,0.47619047619047616,-0.23809523809523808,0.0,0.0,0.0,0.0,0.0,0.0,0.0,0.0,0.0,0.0,0.0,0.0,0.5,0.5,0.0,0.5,0.5,0.0,0.5,0.5,0.0,0.0,0.0,0.0
598939,2026-02-04 07:20:00,EDward Gaming,Bilibili Gaming,0,52,32,20.0,0.6346153846153846,0.46875,0.16586538461538458,0.0,0.0,0.0,0.0,0.0,0.0,0.0,0.0,0.0,0.0,0.0,0.0,0.5,0.5,0.0,0.5,0.5,0.0,0.5,0.5,0.0,0.0,0.0,0.0
594758,2026-02-04 15:00:00,Team Vitality,GIANTX,1,46,39,7.0,0.5,0.48717948717948717,0.01282051282051283,0.0,0.0,0.0,0.0,0.0,0.0,0.0,0.0,0.0,0.0,0.0,0.0,0.5,0.5005257623554153,-0.000525762355415349,0.5004430660168365,0.500366568914956,7.649710188051273e-05,0.5,0.5005257623554153,-0.000525762355415349,0.0,0.0,0.0
595651,2026-02-05 03:00:00,Team Secret,ZETA DIVISION,0,31,29,2.0,0.41935483870967744,0.3103448275862069,0.10901001112347053,0.0,0.0,0.0,0.0,0.0,0.0,0.0,0.0,0.0,0.0,0.0,0.0,0.5,0.5,0.0,0.5,0.5,0.0,0.5,0.5,0.0,0.0,0.0,0.0
598946,2026-02-05 04:00:00,TYLOO,Trace Esports,1,19,37,-18.0,0.47368421052631576,0.5945945945945946,-0.12091038406827886,0.0,0.0,0.0,0.0,0.0,0.0,0.0,0.0,0.0,0.0,0.0,0.0,0.5,0.5,0.0,0.5,0.5,0.0,0.5,0.5,0.0,0.0,0.0,0.0
595652,2026-02-05 05:45:00,VARREL,Gen.G,0,2,66,-64.0,0.0,0.7424242424242424,-0.7424242424242424,0.0,0.0,0.0,0.0,0.0,0.0,0.0,0.0,0.0,0.0,0.0,0.0,0.42857142857142855,0.5,-0.07142857142857145,0.5333333333333333,0.49987351378699724,0.03345981954633609,0.42857142857142855,0.5,-0.07142857142857145,0.0,0.0,0.0
598947,2026-02-05 06:25:00,EDward Gaming,JDG Esports,1,53,22,31.0,0.6226415094339622,0.5,0.12264150943396224,0.0,0.0,0.0,0.0,0.0,0.0,0.0,0.0,0.0,0.0,0.0,0.0,0.5,0.5,0.0,0.5,0.5,0.0,0.5,0.5,0.0,0.0,0.0,0.0
594763,2026-02-05 11:00:00,Team Heretics,Karmine Corp,1,70,41,29.0,0.7,0.3902439024390244,0.30975609756097555,0.0,0.0,0.0,0.0,0.0,0.0,0.0,0.0,0.0,0.0,0.0,0.0,0.49981824790985097,0.5012626262626263,-0.0014443783527753329,0.4997585124366095,0.49909706546275395,0.0006614469738555617,0.49981824790985097,0.5012626262626263,-0.0014443783527753329,0.0,0.0,0.0
594764,2026-02-05 14:00:00,Team Liquid,ULF Esports,1,54,3,51.0,0.5185185185185185,0.3333333333333333,0.18518518518518517,0.0,0.0,0.0,0.0,0.0,0.0,0.0,0.0,0.0,0.0,0.0,0.0,0.4990118577075099,0.5,-0.0009881422924901129,0.5005270925574531,0.5,0.0005270925574530905,0.4990118577075099,0.5,-0.0009881422924901129,0.0,0.0,0.0
595647,2026-02-06 03:00:00,FULL SENSE,DetonatioN FocusMe,0,3,31,-28.0,0.6666666666666666,0.2903225806451613,0.3763440860215053,0.0,0.0,0.0,0.0,0.0,0.0,0.0,0.0,0.0,0.0,0.0,0.0,0.5075757575757576,0.499194847020934,0.008380910554823595,0.5316455696202531,0.5008615738081562,0.030783995812096898,0.5075757575757576,0.499194847020934,0.008380910554823595,0.0,0.0,0.0
598940,2026-02-06 04:00:00,Dragon Ranger Gaming,Bilibili Gaming,0,30,33,-3.0,0.43333333333333335,0.48484848484848486,-0.051515151515151514,0.0,0.0,0.0,0.0,0.0,0.0,0.0,0.0,0.0,0.0,0.0,0.0,0.5,0.5,0.0,0.5,0.5,0.0,0.5,0.5,0.0,0.0,0.0,0.0
595648,2026-02-06 06:00:00,Paper Rex,T1,0,73,56,17.0,0.6575342465753424,0.44642857142857145,0.21110567514677098,0.0,0.0,0.0,0.0,0.0,0.0,0.0,0.0,0.0,0.0,0.0,0.0,0.5000898957209636,0.4994212962962963,0.0006685994246673488,0.4997638167217761,0.5001819505094615,-0.0004181337876853486,0.5000898957209636,0.4994212962962963,0.0006685994246673488,0.0,0.0,0.0
598948,2026-02-06 06:00:00,TYLOO,EDward Gaming,0,20,54,-34.0,0.5,0.6296296296296297,-0.12962962962962965,0.0,0.0,0.0,0.0,0.0,0.0,0.0,0.0,0.0,0.0,0.0,0.0,0.5,0.5,0.0,0.5,0.5,0.0,0.5,0.5,0.0,0.0,0.0,0.0
594765,2026-02-06 11:00:00,Natus Vincere,Team Heretics,0,40,71,-31.0,0.425,0.704225352112676,-0.279225352112676,0.0,0.0,0.0,0.0,0.0,0.0,0.0,0.0,0.0,0.0,0.0,0.0,0.4994131455399061,0.4994565217391304,-4.337619922428759e-05,0.5027216174183515,0.5,0.0027216174183515296,0.4994131455399061,0.4994565217391304,-4.337619922428759e-05,0.0,0.0,0.0
594766,2026-02-06 13:00:00,GIANTX,Team Liquid,0,40,55,-15.0,0.475,0.5272727272727272,-0.05227272727272725,0.0,0.0,0.0,0.0,0.0,0.0,0.0,0.0,0.0,0.0,0.0,0.0,0.5005128205128205,0.4991814014407335,0.001331419072087059,0.5003597122302158,0.5008382229673093,-0.0004785107370934849,0.5005128205128205,0.4991814014407335,0.001331419072087059,0.0,0.0,0.0
596421,2026-02-06 17:00:00,ENVY,Evil Geniuses,1,4,38,-34.0,0.5,0.4473684210526316,0.05263157894736842,0.0,0.0,0.0,0.0,0.0,0.0,0.0,0.0,0.0,0.0,0.0,0.0,0.5192307692307693,0.5005065856129686,0.018724183617800705,0.5208333333333334,0.49888853604318834,0.021944797290145035,0.5192307692307693,0.5005065856129686,0.018724183617800705,0.0,0.0,0.0
596422,2026-02-06 19:30:00,Sentinels,LEVIATÁN,0,65,49,16.0,0.5846153846153846,0.6326530612244898,-0.048037676609105184,0.0,0.0,0.0,0.0,0.0,0.0,0.0,0.0,0.0,0.0,0.0,0.0,0.5,0.4995402298850575,0.00045977011494252595,0.5,0.5002069250931163,-0.0002069250931162614,0.5,0.4995402298850575,0.00045977011494252595,0.0,0.0,0.0
598949,2026-02-07 02:00:00,Dragon Ranger Gaming,EDward Gaming,0,31,55,-24.0,0.41935483870967744,0.6363636363636364,-0.21700879765395892,0.0,0.0,0.0,0.0,0.0,0.0,0.0,0.0,0.0,0.0,0.0,0.0,0.5,0.5,0.0,0.5,0.5,0.0,0.5,0.5,0.0,0.0,0.0,0.0
598931,2026-02-07 05:10:00,All Gamers,Xi Lai Gaming,0,19,12,7.0,0.42105263157894735,0.5,-0.07894736842105265,0.0,0.0,0.0,0.0,0.0,0.0,0.0,0.0,0.0,0.0,0.0,0.0,0.5,0.5,0.0,0.5,0.5,0.0,0.5,0.5,0.0,0.0,0.0,0.0
595654,2026-02-07 06:00:00,Global Esports,Gen.G,1,30,67,-37.0,0.26666666666666666,0.746268656716418,-0.4796019900497513,0.0,0.0,0.0,0.0,0.0,0.0,0.0,0.0,0.0,0.0,0.0,0.0,0.500438596491228,0.5003968253968254,4.177109440262061e-05,0.5003236245954693,0.4995800436754578,0.0007435809200115329,0.500438596491228,0.5003968253968254,4.177109440262061e-05,0.0,0.0,0.0
596423,2026-02-07 15:00:00,100 Thieves,Evil Geniuses,1,47,39,8.0,0.46808510638297873,0.4358974358974359,0.03218767048554283,0.0,0.0,0.0,0.0,0.0,0.0,0.0,0.0,0.0,0.0,0.0,0.0,0.5013043478260869,0.500485908649174,0.0008184391769129329,0.5005694760820045,0.4989371393865776,0.0016323366954269503,0.5013043478260869,0.500485908649174,0.0008184391769129329,0.0,0.0,0.0
596424,2026-02-07 18:20:00,Cloud9,LEVIATÁN,0,39,50,-11.0,0.5128205128205128,0.64,-0.12717948717948724,0.0,0.0,0.0,0.0,0.0,0.0,0.0,0.0,0.0,0.0,0.0,0.0,0.4993827160493827,0.49954275262917236,-0.00016003657978963526,0.5006324310650139,0.5002055076037814,0.0004269234612325201,0.4993827160493827,0.49954275262917236,-0.00016003657978963526,0.0,0.0,0.0
596417,2026-02-07 20:25:00,NRG,G2 Esports,0,47,74,-27.0,0.574468085106383,0.6891891891891891,-0.11472110408280611,0.0,0.0,0.0,0.0,0.0,0.0,0.0,0.0,0.0,0.0,0.0,0.0,0.5006082725060828,0.4997697974217311,0.000838475084351642,0.49922799794132783,0.4997119815668203,-0.00048398362549245677,0.5006082725060828,0.4997697974217311,0.000838475084351642,0.0,0.0,0.0
598941,2026-02-08 04:00:00,Xi Lai Gaming,Bilibili Gaming,1,13,34,-21.0,0.5384615384615384,0.5,0.038461538461538436,0.0,0.0,0.0,0.0,0.0,0.0,0.0,0.0,0.0,0.0,0.0,0.0,0.5,0.5,0.0,0.5,0.5,0.0,0.5,0.5,0.0,0.0,0.0,0.0
595656,2026-02-08 05:00:00,Paper Rex,Global Esports,1,74,31,43.0,0.6486486486486487,0.2903225806451613,0.3583260680034874,0.0,0.0,0.0,0.0,0.0,0.0,0.0,0.0,0.0,0.0,0.0,0.0,0.49982078853046596,0.5,-0.00017921146953403522,0.4997646505060014,0.501577287066246,-0.0018126365602446626,0.49982078853046596,0.5,-0.00017921146953403522,0.0,0.0,0.0
598950,2026-02-09 04:00:00,Bilibili Gaming,EDward Gaming,0,35,56,-21.0,0.4857142857142857,0.6428571428571429,-0.1571428571428572,0.0,0.0,0.0,0.0,0.0,0.0,0.0,0.0,0.0,0.0,0.0,0.0,0.5,0.5,0.0,0.5,0.5,0.0,0.5,0.5,0.0,0.0,0.0,0.0
594767,2026-02-12 12:00:00,Team Heretics,Team Liquid,0,72,56,16.0,0.7083333333333334,0.5357142857142857,0.17261904761904767,0.0,0.0,0.0,0.0,0.0,0.0,0.0,0.0,0.0,0.0,0.0,0.0,0.49945887445887444,0.4991861979166667,0.0002726765422077504,0.5,0.5012494793835902,-0.001249479383590213,0.49945887445887444,0.4991861979166667,0.0002726765422077504,0.0,0.0,0.0
595649,2026-02-13 02:00:00,DetonatioN FocusMe,T1,0,32,57,-25.0,0.3125,0.45614035087719296,-0.14364035087719296,0.0,0.0,0.0,0.0,0.0,0.0,0.0,0.0,0.0,0.0,0.0,0.0,0.4992063492063492,0.4998560736902706,-0.0006497244839213656,0.5022650056625142,0.5001809627216793,0.0020840429408348626,0.4992063492063492,0.4998560736902706,-0.0006497244839213656,0.0,0.0,0.0
595640,2026-02-13 04:00:00,Nongshim RedForce,Rex Regum Qeon,1,22,44,-22.0,0.5909090909090909,0.5,0.09090909090909094,0.0,0.0,0.0,0.0,0.0,0.0,0.0,0.0,0.0,0.0,0.0,0.0,0.5011001100110011,0.5,0.0011001100110010764,0.5001788908765653,0.5,0.00017889087656530744,0.5011001100110011,0.5,0.0011001100110010764,0.0,0.0,0.0
594750,2026-02-13 10:15:00,Gentle Mates,BBL Esports,0,29,37,-8.0,0.3448275862068966,0.5135135135135135,-0.1686859273066169,0.0,0.0,0.0,0.0,0.0,0.0,0.0,0.0,0.0,0.0,0.0,0.0,0.5,0.5013123359580053,-0.001312335958005284,0.5,0.4992134242265338,0.0007865757734661916,0.5,0.5013123359580053,-0.001312335958005284,0.0,0.0,0.0
596425,2026-02-13 15:00:00,100 Thieves,Cloud9,1,48,40,8.0,0.4791666666666667,0.5,-0.020833333333333315,0.0,0.0,0.0,0.0,0.0,0.0,0.0,0.0,0.0,0.0,0.0,0.0,0.5012776831345827,0.4993946731234867,0.0018830100110959758,0.5005561735261401,0.5006239081607188,-6.773463457865336e-05,0.5012776831345827,0.4993946731234867,0.0018830100110959758,0.0,0.0,0.0
596408,2026-02-13 18:30:00,MIBR,FURIA,0,45,28,17.0,0.4,0.21428571428571427,0.18571428571428575,0.0,0.0,0.0,0.0,0.0,0.0,0.0,0.0,0.0,0.0,0.0,0.0,0.4993224932249323,0.5021367521367521,-0.0028142589118198558,0.5008183306055647,0.5044824775876121,-0.0036641469820474226,0.4993224932249323,0.5021367521367521,-0.0028142589118198558,0.0,0.0,0.0
595658,2026-02-14 02:00:00,DetonatioN FocusMe,Paper Rex,0,33,76,-43.0,0.30303030303030304,0.6578947368421053,-0.35486443381180227,0.0,0.0,0.0,0.0,0.0,0.0,0.0,0.0,0.0,0.0,0.0,0.0,0.49924924924924924,0.49964387464387466,-0.00039462539462542523,0.5021074815595363,0.4998832048586779,0.002224276700858452,0.49924924924924924,0.49964387464387466,-0.00039462539462542523,0.0,0.0,0.0
595650,2026-02-14 04:00:00,Rex Regum Qeon,T1,0,45,58,-13.0,0.4888888888888889,0.46551724137931033,0.02337164750957854,0.0,0.0,0.0,0.0,0.0,0.0,0.0,0.0,0.0,0.0,0.0,0.0,0.4985875706214689,0.49985899605188944,-0.0012714254304205252,0.5005547630369314,0.5001767408978438,0.00037802213908755267,0.4985875706214689,0.49985899605188944,-0.0012714254304205252,0.0,0.0,0.0
594768,2026-02-14 08:00:00,Team Vitality,Team Liquid,0,48,57,-9.0,0.5,0.543859649122807,-0.04385964912280704,0.0,0.0,0.0,0.0,0.0,0.0,0.0,0.0,0.0,0.0,0.0,0.0,0.5,0.49919250645994834,0.0008074935400516625,0.5004240882103478,0.5012412081092263,-0.00081711989887856,0.5,0.49919250645994834,0.0008074935400516625,0.0,0.0,0.0
596426,2026-02-14 15:00:00,NRG,100 Thieves,1,48,49,-1.0,0.5625,0.4897959183673469,0.07270408163265307,0.0,0.0,0.0,0.0,0.0,0.0,0.0,0.0,0.0,0.0,0.0,0.0,0.5006024096385542,0.5018361581920904,-0.0012337485535361958,0.49923312883435583,0.5008297990042412,-0.0015966701698853503,0.5006024096385542,0.5018361581920904,-0.0012337485535361958,0.0,0.0,0.0
596418,2026-02-14 17:20:00,MIBR,G2 Esports,0,46,75,-29.0,0.391304347826087,0.6933333333333334,-0.3020289855072464,0.0,0.0,0.0,0.0,0.0,0.0,0.0,0.0,0.0,0.0,0.0,0.0,0.49955436720142604,0.49977064220183487,-0.00021627500040882763,0.5010787486515642,0.4997126987167209,0.0013660499348432942,0.49955436720142604,0.49977064220183487,-0.00021627500040882763,0.0,0.0,0.0
595659,2026-02-15 02:00:00,Rex Regum Qeon,Paper Rex,0,46,77,-31.0,0.4782608695652174,0.6623376623376623,-0.18407679277244493,0.0,0.0,0.0,0.0,0.0,0.0,0.0,0.0,0.0,0.0,0.0,0.0,0.4986173956762192,0.499645390070922,-0.0010279943947028025,0.5005423833875716,0.4998836126629423,0.0006587707246293317,0.4986173956762192,0.499645390070922,-0.0010279943947028025,0.0,0.0,0.0
596427,2026-02-15 17:00:00,MIBR,NRG,0,47,49,-2.0,0.3829787234042553,0.5714285714285714,-0.18844984802431608,0.0,0.0,0.0,0.0,0.0,0.0,0.0,0.0,0.0,0.0,0.0,0.0,0.49956140350877193,0.5005668934240363,-0.0010054899152643348,0.5010672358591248,0.49927395934172314,0.0017932765174016874,0.49956140350877193,0.5005668934240363,-0.0010054899152643348,0.0,0.0,0.0
625788,2026-02-28 12:00:00,Gentle Mates,EDward Gaming,1,31,57,-26.0,0.3548387096774194,0.6491228070175439,-0.2942840973401245,0.0,0.0,0.0,0.0,0.0,0.0,0.0,0.0,0.0,0.0,0.0,0.0,0.5027173913043478,0.5,0.0027173913043477826,0.4975980784627702,0.5,-0.0024019215372297897,0.5027173913043478,0.5,0.0027173913043477826,0.0,0.0,0.0
625791,2026-02-28 14:30:00,Xi Lai Gaming,NRG,0,14,50,-36.0,0.5714285714285714,0.58,-0.008571428571428563,0.0,0.0,0.0,0.0,0.0,0.0,0.0,0.0,0.0,0.0,0.0,0.0,0.5,0.5011210762331838,-0.0011210762331838042,0.5,0.4995203836930456,0.00047961630695442237,0.5,0.5011210762331838,-0.0011210762331838042,0.0,0.0,0.0
625790,2026-03-01 12:00:00,G2 Esports,Paper Rex,0,76,78,-2.0,0.6973684210526315,0.6666666666666666,0.030701754385964897,0.0,0.0,0.0,0.0,0.0,0.0,0.0,0.0,0.0,0.0,0.0,0.0,0.49977189781021897,0.49964838255977495,0.00012351525044401734,0.4997137950772753,0.49988473951129553,-0.00017094443402021486,0.49977189781021897,0.49964838255977495,0.00012351525044401734,0.0,0.0,0.0
625789,2026-03-01 14:05:00,T1,Team Liquid,0,59,59,0.0,0.4745762711864407,0.559322033898305,-0.08474576271186435,0.0,0.0,0.0,0.0,0.0,0.0,0.0,0.0,0.0,0.0,0.0,0.0,0.49986225895316805,0.49952380952380954,0.00033844942935851163,0.5001723543605653,0.501721693336034,-0.001549338975468717,0.49986225895316805,0.49952380952380954,0.00033844942935851163,0.0,0.0,0.0
626529,2026-03-02 13:00:00,Paper Rex,NRG,1,79,51,28.0,0.6708860759493671,0.5882352941176471,0.08265078183172003,0.0,0.0,0.0,0.0,0.0,0.0,0.0,0.0,0.0,0.0,0.0,0.0,0.4996498599439776,0.501101321585903,-0.0014514616419254445,0.49988516306844283,0.4995278564683664,0.00035730660007643467,0.4996498599439776,0.501101321585903,-0.0014514616419254445,0.0,0.0,0.0
626530,2026-03-02 16:30:00,Gentle Mates,Team Liquid,0,32,60,-28.0,0.375,0.5666666666666667,-0.19166666666666665,0.0,0.0,0.0,0.0,0.0,0.0,0.0,0.0,0.0,0.0,0.0,0.0,0.5026785714285714,0.4995274102079395,0.003151161220631915,0.49763593380614657,0.5017044315219571,-0.004068497715810526,0.5026785714285714,0.4995274102079395,0.003151161220631915,0.0,0.0,0.0
626532,2026-03-03 13:00:00,EDward Gaming,T1,0,58,60,-2.0,0.6379310344827587,0.4666666666666667,0.171264367816092,0.0,0.0,0.0,0.0,0.0,0.0,0.0,0.0,0.0,0.0,0.0,0.0,0.5,0.4998631636562671,0.00013683634373290454,0.5,0.5001708817498292,-0.00017088174982915483,0.5,0.4998631636562671,0.00013683634373290454,0.0,0.0,0.0
626533,2026-03-03 15:10:00,Xi Lai Gaming,G2 Esports,0,15,77,-62.0,0.5333333333333333,0.6883116883116883,-0.154978354978355,0.0,0.0,0.0,0.0,0.0,0.0,0.0,0.0,0.0,0.0,0.0,0.0,0.5,0.49977272727272726,0.00022727272727274261,0.5,0.4997146661594065,0.00028533384059348244,0.5,0.49977272727272726,0.00022727272727274261,0.0,0.0,0.0
626535,2026-03-04 13:00:00,NRG,Team Liquid,1,52,61,-9.0,0.5769230769230769,0.5737704918032787,0.0031525851197982124,0.0,0.0,0.0,0.0,0.0,0.0,0.0,0.0,0.0,0.0,0.0,0.0,0.5009117432531,0.4995344506517691,0.0013772926013308484,0.49953161592505857,0.5016808384417639,-0.0021492225167053514,0.5009117432531,0.4995344506517691,0.0013772926013308484,0.0,0.0,0.0
626534,2026-03-04 15:20:00,G2 Esports,T1,1,78,61,17.0,0.6923076923076923,0.47540983606557374,0.21689785624211855,0.0,0.0,0.0,0.0,0.0,0.0,0.0,0.0,0.0,0.0,0.0,0.0,0.4997735507246377,0.4998640565524742,-9.050582783648453e-05,0.4997153700189753,0.5001701258931609,-0.00045475587418558616,0.4997735507246377,0.4998640565524742,-9.050582783648453e-05,0.0,0.0,0.0
626539,2026-03-06 13:00:00,FURIA,Paper Rex,0,29,80,-51.0,0.2413793103448276,0.675,-0.4336206896551724,0.0,0.0,0.0,0.0,0.0,0.0,0.0,0.0,0.0,0.0,0.0,0.0,0.5015527950310559,0.49973821989528794,0.0018145751357679374,0.5035460992907801,0.49988560970029744,0.0036604895904826518,0.5015527950310559,0.49973821989528794,0.0018145751357679374,0.0,0.0,0.0
626537,2026-03-06 16:00:00,Nongshim RedForce,Gentle Mates,1,23,33,-10.0,0.6086956521739131,0.36363636363636365,0.24505928853754944,0.0,0.0,0.0,0.0,0.0,0.0,0.0,0.0,0.0,0.0,0.0,0.0,0.5040584415584416,0.5026041666666666,0.0014542748917749648,0.4989451476793249,0.4976993865030675,0.0012457611762574095,0.5040584415584416,0.5026041666666666,0.0014542748917749648,0.0,0.0,0.0
626540,2026-03-07 12:00:00,BBL Esports,NRG,0,38,53,-15.0,0.5263157894736842,0.5849056603773585,-0.05858987090367429,0.0,0.0,0.0,0.0,0.0,0.0,0.0,0.0,0.0,0.0,0.0,0.0,0.5006476683937824,0.5009038322487346,-0.00025616385495219607,0.5,0.4995353159851301,0.0004646840148698761,0.5006476683937824,0.5009038322487346,-0.00025616385495219607,0.0,0.0,0.0
626538,2026-03-07 15:30:00,All Gamers,G2 Esports,0,20,79,-59.0,0.4,0.6962025316455697,-0.29620253164556964,0.0,0.0,0.0,0.0,0.0,0.0,0.0,0.0,0.0,0.0,0.0,0.0,0.5,0.49977436823104693,0.0002256317689530718,0.5,0.49971671388101985,0.00028328611898015277,0.5,0.49977436823104693,0.0002256317689530718,0.0,0.0,0.0
626546,2026-03-08 13:00:00,FURIA,BBL Esports,0,30,39,-9.0,0.23333333333333334,0.5128205128205128,-0.27948717948717944,0.0,0.0,0.0,0.0,0.0,0.0,0.0,0.0,0.0,0.0,0.0,0.0,0.5005081300813008,0.5008568980291346,-0.0003487679478337835,0.5007739938080495,0.49948796722990274,0.0012860265781468039,0.5005081300813008,0.5008568980291346,-0.0003487679478337835,0.0,0.0,0.0
626545,2026-03-08 16:30:00,Gentle Mates,All Gamers,0,34,21,13.0,0.35294117647058826,0.38095238095238093,-0.028011204481792673,0.0,0.0,0.0,0.0,0.0,0.0,0.0,0.0,0.0,0.0,0.0,0.0,0.502568493150685,0.5,0.0025684931506849695,0.497737556561086,0.5,-0.002262443438914019,0.502568493150685,0.5,0.0025684931506849695,0.0,0.0,0.0
626541,2026-03-09 14:00:00,Nongshim RedForce,G2 Esports,1,24,80,-56.0,0.625,0.7,-0.07499999999999996,0.0,0.0,0.0,0.0,0.0,0.0,0.0,0.0,0.0,0.0,0.0,0.0,0.5040064102564102,0.4997751798561151,0.004231230400295161,0.4989612188365651,0.49971735443753534,-0.0007561356009702647,0.5040064102564102,0.4997751798561151,0.004231230400295161,0.0,0.0,0.0
626542,2026-03-09 17:20:00,Paper Rex,NRG,1,81,54,27.0,0.6790123456790124,0.5925925925925926,0.0864197530864198,0.0,0.0,0.0,0.0,0.0,0.0,0.0,0.0,0.0,0.0,0.0,0.0,0.4999130132219903,0.5007183908045977,-0.0008053775826074028,0.5002852253280091,0.5,0.00028522532800911993,0.4999130132219903,0.5007183908045977,-0.0008053775826074028,0.0,0.0,0.0
626548,2026-03-10 14:00:00,G2 Esports,BBL Esports,1,81,40,41.0,0.691358024691358,0.525,0.16635802469135796,0.0,0.0,0.0,0.0,0.0,0.0,0.0,0.0,0.0,0.0,0.0,0.0,0.4994020926756353,0.5019132653061225,-0.0025111726304871684,0.5000939496429914,0.49885699771399544,0.0012369519289959219,0.4994020926756353,0.5019132653061225,-0.0025111726304871684,0.0,0.0,0.0
626547,2026-03-10 16:10:00,Paper Rex,All Gamers,1,82,22,60.0,0.6829268292682927,0.4090909090909091,0.2738359201773836,0.0,0.0,0.0,0.0,0.0,0.0,0.0,0.0,0.0,0.0,0.0,0.0,0.4999142661179698,0.49914529914529915,0.0007689669726706483,0.5002797985450476,0.502913752913753,-0.0026339543687053935,0.4999142661179698,0.49914529914529915,0.0007689669726706483,0.0,0.0,0.0
626543,2026-03-13 13:00:00,Nongshim RedForce,NRG,1,25,55,-30.0,0.64,0.5818181818181818,0.05818181818181822,0.0,0.0,0.0,0.0,0.0,0.0,0.0,0.0,0.0,0.0,0.0,0.0,0.5052910052910053,0.500697350069735,0.00459365522127031,0.4976010966415353,0.5,-0.00239890335846471,0.5052910052910053,0.500697350069735,0.00459365522127031,0.0,0.0,0.0
626549,2026-03-13 15:25:00,Paper Rex,G2 Esports,1,83,82,1.0,0.6867469879518072,0.6951219512195121,-0.008374963267704927,0.0,0.0,0.0,0.0,0.0,0.0,0.0,0.0,0.0,0.0,0.0,0.0,0.4999145299145299,0.49940422996723266,0.0005102999472972325,0.5009487666034156,0.5000936855911561,0.0008550810122595065,0.4999145299145299,0.49940422996723266,0.0005102999472972325,0.0,0.0,0.0
626550,2026-03-14 13:00:00,NRG,Paper Rex,0,56,84,-28.0,0.5714285714285714,0.6904761904761905,-0.11904761904761907,0.0,0.0,0.0,0.0,0.0,0.0,0.0,0.0,0.0,0.0,0.0,0.0,0.5006915629322268,0.5003408316291752,0.00035073130305163236,0.5,0.5010015579790785,-0.0010015579790785267,0.5006915629322268,0.5003408316291752,0.00035073130305163236,0.0,0.0,0.0
626544,2026-03-15 14:00:00,Nongshim RedForce,Paper Rex,0,26,85,-59.0,0.6538461538461539,0.6941176470588235,-0.04027149321266965,0.0,0.0,0.0,0.0,0.0,0.0,0.0,0.0,0.0,0.0,0.0,0.0,0.5052246603970741,0.5003380662609872,0.004886594136086941,0.49763673193787983,0.5009940357852882,-0.0033573038474083994,0.5052246603970741,0.5003380662609872,0.004886594136086941,0.0,0.0,0.0
642914,2026-03-31 05:00:00,Titan Esports Club,All Gamers,0,22,23,-1.0,0.22727272727272727,0.391304347826087,-0.1640316205533597,0.0,0.0,0.0,0.0,0.0,0.0,0.0,0.0,0.0,0.0,0.0,0.0,0.5,0.49915824915824913,0.0008417508417508657,0.5,0.49942528735632186,0.0005747126436781436,0.5,0.49915824915824913,0.0008417508417508657,0.0,0.0,0.0
642915,2026-03-31 08:30:00,Nova Esports,EDward Gaming,0,21,59,-38.0,0.38095238095238093,0.6271186440677966,-0.24616626311541567,0.0,0.0,0.0,0.0,0.0,0.0,0.0,0.0,0.0,0.0,0.0,0.0,0.5,0.5,0.0,0.5,0.5,0.0,0.5,0.5,0.0,0.0,0.0,0.0
642916,2026-04-01 05:00:00,JDG Esports,FunPlus Phoenix,1,23,34,-11.0,0.4782608695652174,0.5588235294117647,-0.08056265984654731,0.0,0.0,0.0,0.0,0.0,0.0,0.0,0.0,0.0,0.0,0.0,0.0,0.5,0.5,0.0,0.5,0.5,0.0,0.5,0.5,0.0,0.0,0.0,0.0
642917,2026-04-01 08:10:00,Dragon Ranger Gaming,Xi Lai Gaming,0,32,16,16.0,0.40625,0.5,-0.09375,0.0,0.0,0.0,0.0,0.0,0.0,0.0,0.0,0.0,0.0,0.0,0.0,0.5,0.5,0.0,0.5,0.5,0.0,0.5,0.5,0.0,0.0,0.0,0.0
644710,2026-04-01 14:35:00,Team Liquid,Karmine Corp,1,62,42,20.0,0.5645161290322581,0.38095238095238093,0.1835637480798772,0.0,0.0,0.0,0.0,0.0,0.0,0.0,0.0,0.0,0.0,0.0,0.0,0.49953789279112754,0.5019713261648745,-0.0024334333737469627,0.5016696130426243,0.498652896273013,0.0030167167696112385,0.49953789279112754,0.5019713261648745,-0.0024334333737469627,0.0,0.0,0.0
642918,2026-04-02 05:00:00,Wolves Esports,Trace Esports,0,27,38,-11.0,0.37037037037037035,0.5789473684210527,-0.2085769980506823,0.0,0.0,0.0,0.0,0.0,0.0,0.0,0.0,0.0,0.0,0.0,0.0,0.5,0.5,0.0,0.5,0.5,0.0,0.5,0.5,0.0,0.0,0.0,0.0
642919,2026-04-02 07:30:00,Bilibili Gaming,TYLOO,0,36,21,15.0,0.4722222222222222,0.47619047619047616,-0.003968253968253954,0.0,0.0,0.0,0.0,0.0,0.0,0.0,0.0,0.0,0.0,0.0,0.0,0.5,0.5,0.0,0.5,0.5,0.0,0.5,0.5,0.0,0.0,0.0,0.0
644711,2026-04-02 11:00:00,Team Vitality,GIANTX,1,49,41,8.0,0.4897959183673469,0.4634146341463415,0.02638128422100544,0.0,0.0,0.0,0.0,0.0,0.0,0.0,0.0,0.0,0.0,0.0,0.0,0.49968789013732834,0.5005081300813008,-0.0008202399439724561,0.4998944925089681,0.499644128113879,0.000250364395089131,0.49968789013732834,0.5005081300813008,-0.0008202399439724561,0.0,0.0,0.0
644712,2026-04-02 13:05:00,Gentle Mates,FUT Esports,0,35,49,-14.0,0.34285714285714286,0.46938775510204084,-0.12653061224489798,0.0,0.0,0.0,0.0,0.0,0.0,0.0,0.0,0.0,0.0,0.0,0.0,0.5031073446327684,0.4983530961791831,0.004754248453585297,0.4958832335329341,0.5007057874571487,-0.004822553924214545,0.5031073446327684,0.4983530961791831,0.004754248453585297,0.0,0.0,0.0
644652,2026-04-03 04:00:00,Gen.G,Global Esports,0,68,32,36.0,0.7352941176470589,0.28125,0.4540441176470589,0.0,0.0,0.0,0.0,0.0,0.0,0.0,0.0,0.0,0.0,0.0,0.0,0.5004618632884666,0.5012755102040817,-0.0008136469156150294,0.49941402980077015,0.5003092145949288,-0.0008951847941586766,0.5004618632884666,0.5012755102040817,-0.0008136469156150294,0.0,0.0,0.0
642920,2026-04-03 05:00:00,Dragon Ranger Gaming,Nova Esports,1,33,22,11.0,0.3939393939393939,0.36363636363636365,0.030303030303030276,0.0,0.0,0.0,0.0,0.0,0.0,0.0,0.0,0.0,0.0,0.0,0.0,0.5,0.5,0.0,0.5,0.5,0.0,0.5,0.5,0.0,0.0,0.0,0.0
644653,2026-04-03 06:15:00,T1,VARREL,1,62,3,59.0,0.46774193548387094,0.0,0.46774193548387094,0.0,0.0,0.0,0.0,0.0,0.0,0.0,0.0,0.0,0.0,0.0,0.0,0.49986493787142083,0.4,0.09986493787142081,0.5001686909581646,0.5514018691588785,-0.051233178200713825,0.49986493787142083,0.4,0.09986493787142081,0.0,0.0,0.0
642921,2026-04-03 07:10:00,FunPlus Phoenix,All Gamers,1,35,24,11.0,0.5428571428571428,0.4166666666666667,0.12619047619047613,0.0,0.0,0.0,0.0,0.0,0.0,0.0,0.0,0.0,0.0,0.0,0.0,0.5,0.4991830065359477,0.0008169934640522847,0.5,0.4994462901439646,0.0005537098560354226,0.5,0.4991830065359477,0.0008169934640522847,0.0,0.0,0.0
644713,2026-04-03 11:00:00,Team Heretics,Natus Vincere,0,73,41,32.0,0.6986301369863014,0.4146341463414634,0.283995990644838,0.0,0.0,0.0,0.0,0.0,0.0,0.0,0.0,0.0,0.0,0.0,0.0,0.4994612068965517,0.4994212962962963,3.9910600255432804e-05,0.5,0.5026985350809561,-0.002698535080956077,0.4994612068965517,0.4994212962962963,3.9910600255432804e-05,0.0,0.0,0.0
644714,2026-04-03 14:55:00,BBL Esports,PCIFIC Esports,1,41,3,38.0,0.5121951219512195,0.0,0.5121951219512195,0.0,0.0,0.0,0.0,0.0,0.0,0.0,0.0,0.0,0.0,0.0,0.0,0.5018939393939394,0.43333333333333335,0.0685606060606061,0.4988656415427275,0.5227272727272727,-0.023861631184545207,0.5018939393939394,0.43333333333333335,0.0685606060606061,0.0,0.0,0.0
644654,2026-04-04 04:00:00,Nongshim RedForce,Paper Rex,0,27,86,-59.0,0.6296296296296297,0.6976744186046512,-0.06804478897502153,0.0,0.0,0.0,0.0,0.0,0.0,0.0,0.0,0.0,0.0,0.0,0.0,0.5049751243781094,0.5003326679973387,0.004642456380770765,0.49774484536082475,0.5009786863853849,-0.0032338410245601468,0.5049751243781094,0.5003326679973387,0.004642456380770765,0.0,0.0,0.0
642922,2026-04-04 05:00:00,TYLOO,Titan Esports Club,1,22,23,-1.0,0.5,0.21739130434782608,0.28260869565217395,0.0,0.0,0.0,0.0,0.0,0.0,0.0,0.0,0.0,0.0,0.0,0.0,0.5,0.5,0.0,0.5,0.5,0.0,0.5,0.5,0.0,0.0,0.0,0.0
644655,2026-04-04 07:10:00,FULL SENSE,DetonatioN FocusMe,1,5,34,-29.0,0.4,0.29411764705882354,0.10588235294117648,0.0,0.0,0.0,0.0,0.0,0.0,0.0,0.0,0.0,0.0,0.0,0.0,0.5046296296296297,0.49926253687315636,0.005367092756473291,0.5,0.5020746887966805,-0.0020746887966804906,0.5046296296296297,0.49926253687315636,0.005367092756473291,0.0,0.0,0.0
642923,2026-04-04 07:30:00,Wolves Esports,EDward Gaming,0,28,60,-32.0,0.35714285714285715,0.6333333333333333,-0.27619047619047615,0.0,0.0,0.0,0.0,0.0,0.0,0.0,0.0,0.0,0.0,0.0,0.0,0.5,0.5,0.0,0.5,0.5,0.0,0.5,0.5,0.0,0.0,0.0,0.0
642924,2026-04-05 05:00:00,Trace Esports,Xi Lai Gaming,0,39,17,22.0,0.5897435897435898,0.5294117647058824,0.0603318250377074,0.0,0.0,0.0,0.0,0.0,0.0,0.0,0.0,0.0,0.0,0.0,0.0,0.5,0.5,0.0,0.5,0.5,0.0,0.5,0.5,0.0,0.0,0.0,0.0
644657,2026-04-05 06:30:00,Rex Regum Qeon,ZETA DIVISION,1,47,31,16.0,0.46808510638297873,0.3225806451612903,0.14550446122168842,0.0,0.0,0.0,0.0,0.0,0.0,0.0,0.0,0.0,0.0,0.0,0.0,0.49863387978142076,0.5010330578512396,-0.0023991780698188747,0.5005354137983785,0.4980582524271845,0.0024771613711940255,0.49863387978142076,0.5010330578512396,-0.0023991780698188747,0.0,0.0,0.0
642925,2026-04-05 08:25:00,Bilibili Gaming,JDG Esports,1,37,24,13.0,0.4594594594594595,0.5,-0.040540540540540515,0.0,0.0,0.0,0.0,0.0,0.0,0.0,0.0,0.0,0.0,0.0,0.0,0.5,0.5,0.0,0.5,0.5,0.0,0.5,0.5,0.0,0.0,0.0,0.0
642927,2026-04-07 05:00:00,FunPlus Phoenix,TYLOO,1,36,23,13.0,0.5555555555555556,0.5217391304347826,0.033816425120772986,0.0,0.0,0.0,0.0,0.0,0.0,0.0,0.0,0.0,0.0,0.0,0.0,0.5,0.5,0.0,0.5,0.5,0.0,0.5,0.5,0.0,0.0,0.0,0.0
642928,2026-04-07 08:30:00,Titan Esports Club,Bilibili Gaming,1,24,38,-14.0,0.20833333333333334,0.47368421052631576,-0.26535087719298245,0.0,0.0,0.0,0.0,0.0,0.0,0.0,0.0,0.0,0.0,0.0,0.0,0.5,0.5,0.0,0.5,0.5,0.0,0.5,0.5,0.0,0.0,0.0,0.0
642929,2026-04-08 05:00:00,Xi Lai Gaming,Nova Esports,1,18,23,-5.0,0.5555555555555556,0.34782608695652173,0.20772946859903385,0.0,0.0,0.0,0.0,0.0,0.0,0.0,0.0,0.0,0.0,0.0,0.0,0.5,0.5,0.0,0.5,0.5,0.0,0.5,0.5,0.0,0.0,0.0,0.0
642930,2026-04-08 07:30:00,EDward Gaming,Trace Esports,1,61,40,21.0,0.639344262295082,0.575,0.06434426229508206,0.0,0.0,0.0,0.0,0.0,0.0,0.0,0.0,0.0,0.0,0.0,0.0,0.5,0.5,0.0,0.5,0.5,0.0,0.5,0.5,0.0,0.0,0.0,0.0
644716,2026-04-08 11:00:00,PCIFIC Esports,GIANTX,0,4,42,-38.0,0.0,0.4523809523809524,-0.4523809523809524,0.0,0.0,0.0,0.0,0.0,0.0,0.0,0.0,0.0,0.0,0.0,0.0,0.4523809523809524,0.5004960317460317,-0.04811507936507936,0.5153846153846153,0.4996505939902166,0.015734021394398723,0.4523809523809524,0.5004960317460317,-0.04811507936507936,0.0,0.0,0.0
644717,2026-04-08 14:25:00,BBL Esports,Eternal Fire,0,42,1,41.0,0.5238095238095238,0.0,0.5238095238095238,0.0,0.0,0.0,0.0,0.0,0.0,0.0,0.0,0.0,0.0,0.0,0.0,0.501875,0.5277777777777778,-0.02590277777777783,0.49887752556747317,0.32432432432432434,0.17455320124314883,0.501875,0.5277777777777778,-0.02590277777777783,0.0,0.0,0.0
642931,2026-04-09 05:00:00,JDG Esports,All Gamers,0,25,25,0.0,0.48,0.4,0.07999999999999996,0.0,0.0,0.0,0.0,0.0,0.0,0.0,0.0,0.0,0.0,0.0,0.0,0.5,0.49919871794871795,0.0008012820512820484,0.5,0.49945414847161573,0.0005458515283842669,0.5,0.49919871794871795,0.0008012820512820484,0.0,0.0,0.0
642932,2026-04-09 07:25:00,Dragon Ranger Gaming,Wolves Esports,1,34,29,5.0,0.4117647058823529,0.3448275862068966,0.06693711967545635,0.0,0.0,0.0,0.0,0.0,0.0,0.0,0.0,0.0,0.0,0.0,0.0,0.5,0.5,0.0,0.5,0.5,0.0,0.5,0.5,0.0,0.0,0.0,0.0
644719,2026-04-09 13:30:00,Team Liquid,Team Heretics,1,63,74,-11.0,0.5714285714285714,0.6891891891891891,-0.11776061776061775,0.0,0.0,0.0,0.0,0.0,0.0,0.0,0.0,0.0,0.0,0.0,0.0,0.49954128440366974,0.49946294307196565,7.834133170409041e-05,0.5016572431273153,0.499761620977354,0.0018956221499613068,0.49954128440366974,0.49946294307196565,7.834133170409041e-05,0.0,0.0,0.0
644658,2026-04-10 04:00:00,DetonatioN FocusMe,T1,0,35,63,-28.0,0.2857142857142857,0.47619047619047616,-0.19047619047619047,0.0,0.0,0.0,0.0,0.0,0.0,0.0,0.0,0.0,0.0,0.0,0.0,0.49930555555555556,0.49986580783682233,-0.000560252281266771,0.5019607843137255,0.5001677289500168,0.0017930553637086621,0.49930555555555556,0.49986580783682233,-0.000560252281266771,0.0,0.0,0.0
642933,2026-04-10 05:00:00,Nova Esports,Trace Esports,0,24,41,-17.0,0.3333333333333333,0.5609756097560976,-0.2276422764227643,0.0,0.0,0.0,0.0,0.0,0.0,0.0,0.0,0.0,0.0,0.0,0.0,0.5,0.5,0.0,0.5,0.5,0.0,0.5,0.5,0.0,0.0,0.0,0.0
642934,2026-04-10 07:30:00,FunPlus Phoenix,Bilibili Gaming,0,37,39,-2.0,0.5675675675675675,0.46153846153846156,0.10602910602910598,0.0,0.0,0.0,0.0,0.0,0.0,0.0,0.0,0.0,0.0,0.0,0.0,0.5,0.5,0.0,0.5,0.5,0.0,0.5,0.5,0.0,0.0,0.0,0.0
644720,2026-04-10 11:00:00,FUT Esports,Natus Vincere,1,50,42,8.0,0.48,0.42857142857142855,0.051428571428571435,0.0,0.0,0.0,0.0,0.0,0.0,0.0,0.0,0.0,0.0,0.0,0.0,0.49819908316961364,0.49942726231386025,-0.0012281791442466106,0.5018050541516246,0.5034298780487805,-0.0016248238971559026,0.49819908316961364,0.49942726231386025,-0.0012281791442466106,0.0,0.0,0.0
644721,2026-04-10 14:20:00,Gentle Mates,Karmine Corp,1,36,43,-7.0,0.3333333333333333,0.37209302325581395,-0.038759689922480633,0.0,0.0,0.0,0.0,0.0,0.0,0.0,0.0,0.0,0.0,0.0,0.0,0.5033557046979866,0.501954513148543,0.0014011915494436256,0.49388662467580585,0.4986642920747996,-0.004777667398993768,0.5033557046979866,0.501954513148543,0.0014011915494436256,0.0,0.0,0.0
645475,2026-04-10 19:40:00,G2 Esports,MIBR,0,83,48,35.0,0.6867469879518072,0.375,0.3117469879518072,0.0,0.0,0.0,0.0,0.0,0.0,0.0,0.0,0.0,0.0,0.0,0.0,0.4990344622697564,0.4989177489177489,0.00011671335200746924,0.5000467246051771,0.5007923930269413,-0.0007456684217642673,0.4990344622697564,0.4989177489177489,0.00011671335200746924,0.0,0.0,0.0
644660,2026-04-11 04:00:00,Team Secret,Global Esports,0,33,33,0.0,0.3939393939393939,0.30303030303030304,0.09090909090909088,0.0,0.0,0.0,0.0,0.0,0.0,0.0,0.0,0.0,0.0,0.0,0.0,0.49948717948717947,0.50125,-0.0017628205128205066,0.5003360215053764,0.5003039513677812,3.207013759520816e-05,0.49948717948717947,0.50125,-0.0017628205128205066,0.0,0.0,0.0
642935,2026-04-11 05:00:00,All Gamers,TYLOO,0,26,24,2.0,0.4230769230769231,0.5,-0.07692307692307693,0.0,0.0,0.0,0.0,0.0,0.0,0.0,0.0,0.0,0.0,0.0,0.0,0.4992138364779874,0.5,-0.0007861635220126062,0.4994640943193998,0.5,-0.0005359056806001905,0.4992138364779874,0.5,-0.0007861635220126062,0.0,0.0,0.0
644661,2026-04-11 06:25:00,Rex Regum Qeon,VARREL,1,48,4,44.0,0.4791666666666667,0.0,0.4791666666666667,0.0,0.0,0.0,0.0,0.0,0.0,0.0,0.0,0.0,0.0,0.0,0.0,0.4981454005934718,0.42857142857142855,0.06957397202204324,0.5013711151736746,0.5390070921985816,-0.03763597702490695,0.4981454005934718,0.42857142857142855,0.06957397202204324,0.0,0.0,0.0
642936,2026-04-11 08:15:00,EDward Gaming,Dragon Ranger Gaming,1,62,35,27.0,0.6451612903225806,0.42857142857142855,0.21658986175115208,0.0,0.0,0.0,0.0,0.0,0.0,0.0,0.0,0.0,0.0,0.0,0.0,0.5,0.5,0.0,0.5,0.5,0.0,0.5,0.5,0.0,0.0,0.0,0.0
645476,2026-04-11 17:00:00,100 Thieves,Evil Geniuses,1,50,40,10.0,0.48,0.425,0.05499999999999999,0.0,0.0,0.0,0.0,0.0,0.0,0.0,0.0,0.0,0.0,0.0,0.0,0.501758658008658,0.5004694835680751,0.001289174440582963,0.5007974481658692,0.4989763088622404,0.001821139303628816,0.501758658008658,0.5004694835680751,0.001289174440582963,0.0,0.0,0.0
645477,2026-04-11 20:35:00,ENVY,LOUD,0,5,40,-35.0,0.6,0.325,0.27499999999999997,0.0,0.0,0.0,0.0,0.0,0.0,0.0,0.0,0.0,0.0,0.0,0.0,0.5092592592592593,0.49859943977591037,0.010659819483348931,0.5104166666666666,0.4993993993993994,0.011017267267267206,0.5092592592592593,0.49859943977591037,0.010659819483348931,0.0,0.0,0.0
644662,2026-04-12 04:00:00,FULL SENSE,ZETA DIVISION,1,6,32,-26.0,0.5,0.3125,0.1875,0.0,0.0,0.0,0.0,0.0,0.0,0.0,0.0,0.0,0.0,0.0,0.0,0.5026041666666666,0.5023809523809524,0.00022321428571425717,0.5,0.4954480114997604,0.004551988500239579,0.5026041666666666,0.5023809523809524,0.00022321428571425717,0.0,0.0,0.0
642937,2026-04-12 05:00:00,JDG Esports,Titan Esports Club,1,26,25,1.0,0.46153846153846156,0.24,0.22153846153846157,0.0,0.0,0.0,0.0,0.0,0.0,0.0,0.0,0.0,0.0,0.0,0.0,0.5,0.5,0.0,0.5,0.5,0.0,0.5,0.5,0.0,0.0,0.0,0.0
644663,2026-04-12 05:50:00,Gen.G,Paper Rex,1,69,87,-18.0,0.7246376811594203,0.7011494252873564,0.023488255872063935,0.0,0.0,0.0,0.0,0.0,0.0,0.0,0.0,0.0,0.0,0.0,0.0,0.5004604051565378,0.5001658374792703,0.00029456767726743216,0.49941540003340573,0.5016251354279523,-0.0022097353945465525,0.5004604051565378,0.5001658374792703,0.00029456767726743216,0.0,0.0,0.0
642938,2026-04-12 07:35:00,Xi Lai Gaming,Wolves Esports,1,19,30,-11.0,0.5789473684210527,0.3333333333333333,0.24561403508771934,0.0,0.0,0.0,0.0,0.0,0.0,0.0,0.0,0.0,0.0,0.0,0.0,0.5,0.5,0.0,0.5,0.5,0.0,0.5,0.5,0.0,0.0,0.0,0.0
645478,2026-04-12 17:00:00,Cloud9,LEVIATÁN,0,41,51,-10.0,0.4878048780487805,0.6470588235294118,-0.15925394548063132,0.0,0.0,0.0,0.0,0.0,0.0,0.0,0.0,0.0,0.0,0.0,0.0,0.4985977564102564,0.4995477159656264,-0.000949959555370028,0.5002477700693756,0.5002039983680131,4.3771701362493864e-05,0.4985977564102564,0.4995477159656264,-0.000949959555370028,0.0,0.0,0.0
645479,2026-04-12 19:05:00,FURIA,NRG,1,31,57,-26.0,0.22580645161290322,0.5614035087719298,-0.33559705715902655,0.0,0.0,0.0,0.0,0.0,0.0,0.0,0.0,0.0,0.0,0.0,0.0,0.49800399201596807,0.5006802721088436,-0.002676280092875516,0.5026455026455027,0.5,0.002645502645502673,0.49800399201596807,0.5006802721088436,-0.002676280092875516,0.0,0.0,0.0
642939,2026-04-14 05:00:00,TYLOO,JDG Esports,0,25,27,-2.0,0.52,0.48148148148148145,0.03851851851851856,0.0,0.0,0.0,0.0,0.0,0.0,0.0,0.0,0.0,0.0,0.0,0.0,0.5,0.5,0.0,0.5,0.5,0.0,0.5,0.5,0.0,0.0,0.0,0.0
642940,2026-04-14 07:55:00,Trace Esports,Dragon Ranger Gaming,0,42,36,6.0,0.5714285714285714,0.4166666666666667,0.1547619047619047,0.0,0.0,0.0,0.0,0.0,0.0,0.0,0.0,0.0,0.0,0.0,0.0,0.5,0.5,0.0,0.5,0.5,0.0,0.5,0.5,0.0,0.0,0.0,0.0
642941,2026-04-15 05:00:00,Titan Esports Club,FunPlus Phoenix,1,26,38,-12.0,0.23076923076923078,0.5526315789473685,-0.3218623481781377,0.0,0.0,0.0,0.0,0.0,0.0,0.0,0.0,0.0,0.0,0.0,0.0,0.5,0.5,0.0,0.5,0.5,0.0,0.5,0.5,0.0,0.0,0.0,0.0
642942,2026-04-15 07:05:00,All Gamers,Bilibili Gaming,1,27,40,-13.0,0.4074074074074074,0.475,-0.06759259259259259,0.0,0.0,0.0,0.0,0.0,0.0,0.0,0.0,0.0,0.0,0.0,0.0,0.4992690058479532,0.5,-0.0007309941520468044,0.4995019920318725,0.5,-0.0004980079681274896,0.4992690058479532,0.5,-0.0007309941520468044,0.0,0.0,0.0
644722,2026-04-15 11:00:00,BBL Esports,GIANTX,0,43,43,0.0,0.5116279069767442,0.46511627906976744,0.04651162790697677,0.0,0.0,0.0,0.0,0.0,0.0,0.0,0.0,0.0,0.0,0.0,0.0,0.5018564356435643,0.5014749262536873,0.00038150938987702165,0.49888751545117427,0.4993093922651934,-0.0004218768140191176,0.5018564356435643,0.5014749262536873,0.00038150938987702165,0.0,0.0,0.0
644723,2026-04-15 14:20:00,Gentle Mates,Natus Vincere,1,37,43,-6.0,0.35135135135135137,0.4186046511627907,-0.06725329981143935,0.0,0.0,0.0,0.0,0.0,0.0,0.0,0.0,0.0,0.0,0.0,0.0,0.5033222591362126,0.49971655328798187,0.003605705848230778,0.4946866984243313,0.5016974726518295,-0.00701077422749824,0.5033222591362126,0.49971655328798187,0.003605705848230778,0.0,0.0,0.0
642943,2026-04-16 05:00:00,Nova Esports,Wolves Esports,1,25,31,-6.0,0.32,0.3225806451612903,-0.002580645161290307,0.0,0.0,0.0,0.0,0.0,0.0,0.0,0.0,0.0,0.0,0.0,0.0,0.5,0.5,0.0,0.5,0.5,0.0,0.5,0.5,0.0,0.0,0.0,0.0
642944,2026-04-16 07:15:00,EDward Gaming,Xi Lai Gaming,0,63,20,43.0,0.6507936507936508,0.6,0.050793650793650835,0.0,0.0,0.0,0.0,0.0,0.0,0.0,0.0,0.0,0.0,0.0,0.0,0.5,0.5,0.0,0.5,0.5,0.0,0.5,0.5,0.0,0.0,0.0,0.0
644724,2026-04-16 11:00:00,Eternal Fire,Team Vitality,1,2,51,-49.0,0.5,0.49019607843137253,0.009803921568627472,0.0,0.0,0.0,0.0,0.0,0.0,0.0,0.0,0.0,0.0,0.0,0.0,0.5119047619047619,0.49970131421744324,0.012203447687318625,0.410958904109589,0.49989880590973484,-0.08893990180014583,0.5119047619047619,0.49970131421744324,0.012203447687318625,0.0,0.0,0.0
644725,2026-04-16 13:30:00,Karmine Corp,Team Heretics,0,44,75,-31.0,0.36363636363636365,0.68,-0.3163636363636364,0.0,0.0,0.0,0.0,0.0,0.0,0.0,0.0,0.0,0.0,0.0,0.0,0.5019420903954802,0.4994652406417112,0.002476849753768995,0.4982308712958868,0.49976275207591936,-0.0015318807800325795,0.5019420903954802,0.4994652406417112,0.002476849753768995,0.0,0.0,0.0
644665,2026-04-17 04:00:00,FULL SENSE,VARREL,1,7,5,2.0,0.5714285714285714,0.0,0.5714285714285714,0.0,0.0,0.0,0.0,0.0,0.0,0.0,0.0,0.0,0.0,0.0,0.0,0.5023148148148148,0.4444444444444444,0.05787037037037035,0.5,0.527363184079602,-0.027363184079602032,0.5023148148148148,0.4444444444444444,0.05787037037037035,0.0,0.0,0.0
644666,2026-04-17 06:20:00,Team Secret,Paper Rex,0,34,88,-54.0,0.38235294117647056,0.6931818181818182,-0.31082887700534767,0.0,0.0,0.0,0.0,0.0,0.0,0.0,0.0,0.0,0.0,0.0,0.0,0.49949341438703143,0.500165343915344,-0.0006719295283125204,0.5003315649867374,0.5015122056599698,-0.0011806406732324248,0.49949341438703143,0.500165343915344,-0.0006719295283125204,0.0,0.0,0.0
644726,2026-04-17 11:00:00,FUT Esports,Team Liquid,1,51,64,-13.0,0.49019607843137253,0.578125,-0.08792892156862747,0.0,0.0,0.0,0.0,0.0,0.0,0.0,0.0,0.0,0.0,0.0,0.0,0.498046875,0.49954462659380694,-0.0014977515938069397,0.5026929982046678,0.501644418649642,0.001048579555025797,0.498046875,0.49954462659380694,-0.0014977515938069397,0.0,0.0,0.0
645480,2026-04-17 17:00:00,Cloud9,ENVY,0,42,6,36.0,0.47619047619047616,0.5,-0.023809523809523836,0.0,0.0,0.0,0.0,0.0,0.0,0.0,0.0,0.0,0.0,0.0,0.0,0.498624213836478,0.5083333333333333,-0.009709119496855323,0.5002444987775061,0.5047021943573667,-0.004457695579860643,0.498624213836478,0.5083333333333333,-0.009709119496855323,0.0,0.0,0.0
645481,2026-04-17 20:05:00,FURIA,Evil Geniuses,1,32,41,-9.0,0.25,0.4146341463414634,-0.1646341463414634,0.0,0.0,0.0,0.0,0.0,0.0,0.0,0.0,0.0,0.0,0.0,0.0,0.4980952380952381,0.5004541326067211,-0.002358894511483023,0.5025197984161267,0.4990126939351199,0.0035071044810068286,0.4980952380952381,0.5004541326067211,-0.002358894511483023,0.0,0.0,0.0
642947,2026-04-18 05:00:00,TYLOO,Dragon Ranger Gaming,1,26,37,-11.0,0.5,0.43243243243243246,0.06756756756756754,0.0,0.0,0.0,0.0,0.0,0.0,0.0,0.0,0.0,0.0,0.0,0.0,0.5,0.5,0.0,0.5,0.5,0.0,0.5,0.5,0.0,0.0,0.0,0.0
644668,2026-04-18 06:20:00,ZETA DIVISION,DetonatioN FocusMe,0,33,36,-3.0,0.30303030303030304,0.2777777777777778,0.02525252525252525,0.0,0.0,0.0,0.0,0.0,0.0,0.0,0.0,0.0,0.0,0.0,0.0,0.5023427041499331,0.49933862433862436,0.0030040798113087352,0.4955125177137459,0.501841620626151,-0.006329102912405127,0.5023427041499331,0.49933862433862436,0.0030040798113087352,0.0,0.0,0.0
642946,2026-04-18 07:15:00,JDG Esports,EDward Gaming,0,28,64,-36.0,0.5,0.640625,-0.140625,0.0,0.0,0.0,0.0,0.0,0.0,0.0,0.0,0.0,0.0,0.0,0.0,0.5,0.5,0.0,0.5,0.5,0.0,0.5,0.5,0.0,0.0,0.0,0.0
645482,2026-04-18 17:00:00,G2 Esports,LEVIATÁN,0,84,52,32.0,0.6785714285714286,0.6538461538461539,0.02472527472527475,0.0,0.0,0.0,0.0,0.0,0.0,0.0,0.0,0.0,0.0,0.0,0.0,0.4990378922439313,0.49955257270693515,-0.0005146804630038471,0.500046490004649,0.5002025111381126,-0.00015602113346369073,0.4990378922439313,0.49955257270693515,-0.0005146804630038471,0.0,0.0,0.0
645483,2026-04-18 20:30:00,MIBR,LOUD,1,49,41,8.0,0.3877551020408163,0.34146341463414637,0.046291687406669946,0.0,0.0,0.0,0.0,0.0,0.0,0.0,0.0,0.0,0.0,0.0,0.0,0.49892887746358183,0.4986111111111111,0.0003177663524707164,0.50078125,0.499851234751562,0.0009300152484379431,0.49892887746358183,0.4986111111111111,0.0003177663524707164,0.0,0.0,0.0
644669,2026-04-19 04:00:00,Rex Regum Qeon,T1,0,49,64,-15.0,0.4897959183673469,0.484375,0.0054209183673469274,0.0,0.0,0.0,0.0,0.0,0.0,0.0,0.0,0.0,0.0,0.0,0.0,0.49815634218289084,0.49986835176408634,-0.001712009581195495,0.501358695652174,0.5001640958319659,0.0011945998202080865,0.49815634218289084,0.49986835176408634,-0.001712009581195495,0.0,0.0,0.0
642948,2026-04-19 05:00:00,Titan Esports Club,Trace Esports,0,27,43,-16.0,0.25925925925925924,0.5581395348837209,-0.2988802756244617,0.0,0.0,0.0,0.0,0.0,0.0,0.0,0.0,0.0,0.0,0.0,0.0,0.5,0.5,0.0,0.5,0.5,0.0,0.5,0.5,0.0,0.0,0.0,0.0
644670,2026-04-19 06:25:00,Nongshim RedForce,Gen.G,1,29,70,-41.0,0.5862068965517241,0.7285714285714285,-0.14236453201970445,0.0,0.0,0.0,0.0,0.0,0.0,0.0,0.0,0.0,0.0,0.0,0.0,0.5056207233626588,0.5004593175853018,0.00516140577735702,0.4951211835064526,0.4995000833194468,-0.004378899812994164,0.5056207233626588,0.5004593175853018,0.00516140577735702,0.0,0.0,0.0
642945,2026-04-19 08:25:00,All Gamers,Xi Lai Gaming,0,28,21,7.0,0.42857142857142855,0.6190476190476191,-0.19047619047619052,0.0,0.0,0.0,0.0,0.0,0.0,0.0,0.0,0.0,0.0,0.0,0.0,0.49928774928774927,0.5,-0.0007122507122507282,0.49951171875,0.5,-0.00048828125,0.49928774928774927,0.5,-0.0007122507122507282,0.0,0.0,0.0
645485,2026-04-19 19:20:00,100 Thieves,Sentinels,0,51,67,-16.0,0.49019607843137253,0.5671641791044776,-0.07696810067310506,0.0,0.0,0.0,0.0,0.0,0.0,0.0,0.0,0.0,0.0,0.0,0.0,0.5017250530785563,0.5,0.0017250530785563045,0.500780031201248,0.5,0.0007800312012480326,0.5017250530785563,0.5,0.0017250530785563045,0.0,0.0,0.0
644728,2026-04-22 11:00:00,Eternal Fire,PCIFIC Esports,1,3,6,-3.0,0.6666666666666666,0.0,0.6666666666666666,0.0,0.0,0.0,0.0,0.0,0.0,0.0,0.0,0.0,0.0,0.0,0.0,0.5075757575757576,0.4523809523809524,0.055194805194805185,0.44144144144144143,0.5151515151515151,-0.07371007371007371,0.5075757575757576,0.4523809523809524,0.055194805194805185,0.0,0.0,0.0
644729,2026-04-22 14:10:00,Natus Vincere,Team Liquid,0,44,65,-21.0,0.4090909090909091,0.5692307692307692,-0.1601398601398601,0.0,0.0,0.0,0.0,0.0,0.0,0.0,0.0,0.0,0.0,0.0,0.0,0.49972035794183445,0.4995479204339964,0.00017243750783807466,0.5016722408026756,0.501628040605248,4.420019742756853e-05,0.49972035794183445,0.4995479204339964,0.00017243750783807466,0.0,0.0,0.0
644731,2026-04-23 14:00:00,Karmine Corp,FUT Esports,0,45,52,-7.0,0.35555555555555557,0.5,-0.14444444444444443,0.0,0.0,0.0,0.0,0.0,0.0,0.0,0.0,0.0,0.0,0.0,0.0,0.5012280701754386,0.49806201550387597,0.0031660546715626126,0.49801762114537446,0.5026653504442251,-0.004647729298850656,0.5012280701754386,0.49806201550387597,0.0031660546715626126,0.0,0.0,0.0
644671,2026-04-24 04:00:00,Rex Regum Qeon,FULL SENSE,1,50,8,42.0,0.48,0.625,-0.14500000000000002,0.0,0.0,0.0,0.0,0.0,0.0,0.0,0.0,0.0,0.0,0.0,0.0,0.4981936416184971,0.5020833333333333,-0.0038896917148362187,0.5013297872340425,0.5,0.0013297872340425343,0.4981936416184971,0.5020833333333333,-0.0038896917148362187,0.0,0.0,0.0
644672,2026-04-24 07:00:00,Paper Rex,Global Esports,1,89,35,54.0,0.6966292134831461,0.3142857142857143,0.3823434991974318,0.0,0.0,0.0,0.0,0.0,0.0,0.0,0.0,0.0,0.0,0.0,0.0,0.5001646903820817,0.5012019230769231,-0.0010372326948414612,0.5015034364261168,0.5002901915264074,0.0012132448997094203,0.5001646903820817,0.5012019230769231,-0.0010372326948414612,0.0,0.0,0.0
644732,2026-04-24 11:00:00,Gentle Mates,Team Heretics,0,38,76,-38.0,0.3684210526315789,0.6842105263157895,-0.31578947368421056,0.0,0.0,0.0,0.0,0.0,0.0,0.0,0.0,0.0,0.0,0.0,0.0,0.5032786885245901,0.4998223169864961,0.0034563715380940274,0.49476345250993137,0.4998816287878788,-0.005118176277947417,0.5032786885245901,0.4998223169864961,0.0034563715380940274,0.0,0.0,0.0
644733,2026-04-24 13:10:00,BBL Esports,Team Vitality,1,44,52,-8.0,0.5,0.4807692307692308,0.019230769230769218,0.0,0.0,0.0,0.0,0.0,0.0,0.0,0.0,0.0,0.0,0.0,0.0,0.502047502047502,0.49970344009489914,0.002344061952602894,0.4986503067484663,0.49989957822855996,-0.0012492714800936833,0.502047502047502,0.49970344009489914,0.002344061952602894,0.0,0.0,0.0
645486,2026-04-24 17:00:00,LEVIATÁN,ENVY,1,53,7,46.0,0.660377358490566,0.5714285714285714,0.0889487870619946,0.0,0.0,0.0,0.0,0.0,0.0,0.0,0.0,0.0,0.0,0.0,0.0,0.49944295900178254,0.5126262626262627,-0.013183303624480114,0.5001344086021505,0.5129682997118156,-0.012833891109665041,0.49944295900178254,0.5126262626262627,-0.013183303624480114,0.0,0.0,0.0
645487,2026-04-24 18:40:00,G2 Esports,LOUD,1,85,42,43.0,0.6705882352941176,0.3333333333333333,0.3372549019607843,0.0,0.0,0.0,0.0,0.0,0.0,0.0,0.0,0.0,0.0,0.0,0.0,0.4991142604074402,0.49862637362637363,0.0004878867810665932,0.50009269558769,0.4998526377836723,0.0002400578040177015,0.4991142604074402,0.49862637362637363,0.0004878867810665932,0.0,0.0,0.0
644674,2026-04-25 07:35:00,DetonatioN FocusMe,VARREL,1,37,6,31.0,0.2972972972972973,0.0,0.2972972972972973,0.0,0.0,0.0,0.0,0.0,0.0,0.0,0.0,0.0,0.0,0.0,0.0,0.5022875816993464,0.45454545454545453,0.04774212715389187,0.5002275830678198,0.5228215767634855,-0.022593993695665726,0.5022875816993464,0.45454545454545453,0.04774212715389187,0.0,0.0,0.0
645489,2026-04-25 19:05:00,NRG,100 Thieves,1,59,52,7.0,0.5423728813559322,0.4807692307692308,0.06160365058670142,0.0,0.0,0.0,0.0,0.0,0.0,0.0,0.0,0.0,0.0,0.0,0.0,0.50066401062417,0.5016927083333333,-0.001028697709163362,0.5,0.5007521310379408,-0.0007521310379408064,0.50066401062417,0.5016927083333333,-0.001028697709163362,0.0,0.0,0.0
644675,2026-04-26 04:00:00,T1,ZETA DIVISION,1,65,34,31.0,0.49230769230769234,0.29411764705882354,0.1981900452488688,0.0,0.0,0.0,0.0,0.0,0.0,0.0,0.0,0.0,0.0,0.0,0.0,0.49987120041215866,0.49933862433862436,0.0005325760735342966,0.5001603077909587,0.49719887955182074,0.00296142823913792,0.49987120041215866,0.49933862433862436,0.0005325760735342966,0.0,0.0,0.0
644676,2026-04-26 06:05:00,Nongshim RedForce,Team Secret,1,30,35,-5.0,0.6,0.37142857142857144,0.22857142857142854,0.0,0.0,0.0,0.0,0.0,0.0,0.0,0.0,0.0,0.0,0.0,0.0,0.5055555555555555,0.4994994994994995,0.006056056056056025,0.49516078676241027,0.5003257328990228,-0.005164946136612558,0.5055555555555555,0.4994994994994995,0.006056056056056025,0.0,0.0,0.0
645490,2026-04-26 17:00:00,Evil Geniuses,Sentinels,0,42,68,-26.0,0.40476190476190477,0.5735294117647058,-0.16876750700280108,0.0,0.0,0.0,0.0,0.0,0.0,0.0,0.0,0.0,0.0,0.0,0.0,0.5002252252252253,0.5,0.00022522522522527844,0.4980425055928412,0.5,-0.0019574944071588107,0.5002252252252253,0.5,0.00022522522522527844,0.0,0.0,0.0
645491,2026-04-26 19:25:00,MIBR,Cloud9,0,50,43,7.0,0.4,0.46511627906976744,-0.06511627906976741,0.0,0.0,0.0,0.0,0.0,0.0,0.0,0.0,0.0,0.0,0.0,0.0,0.4989397794741306,0.49824355971896955,0.0006962197551610427,0.5007747933884298,0.4995143273433706,0.0012604660450591942,0.4989397794741306,0.49824355971896955,0.0006962197551610427,0.0,0.0,0.0
644734,2026-04-29 11:00:00,Team Heretics,FUT Esports,1,77,53,24.0,0.6883116883116883,0.5094339622641509,0.17887772604753738,0.0,0.0,0.0,0.0,0.0,0.0,0.0,0.0,0.0,0.0,0.0,0.0,0.4998230714791224,0.4980732177263969,0.0017498537527255165,0.4998820754716981,0.5030421982335623,-0.003160122761864226,0.4998230714791224,0.4980732177263969,0.0017498537527255165,0.0,0.0,0.0
644735,2026-04-29 13:10:00,Team Vitality,PCIFIC Esports,1,53,7,46.0,0.4716981132075472,0.0,0.4716981132075472,0.0,0.0,0.0,0.0,0.0,0.0,0.0,0.0,0.0,0.0,0.0,0.0,0.49926253687315636,0.4618055555555556,0.03745698131760078,0.4999000999000999,0.5086206896551724,-0.00872058975507245,0.49926253687315636,0.4618055555555556,0.03745698131760078,0.0,0.0,0.0
644736,2026-04-30 11:00:00,Natus Vincere,Karmine Corp,1,45,46,-1.0,0.4,0.34782608695652173,0.05217391304347829,0.0,0.0,0.0,0.0,0.0,0.0,0.0,0.0,0.0,0.0,0.0,0.0,0.5008305647840532,0.5012203626220363,-0.00038979783798309686,0.4990805443177639,0.4975929978118162,0.001487546505947679,0.5008305647840532,0.5012203626220363,-0.00038979783798309686,0.0,0.0,0.0
644677,2026-05-01 04:00:00,Gen.G,Team Secret,0,72,36,36.0,0.7083333333333334,0.3611111111111111,0.34722222222222227,0.0,0.0,0.0,0.0,0.0,0.0,0.0,0.0,0.0,0.0,0.0,0.0,0.5004567997911772,0.49875992063492064,0.0016968791562565477,0.4997099527637358,0.5,-0.0002900472362641904,0.5004567997911772,0.49875992063492064,0.0016968791562565477,0.0,0.0,0.0
659474,2026-05-01 05:00:00,Xi Lai Gaming,Titan Esports Club,1,22,28,-6.0,0.6363636363636364,0.25,0.38636363636363635,0.0,0.0,0.0,0.0,0.0,0.0,0.0,0.0,0.0,0.0,0.0,0.0,0.5,0.5,0.0,0.5,0.5,0.0,0.5,0.5,0.0,0.0,0.0,0.0
644678,2026-05-01 07:20:00,VARREL,ZETA DIVISION,0,7,35,-28.0,0.0,0.2857142857142857,-0.2857142857142857,0.0,0.0,0.0,0.0,0.0,0.0,0.0,0.0,0.0,0.0,0.0,0.0,0.4533333333333333,0.4993489583333333,-0.046015625000000004,0.5218978102189781,0.4972375690607735,0.024660241158204588,0.4533333333333333,0.4993489583333333,-0.046015625000000004,0.0,0.0,0.0
659475,2026-05-01 07:20:00,JDG Esports,TYLOO,1,29,27,2.0,0.4827586206896552,0.5185185185185185,-0.035759897828863296,0.0,0.0,0.0,0.0,0.0,0.0,0.0,0.0,0.0,0.0,0.0,0.0,0.5,0.5,0.0,0.5,0.5,0.0,0.5,0.5,0.0,0.0,0.0,0.0
644738,2026-05-01 11:00:00,GIANTX,Eternal Fire,0,45,4,41.0,0.4666666666666667,0.75,-0.2833333333333333,0.0,0.0,0.0,0.0,0.0,0.0,0.0,0.0,0.0,0.0,0.0,0.0,0.5014492753623189,0.5,0.0014492753623188692,0.4993215739484396,0.46206896551724136,0.037252608431198264,0.5014492753623189,0.5,0.0014492753623188692,0.0,0.0,0.0
644739,2026-05-01 13:05:00,Gentle Mates,Team Liquid,0,39,66,-27.0,0.358974358974359,0.5757575757575758,-0.21678321678321683,0.0,0.0,0.0,0.0,0.0,0.0,0.0,0.0,0.0,0.0,0.0,0.0,0.5032362459546925,0.4989508393285372,0.004285406626155341,0.49482327740092824,0.5029529434177938,-0.0081296660168656,0.5032362459546925,0.4989508393285372,0.004285406626155341,0.0,0.0,0.0
645492,2026-05-01 17:00:00,Evil Geniuses,NRG,0,43,60,-17.0,0.3953488372093023,0.55,-0.15465116279069774,0.0,0.0,0.0,0.0,0.0,0.0,0.0,0.0,0.0,0.0,0.0,0.0,0.5002204585537919,0.5014851485148515,-0.0012646899610595508,0.4980863860032805,0.5,-0.001913613996719521,0.5002204585537919,0.5014851485148515,-0.0012646899610595508,0.0,0.0,0.0
645493,2026-05-01 19:20:00,LEVIATÁN,MIBR,0,54,51,3.0,0.6666666666666666,0.39215686274509803,0.2745098039215686,0.0,0.0,0.0,0.0,0.0,0.0,0.0,0.0,0.0,0.0,0.0,0.0,0.4994459219858156,0.4989504617968094,0.0004954601890062027,0.5001340482573726,0.5007637474541752,-0.0006296991968025578,0.4994459219858156,0.4989504617968094,0.0004954601890062027,0.0,0.0,0.0
644679,2026-05-02 04:00:00,T1,FULL SENSE,1,66,9,57.0,0.5,0.5555555555555556,-0.05555555555555558,0.0,0.0,0.0,0.0,0.0,0.0,0.0,0.0,0.0,0.0,0.0,0.0,0.49987199180747566,0.4903100775193798,0.00956191428809583,0.5001595405232929,0.504424778761062,-0.004265238237769031,0.49987199180747566,0.4903100775193798,0.00956191428809583,0.0,0.0,0.0
659476,2026-05-02 05:00:00,All Gamers,Trace Esports,1,29,44,-15.0,0.41379310344827586,0.5681818181818182,-0.15438871473354238,0.0,0.0,0.0,0.0,0.0,0.0,0.0,0.0,0.0,0.0,0.0,0.0,0.49935400516795864,0.5,-0.0006459948320413633,0.49955634427684115,0.5,-0.0004436557231588534,0.49935400516795864,0.5,-0.0006459948320413633,0.0,0.0,0.0
644680,2026-05-02 07:10:00,Nongshim RedForce,Global Esports,0,31,36,-5.0,0.6129032258064516,0.3055555555555556,0.30734767025089604,0.0,0.0,0.0,0.0,0.0,0.0,0.0,0.0,0.0,0.0,0.0,0.0,0.5062260536398467,0.500968992248062,0.005257061391784723,0.4955066625348621,0.5002322340919647,-0.004725571557102626,0.5062260536398467,0.500968992248062,0.005257061391784723,0.0,0.0,0.0
659477,2026-05-02 07:10:00,EDward Gaming,Dragon Ranger Gaming,1,65,38,27.0,0.6461538461538462,0.42105263157894735,0.22510121457489884,0.0,0.0,0.0,0.0,0.0,0.0,0.0,0.0,0.0,0.0,0.0,0.0,0.5,0.5,0.0,0.5,0.5,0.0,0.5,0.5,0.0,0.0,0.0,0.0
645495,2026-05-02 20:00:00,FURIA,Sentinels,1,34,69,-35.0,0.2647058823529412,0.5797101449275363,-0.3150042625745951,0.0,0.0,0.0,0.0,0.0,0.0,0.0,0.0,0.0,0.0,0.0,0.0,0.49862637362637363,0.5,-0.0013736263736263687,0.5048209366391184,0.5,0.004820936639118423,0.49862637362637363,0.5,-0.0013736263736263687,0.0,0.0,0.0
659482,2026-05-03 05:00:00,Titan Esports Club,TYLOO,0,29,28,1.0,0.2413793103448276,0.5,-0.2586206896551724,0.0,0.0,0.0,0.0,0.0,0.0,0.0,0.0,0.0,0.0,0.0,0.0,0.5,0.5,0.0,0.5,0.5,0.0,0.5,0.5,0.0,0.0,0.0,0.0
644682,2026-05-03 06:00:00,Rex Regum Qeon,DetonatioN FocusMe,1,51,38,13.0,0.49019607843137253,0.3157894736842105,0.17440660474716202,0.0,0.0,0.0,0.0,0.0,0.0,0.0,0.0,0.0,0.0,0.0,0.0,0.49892086330935254,0.502906976744186,-0.003986113434833516,0.501104077727072,0.5,0.0011040777270719948,0.49892086330935254,0.502906976744186,-0.003986113434833516,0.0,0.0,0.0
659483,2026-05-03 08:30:00,Trace Esports,Dragon Ranger Gaming,0,45,39,6.0,0.5555555555555556,0.41025641025641024,0.14529914529914534,0.0,0.0,0.0,0.0,0.0,0.0,0.0,0.0,0.0,0.0,0.0,0.0,0.5,0.5,0.0,0.5,0.5,0.0,0.5,0.5,0.0,0.0,0.0,0.0
645496,2026-05-03 17:00:00,LOUD,Cloud9,1,43,44,-1.0,0.32558139534883723,0.4772727272727273,-0.15169133192389006,0.0,0.0,0.0,0.0,0.0,0.0,0.0,0.0,0.0,0.0,0.0,0.0,0.4986413043478261,0.4982598607888631,0.00038144355896302384,0.49985443959243087,0.49952084331576424,0.0003335962766666256,0.4986413043478261,0.4982598607888631,0.00038144355896302384,0.0,0.0,0.0
645497,2026-05-03 20:00:00,G2 Esports,ENVY,1,86,8,78.0,0.6744186046511628,0.5,0.17441860465116277,0.0,0.0,0.0,0.0,0.0,0.0,0.0,0.0,0.0,0.0,0.0,0.0,0.49911738746690204,0.5112612612612613,-0.012143873794359217,0.5000923361034164,0.5122615803814714,-0.012169244278054991,0.49911738746690204,0.5112612612612613,-0.012143873794359217,0.0,0.0,0.0
659478,2026-05-04 05:00:00,Xi Lai Gaming,JDG Esports,1,23,30,-7.0,0.6521739130434783,0.5,0.15217391304347827,0.0,0.0,0.0,0.0,0.0,0.0,0.0,0.0,0.0,0.0,0.0,0.0,0.5,0.5,0.0,0.5,0.5,0.0,0.5,0.5,0.0,0.0,0.0,0.0
659479,2026-05-04 07:00:00,All Gamers,EDward Gaming,0,30,66,-36.0,0.43333333333333335,0.6515151515151515,-0.21818181818181814,0.0,0.0,0.0,0.0,0.0,0.0,0.0,0.0,0.0,0.0,0.0,0.0,0.4993638676844784,0.5,-0.0006361323155216203,0.49956178790534617,0.5,-0.0004382120946538337,0.4993638676844784,0.5,-0.0006361323155216203,0.0,0.0,0.0
659485,2026-05-05 05:00:00,JDG Esports,Dragon Ranger Gaming,0,31,40,-9.0,0.4838709677419355,0.425,0.05887096774193551,0.0,0.0,0.0,0.0,0.0,0.0,0.0,0.0,0.0,0.0,0.0,0.0,0.5,0.5,0.0,0.5,0.5,0.0,0.5,0.5,0.0,0.0,0.0,0.0
659484,2026-05-05 07:00:00,All Gamers,TYLOO,0,31,29,2.0,0.41935483870967744,0.5172413793103449,-0.09788654060066743,0.0,0.0,0.0,0.0,0.0,0.0,0.0,0.0,0.0,0.0,0.0,0.0,0.4993734335839599,0.5,-0.0006265664160400863,0.4995674740484429,0.5,-0.0004325259515570723,0.4993734335839599,0.5,-0.0006265664160400863,0.0,0.0,0.0
666488,2026-05-07 04:00:00,Rex Regum Qeon,Global Esports,0,52,37,15.0,0.5,0.32432432432432434,0.17567567567567566,0.0,0.0,0.0,0.0,0.0,0.0,0.0,0.0,0.0,0.0,0.0,0.0,0.4992836676217765,0.5015964240102171,-0.0023127563884405844,0.5010248901903368,0.5011441647597255,-0.00011927456938864989,0.4992836676217765,0.5015964240102171,-0.0023127563884405844,0.0,0.0,0.0
660381,2026-05-07 11:00:00,Eternal Fire,Team Heretics,1,5,78,-73.0,0.8,0.6923076923076923,0.10769230769230775,0.0,0.0,0.0,0.0,0.0,0.0,0.0,0.0,0.0,0.0,0.0,0.0,0.5,0.49982381959126143,0.00017618040873856877,0.4712041884816754,0.49988249118683903,-0.02867830270516364,0.5,0.49982381959126143,0.00017618040873856877,0.0,0.0,0.0
660382,2026-05-07 13:55:00,Team Liquid,Team Vitality,0,67,54,13.0,0.582089552238806,0.48148148148148145,0.10060807075732453,0.0,0.0,0.0,0.0,0.0,0.0,0.0,0.0,0.0,0.0,0.0,0.0,0.4989657210401891,0.4992677211482132,-0.00030200010802411414,0.5029140815942846,0.4999005370996618,0.003013544494622822,0.4989657210401891,0.4992677211482132,-0.00030200010802411414,0.0,0.0,0.0
666490,2026-05-08 04:00:00,Paper Rex,Global Esports,0,91,38,53.0,0.7032967032967034,0.34210526315789475,0.3611914401388086,0.0,0.0,0.0,0.0,0.0,0.0,0.0,0.0,0.0,0.0,0.0,0.0,0.5001548946716233,0.5015723270440252,-0.0014174323724018834,0.5014250814332247,0.5011205737337516,0.00030450769947309997,0.5001548946716233,0.5015723270440252,-0.0014174323724018834,0.0,0.0,0.0
659480,2026-05-08 05:00:00,Xi Lai Gaming,EDward Gaming,0,24,67,-43.0,0.6666666666666666,0.6567164179104478,0.00995024875621886,0.0,0.0,0.0,0.0,0.0,0.0,0.0,0.0,0.0,0.0,0.0,0.0,0.5,0.5,0.0,0.5,0.5,0.0,0.5,0.5,0.0,0.0,0.0,0.0
659486,2026-05-08 07:10:00,All Gamers,Dragon Ranger Gaming,0,32,41,-9.0,0.40625,0.43902439024390244,-0.03277439024390244,0.0,0.0,0.0,0.0,0.0,0.0,0.0,0.0,0.0,0.0,0.0,0.0,0.49940898345153667,0.5,-0.0005910165484633301,0.49959250203748984,0.5,-0.00040749796251016157,0.49940898345153667,0.5,-0.0005910165484633301,0.0,0.0,0.0
666491,2026-05-08 07:15:00,T1,FULL SENSE,1,67,11,56.0,0.5074626865671642,0.5454545454545454,-0.037991858887381214,0.0,0.0,0.0,0.0,0.0,0.0,0.0,0.0,0.0,0.0,0.0,0.0,0.5001274209989807,0.4895833333333333,0.01054408766564735,0.5003178639542276,0.5010940919037199,-0.0007762279494922808,0.5001274209989807,0.4895833333333333,0.01054408766564735,0.0,0.0,0.0
660383,2026-05-08 11:00:00,FUT Esports,Eternal Fire,1,54,6,48.0,0.5,0.8333333333333334,-0.33333333333333337,0.0,0.0,0.0,0.0,0.0,0.0,0.0,0.0,0.0,0.0,0.0,0.0,0.4980879541108987,0.5079365079365079,-0.00984855382560923,0.5030243902439024,0.48130841121495327,0.021715979028949173,0.4980879541108987,0.5079365079365079,-0.00984855382560923,0.0,0.0,0.0
645499,2026-05-08 20:20:00,FURIA,100 Thieves,0,35,54,-19.0,0.2857142857142857,0.48148148148148145,-0.19576719576719576,0.0,0.0,0.0,0.0,0.0,0.0,0.0,0.0,0.0,0.0,0.0,0.0,0.4981981981981982,0.5015479876160991,-0.0033497894179008725,0.5084860828241684,0.5011608623548922,0.007325220469276195,0.4981981981981982,0.5015479876160991,-0.0033497894179008725,0.0,0.0,0.0
666494,2026-05-09 04:00:00,Rex Regum Qeon,DetonatioN FocusMe,1,53,39,14.0,0.49056603773584906,0.3076923076923077,0.18287373004354135,0.0,0.0,0.0,0.0,0.0,0.0,0.0,0.0,0.0,0.0,0.0,0.0,0.49928774928774927,0.5019157088122606,-0.002627959524511281,0.5010180337405469,0.5002205558006175,0.0007974779399293475,0.49928774928774927,0.5019157088122606,-0.002627959524511281,0.0,0.0,0.0
659487,2026-05-09 05:00:00,Xi Lai Gaming,Dragon Ranger Gaming,1,25,42,-17.0,0.64,0.4523809523809524,0.18761904761904763,0.0,0.0,0.0,0.0,0.0,0.0,0.0,0.0,0.0,0.0,0.0,0.0,0.5,0.5,0.0,0.5,0.5,0.0,0.5,0.5,0.0,0.0,0.0,0.0
660387,2026-05-09 11:00:00,Team Heretics,BBL Esports,1,79,46,33.0,0.6835443037974683,0.5,0.18354430379746833,0.0,0.0,0.0,0.0,0.0,0.0,0.0,0.0,0.0,0.0,0.0,0.0,0.4996487530734106,0.5026167471819646,-0.002967994108553973,0.4997070198054612,0.49866537248240717,0.0010416473230540069,0.4996487530734106,0.5026167471819646,-0.002967994108553973,0.0,0.0,0.0
660388,2026-05-09 13:30:00,Team Liquid,Gentle Mates,0,68,40,28.0,0.5735294117647058,0.35,0.22352941176470587,0.0,0.0,0.0,0.0,0.0,0.0,0.0,0.0,0.0,0.0,0.0,0.0,0.49794238683127573,0.5031545741324921,-0.005212187301216364,0.5031799476243921,0.494949494949495,0.008230452674897137,0.49794238683127573,0.5031545741324921,-0.005212187301216364,0.0,0.0,0.0
645500,2026-05-09 17:00:00,G2 Esports,Cloud9,1,87,45,42.0,0.6781609195402298,0.4666666666666667,0.21149425287356316,0.0,0.0,0.0,0.0,0.0,0.0,0.0,0.0,0.0,0.0,0.0,0.0,0.49912049252418644,0.4976958525345622,0.0014246399896242212,0.500092131932928,0.49916607100309746,0.0009260609298305522,0.49912049252418644,0.4976958525345622,0.0014246399896242212,0.0,0.0,0.0
645501,2026-05-09 19:10:00,ENVY,MIBR,1,9,52,-43.0,0.4444444444444444,0.40384615384615385,0.040598290598290565,0.0,0.0,0.0,0.0,0.0,0.0,0.0,0.0,0.0,0.0,0.0,0.0,0.5101626016260162,0.4989609310058188,0.011201670620197446,0.5115089514066496,0.5007552870090635,0.010753664397586182,0.5101626016260162,0.4989609310058188,0.011201670620197446,0.0,0.0,0.0
666496,2026-05-10 04:00:00,T1,Rex Regum Qeon,1,68,54,14.0,0.5147058823529411,0.5,0.014705882352941124,0.0,0.0,0.0,0.0,0.0,0.0,0.0,0.0,0.0,0.0,0.0,0.0,0.500124750499002,0.4991725768321513,0.0009521736668506309,0.5003120124804992,0.5013754162443897,-0.0010634037638905802,0.500124750499002,0.4991725768321513,0.0009521736668506309,0.0,0.0,0.0
659481,2026-05-10 05:00:00,EDward Gaming,Xi Lai Gaming,0,68,26,42.0,0.6617647058823529,0.6538461538461539,0.007918552036199067,0.0,0.0,0.0,0.0,0.0,0.0,0.0,0.0,0.0,0.0,0.0,0.0,0.5,0.5,0.0,0.5,0.5,0.0,0.5,0.5,0.0,0.0,0.0,0.0
660390,2026-05-10 14:35:00,Eternal Fire,Gentle Mates,1,7,41,-34.0,0.7142857142857143,0.36585365853658536,0.34843205574912894,0.0,0.0,0.0,0.0,0.0,0.0,0.0,0.0,0.0,0.0,0.0,0.0,0.5104166666666666,0.50390625,0.00651041666666663,0.47257383966244726,0.49480968858131485,-0.022235848918867596,0.5104166666666666,0.50390625,0.00651041666666663,0.0,0.0,0.0
645502,2026-05-10 17:00:00,LOUD,LEVIATÁN,1,44,55,-11.0,0.3409090909090909,0.6545454545454545,-0.31363636363636366,0.0,0.0,0.0,0.0,0.0,0.0,0.0,0.0,0.0,0.0,0.0,0.0,0.49932614555256066,0.49944885361552027,-0.0001227080629596089,0.5002891844997108,0.5001332622601279,0.0001559222395829396,0.49932614555256066,0.49944885361552027,-0.0001227080629596089,0.0,0.0,0.0
645503,2026-05-10 20:10:00,Sentinels,NRG,0,70,61,9.0,0.5714285714285714,0.5573770491803278,0.014051522248243575,0.0,0.0,0.0,0.0,0.0,0.0,0.0,0.0,0.0,0.0,0.0,0.0,0.5000998003992015,0.5014734774066798,-0.0013736770074782578,0.4992769817273564,0.5,-0.0007230182726435941,0.5000998003992015,0.5014734774066798,-0.0013736770074782578,0.0,0.0,0.0
660369,2026-05-14 17:00:00,FURIA,LEVIATÁN,0,36,56,-20.0,0.2777777777777778,0.6428571428571429,-0.3650793650793651,0.0,0.0,0.0,0.0,0.0,0.0,0.0,0.0,0.0,0.0,0.0,0.0,0.49601063829787234,0.5003293807641633,-0.004318742466290992,0.5090060040026685,0.4994026284348865,0.009603375567782013,0.49601063829787234,0.5003293807641633,-0.004318742466290992,0.0,0.0,0.0
660370,2026-05-14 19:55:00,G2 Esports,100 Thieves,1,88,55,33.0,0.6818181818181818,0.4909090909090909,0.19090909090909086,0.0,0.0,0.0,0.0,0.0,0.0,0.0,0.0,0.0,0.0,0.0,0.0,0.49912663755458514,0.5021828454031844,-0.003056207848599224,0.5000914745700695,0.5009907529722589,-0.0008992784021893963,0.49912663755458514,0.5021828454031844,-0.003056207848599224,0.0,0.0,0.0
666492,2026-05-15 06:00:00,Global Esports,FULL SENSE,1,39,12,27.0,0.358974358974359,0.5,-0.14102564102564102,0.0,0.0,0.0,0.0,0.0,0.0,0.0,0.0,0.0,0.0,0.0,0.0,0.5015547263681592,0.49166666666666664,0.00988805970149259,0.5022182786157942,0.5008695652173913,0.0013487133984028121,0.5015547263681592,0.49166666666666664,0.00988805970149259,0.0,0.0,0.0
666498,2026-05-15 08:20:00,T1,Paper Rex,0,69,93,-24.0,0.5217391304347826,0.6989247311827957,-0.17718560074801315,0.0,0.0,0.0,0.0,0.0,0.0,0.0,0.0,0.0,0.0,0.0,0.0,0.5009935419771485,0.5003080714725816,0.0006854705045669096,0.5001554243083618,0.501419302514193,-0.0012638782058311815,0.5009935419771485,0.5003080714725816,0.0006854705045669096,0.0,0.0,0.0
660385,2026-05-15 11:00:00,FUT Esports,Team Vitality,0,55,56,-1.0,0.509090909090909,0.48214285714285715,0.026948051948051888,0.0,0.0,0.0,0.0,0.0,0.0,0.0,0.0,0.0,0.0,0.0,0.0,0.4979404309252218,0.5002834467120182,-0.0023430157867964096,0.5034965034965035,0.49961568024596464,0.0038808232505389006,0.4979404309252218,0.5002834467120182,-0.0023430157867964096,0.0,0.0,0.0
660391,2026-05-15 14:45:00,Team Heretics,Eternal Fire,1,81,8,73.0,0.691358024691358,0.75,-0.058641975308642014,0.0,0.0,0.0,0.0,0.0,0.0,0.0,0.0,0.0,0.0,0.0,0.0,0.5000871687587168,0.5089285714285714,-0.008841402669854559,0.49970933612370655,0.4758364312267658,0.023872904896940772,0.5000871687587168,0.5089285714285714,-0.008841402669854559,0.0,0.0,0.0
660371,2026-05-15 17:00:00,MIBR,LEVIATÁN,0,53,57,-4.0,0.39622641509433965,0.6491228070175439,-0.25289639192320423,0.0,0.0,0.0,0.0,0.0,0.0,0.0,0.0,0.0,0.0,0.0,0.0,0.49897119341563784,0.5009842519685039,-0.0020130585528660982,0.5007530120481928,0.4996026490066225,0.0011503630415702903,0.49897119341563784,0.5009842519685039,-0.0020130585528660982,0.0,0.0,0.0
666499,2026-05-16 06:00:00,Global Esports,Paper Rex,0,40,94,-54.0,0.375,0.7021276595744681,-0.3271276595744681,0.0,0.0,0.0,0.0,0.0,0.0,0.0,0.0,0.0,0.0,0.0,0.0,0.5014568764568764,0.5003840245775729,0.0010728518793035047,0.5020559210526315,0.5016171417020416,0.0004387793505898907,0.5014568764568764,0.5003840245775729,0.0010728518793035047,0.0,0.0,0.0
660392,2026-05-16 12:00:00,FUT Esports,Team Heretics,0,56,82,-26.0,0.5,0.6951219512195121,-0.19512195121951215,0.0,0.0,0.0,0.0,0.0,0.0,0.0,0.0,0.0,0.0,0.0,0.0,0.4973219911783239,0.5001737921445951,-0.002851800966271245,0.5043344249662878,0.4998262883613202,0.004508136604967572,0.4973219911783239,0.5001737921445951,-0.002851800966271245,0.0,0.0,0.0
660375,2026-05-16 17:00:00,FURIA,NRG,1,37,62,-25.0,0.2702702702702703,0.5645161290322581,-0.29424585876198783,0.0,0.0,0.0,0.0,0.0,0.0,0.0,0.0,0.0,0.0,0.0,0.0,0.49345549738219896,0.50048828125,-0.00703278386780104,0.5079155672823219,0.50155504872486,0.006360518557461892,0.49345549738219896,0.50048828125,-0.00703278386780104,0.0,0.0,0.0
660376,2026-05-16 19:15:00,100 Thieves,LOUD,1,56,45,11.0,0.48214285714285715,0.35555555555555557,0.12658730158730158,0.0,0.0,0.0,0.0,0.0,0.0,0.0,0.0,0.0,0.0,0.0,0.0,0.5021497218007082,0.49754901960784315,0.004600702192865014,0.5009784735812133,0.5018640665328362,-0.0008855929516229377,0.5021497218007082,0.49754901960784315,0.004600702192865014,0.0,0.0,0.0
666493,2026-05-17 06:00:00,FULL SENSE,Paper Rex,0,13,95,-82.0,0.46153846153846156,0.7052631578947368,-0.24372469635627525,0.0,0.0,0.0,0.0,0.0,0.0,0.0,0.0,0.0,0.0,0.0,0.0,0.4933712121212121,0.5003819126183929,-0.007010700497180833,0.50066401062417,0.5016093341380004,-0.0009453235138303651,0.4933712121212121,0.5003819126183929,-0.007010700497180833,0.0,0.0,0.0
660386,2026-05-17 12:00:00,Team Vitality,Team Heretics,0,57,83,-26.0,0.49122807017543857,0.6987951807228916,-0.20756711054745303,0.0,0.0,0.0,0.0,0.0,0.0,0.0,0.0,0.0,0.0,0.0,0.0,0.5008460236886633,0.5001723543605653,0.0006736693280979811,0.4987611968744044,0.49982748706152963,-0.0010662901871252295,0.5008460236886633,0.5001723543605653,0.0006736693280979811,0.0,0.0,0.0
660378,2026-05-17 19:10:00,MIBR,100 Thieves,0,54,57,-3.0,0.3888888888888889,0.49122807017543857,-0.10233918128654967,0.0,0.0,0.0,0.0,0.0,0.0,0.0,0.0,0.0,0.0,0.0,0.0,0.4985702614379085,0.5021367521367521,-0.0035664906988436273,0.5012475049900199,0.5009749756256093,0.0002725293644105786,0.4985702614379085,0.5021367521367521,-0.0035664906988436273,0.0,0.0,0.0
660373,2026-05-22 17:00:00,LEVIATÁN,G2 Esports,1,58,90,-32.0,0.6551724137931034,0.6888888888888889,-0.03371647509578546,0.0,0.0,0.0,0.0,0.0,0.0,0.0,0.0,0.0,0.0,0.0,0.0,0.50119825708061,0.499137187230371,0.0020610698502390723,0.4993398468444679,0.5000905141202028,-0.000750667275734862,0.50119825708061,0.499137187230371,0.0020610698502390723,0.0,0.0,0.0
660379,2026-05-22 20:05:00,NRG,100 Thieves,1,64,58,6.0,0.5625,0.5,0.0625,0.0,0.0,0.0,0.0,0.0,0.0,0.0,0.0,0.0,0.0,0.0,0.0,0.5004770992366412,0.5021239380309845,-0.0016468387943433527,0.5015253203172666,0.5009686793671295,0.0005566409501370773,0.5004770992366412,0.5021239380309845,-0.0016468387943433527,0.0,0.0,0.0
660380,2026-05-23 17:00:00,G2 Esports,NRG,1,91,65,26.0,0.6813186813186813,0.5692307692307692,0.11208791208791213,0.0,0.0,0.0,0.0,0.0,0.0,0.0,0.0,0.0,0.0,0.0,0.0,0.49899598393574296,0.5004545454545455,-0.0014585615188025258,0.4998193641618497,0.501459996106677,-0.001640631944827331,0.49899598393574296,0.5004545454545455,-0.0014585615188025258,0.0,0.0,0.0
660374,2026-05-24 17:00:00,LEVIATÁN,G2 Esports,0,59,92,-33.0,0.6610169491525424,0.6847826086956522,-0.02376565954310983,0.0,0.0,0.0,0.0,0.0,0.0,0.0,0.0,0.0,0.0,0.0,0.0,0.5014105902777778,0.49921451013996,0.002196080137817802,0.49973677283495654,0.4997301672962763,6.605538680259926e-06,0.5014105902777778,0.49921451013996,0.002196080137817802,0.0,0.0,0.0
684613,2026-06-06 10:00:00,Xi Lai Gaming,NRG,0,27,66,-39.0,0.6666666666666666,0.5606060606060606,0.10606060606060608,0.0,0.0,0.0,0.0,0.0,0.0,0.0,0.0,0.0,0.0,0.0,0.0,0.5,0.5,0.0,0.5,0.5016399768473857,-0.0016399768473857046,0.5,0.5,0.0,0.0,0.0,0.0
684610,2026-06-06 12:30:00,Team Vitality,Dragon Ranger Gaming,1,58,43,15.0,0.4827586206896552,0.4418604651162791,0.040898155573376116,0.0,0.0,0.0,0.0,0.0,0.0,0.0,0.0,0.0,0.0,0.0,0.0,0.5008389261744967,0.5,0.000838926174496657,0.4990583804143126,0.5,-0.0009416195856873921,0.5008389261744967,0.5,0.000838926174496657,0.0,0.0,0.0
684611,2026-06-07 10:00:00,FULL SENSE,FUT Esports,0,14,57,-43.0,0.42857142857142855,0.49122807017543857,-0.06265664160401002,0.0,0.0,0.0,0.0,0.0,0.0,0.0,0.0,0.0,0.0,0.0,0.0,0.49379432624113473,0.4973618870266915,-0.003567560785556756,0.5006119951040392,0.5042848981146448,-0.0036729030106056326,0.49379432624113473,0.4973618870266915,-0.003567560785556756,0.0,0.0,0.0
684612,2026-06-07 12:00:00,LEVIATÁN,Global Esports,1,60,41,19.0,0.65,0.36585365853658536,0.28414634146341466,0.0,0.0,0.0,0.0,0.0,0.0,0.0,0.0,0.0,0.0,0.0,0.0,0.5012936610608021,0.5014269406392694,-0.00013327957846731575,0.49980410082277654,0.5020161290322581,-0.0022120282094815757,0.5012936610608021,0.5014269406392694,-0.00013327957846731575,0.0,0.0,0.0
684614,2026-06-08 10:00:00,Team Vitality,FUT Esports,1,59,58,1.0,0.4915254237288136,0.5,-0.008474576271186418,0.0,0.0,0.0,0.0,0.0,0.0,0.0,0.0,0.0,0.0,0.0,0.0,0.5008333333333334,0.4973813924830561,0.0034519408502772797,0.49906191369606,0.5042654028436019,-0.005203489147541873,0.5008333333333334,0.4973813924830561,0.0034519408502772797,0.0,0.0,0.0
684615,2026-06-08 13:15:00,NRG,LEVIATÁN,0,67,61,6.0,0.5671641791044776,0.6557377049180327,-0.08857352581355515,0.0,0.0,0.0,0.0,0.0,0.0,0.0,0.0,0.0,0.0,0.0,0.0,0.5,0.5007517182130584,-0.0007517182130584166,0.5016193560678225,0.5002602811035919,0.0013590749642306,0.5,0.5007517182130584,-0.0007517182130584166,0.0,0.0,0.0
684616,2026-06-09 10:00:00,Dragon Ranger Gaming,Xi Lai Gaming,0,44,28,16.0,0.4318181818181818,0.6428571428571429,-0.21103896103896108,0.0,0.0,0.0,0.0,0.0,0.0,0.0,0.0,0.0,0.0,0.0,0.0,0.5,0.5,0.0,0.5,0.5,0.0,0.5,0.5,0.0,0.0,0.0,0.0
684617,2026-06-09 13:20:00,Global Esports,FULL SENSE,1,42,15,27.0,0.35714285714285715,0.4,-0.04285714285714287,0.0,0.0,0.0,0.0,0.0,0.0,0.0,0.0,0.0,0.0,0.0,0.0,0.5028248587570622,0.49404761904761907,0.008777239709443108,0.5005983246908656,0.5005945303210464,3.7943698192322017e-06,0.5028248587570622,0.49404761904761907,0.008777239709443108,0.0,0.0,0.0
684619,2026-06-10 10:00:00,FUT Esports,NRG,1,59,68,-9.0,0.4915254237288136,0.5588235294117647,-0.06729810568295114,0.0,0.0,0.0,0.0,0.0,0.0,0.0,0.0,0.0,0.0,0.0,0.0,0.49754901960784315,0.5,-0.002450980392156854,0.5044314538940222,0.5013277693474962,0.0031036845465259866,0.49754901960784315,0.5,-0.002450980392156854,0.0,0.0,0.0
684618,2026-06-10 13:40:00,Global Esports,Xi Lai Gaming,0,43,29,14.0,0.37209302325581395,0.6551724137931034,-0.2830793905372895,0.0,0.0,0.0,0.0,0.0,0.0,0.0,0.0,0.0,0.0,0.0,0.0,0.5039149888143176,0.5,0.0039149888143176215,0.5001972386587771,0.49953517198636505,0.0006620666724120317,0.5039149888143176,0.5,0.0039149888143176215,0.0,0.0,0.0
670466,2026-06-12 10:00:00,Paper Rex,LEVIATÁN,1,96,62,34.0,0.7083333333333334,0.6612903225806451,0.04704301075268824,0.0,0.0,0.0,0.0,0.0,0.0,0.0,0.0,0.0,0.0,0.0,0.0,0.5003798237617746,0.5007488232777064,-0.0003689995159318338,0.5015990405756546,0.5004541326067211,0.0011449079689335173,0.5003798237617746,0.5007488232777064,-0.0003689995159318338,0.0,0.0,0.0
670467,2026-06-12 12:00:00,Team Heretics,Team Vitality,0,84,60,24.0,0.7023809523809523,0.5,0.20238095238095233,0.0,0.0,0.0,0.0,0.0,0.0,0.0,0.0,0.0,0.0,0.0,0.0,0.5001714677640604,0.5006909894969597,-0.0005195217328992641,0.49965745604019185,0.4988801791713326,0.0007772768688592557,0.5001714677640604,0.5006909894969597,-0.0005195217328992641,0.0,0.0,0.0
670465,2026-06-13 10:00:00,EDward Gaming,FUT Esports,1,69,60,9.0,0.6521739130434783,0.5,0.15217391304347827,0.0,0.0,0.0,0.0,0.0,0.0,0.0,0.0,0.0,0.0,0.0,0.0,0.5,0.49786715417428395,0.0021328458257160454,0.5,0.5042126942520128,-0.004212694252012761,0.5,0.49786715417428395,0.0021328458257160454,0.0,0.0,0.0
670464,2026-06-13 13:00:00,G2 Esports,Xi Lai Gaming,0,93,30,63.0,0.6881720430107527,0.6666666666666666,0.021505376344086113,0.0,0.0,0.0,0.0,0.0,0.0,0.0,0.0,0.0,0.0,0.0,0.0,0.4992889647326507,0.5004432624113475,-0.0011542976786967918,0.4996868569383556,0.49953973611537283,0.0001471208229827381,0.4992889647326507,0.5004432624113475,-0.0011542976786967918,0.0,0.0,0.0
670473,2026-06-14 10:00:00,LEVIATÁN,Team Heretics,1,63,85,-22.0,0.6507936507936508,0.6941176470588235,-0.04332399626517269,0.0,0.0,0.0,0.0,0.0,0.0,0.0,0.0,0.0,0.0,0.0,0.0,0.5007282563462339,0.5001707650273224,0.0005574913189114739,0.5004446703087282,0.4996586253982704,0.000786044910457806,0.5007282563462339,0.5001707650273224,0.0005574913189114739,0.0,0.0,0.0
670472,2026-06-14 13:00:00,G2 Esports,FUT Esports,0,94,61,33.0,0.6808510638297872,0.4918032786885246,0.18904778514126264,0.0,0.0,0.0,0.0,0.0,0.0,0.0,0.0,0.0,0.0,0.0,0.0,0.4991489361702128,0.49833333333333335,0.0008156028368794255,0.49955357142857143,0.5035408125232949,-0.003987241094723426,0.4991489361702128,0.49833333333333335,0.0008156028368794255,0.0,0.0,0.0
670468,2026-06-15 10:00:00,Xi Lai Gaming,EDward Gaming,0,31,70,-39.0,0.6774193548387096,0.6571428571428571,0.02027649769585249,0.0,0.0,0.0,0.0,0.0,0.0,0.0,0.0,0.0,0.0,0.0,0.0,0.5008795074758136,0.49976873265494914,0.001110774820864413,0.5,0.5003496852832451,-0.0003496852832450825,0.5008795074758136,0.49976873265494914,0.001110774820864413,0.0,0.0,0.0
670469,2026-06-15 13:15:00,Paper Rex,Team Vitality,1,97,61,36.0,0.711340206185567,0.5081967213114754,0.20314348487409162,0.0,0.0,0.0,0.0,0.0,0.0,0.0,0.0,0.0,0.0,0.0,0.0,0.5003723562704796,0.5006864360241625,-0.0003140797536829165,0.5015732546705998,0.49888641425389757,0.0026868404167021964,0.5003723562704796,0.5006864360241625,-0.0003140797536829165,0.0,0.0,0.0
670475,2026-06-16 10:00:00,Xi Lai Gaming,LEVIATÁN,0,32,64,-32.0,0.65625,0.65625,0.0,0.0,0.0,0.0,0.0,0.0,0.0,0.0,0.0,0.0,0.0,0.0,0.0,0.49956369982547993,0.5011401326699834,-0.0015764328445034281,0.5003022974607013,0.5008867494299468,-0.000584451969245503,0.49956369982547993,0.5011401326699834,-0.0015764328445034281,0.0,0.0,0.0
670474,2026-06-16 12:05:00,Team Vitality,FUT Esports,1,62,62,0.0,0.5,0.5,0.0,0.0,0.0,0.0,0.0,0.0,0.0,0.0,0.0,0.0,0.0,0.0,0.0,0.5002732240437159,0.4983453670276775,0.0019278570160383701,0.498520162782094,0.5035107169253511,-0.004990554143257109,0.5002732240437159,0.4983453670276775,0.0019278570160383701,0.0,0.0,0.0
670470,2026-06-19 09:00:00,EDward Gaming,Paper Rex,0,71,98,-27.0,0.6619718309859155,0.7142857142857143,-0.0523138832997988,0.0,0.0,0.0,0.0,0.0,0.0,0.0,0.0,0.0,0.0,0.0,0.0,0.5002306273062731,0.5005941770647653,-0.0003635497584921765,0.5002491280518186,0.5017667844522968,-0.0015176564004781845,0.5002306273062731,0.5005941770647653,-0.0003635497584921765,0.0,0.0,0.0
670476,2026-06-19 12:35:00,Team Vitality,LEVIATÁN,0,63,65,-2.0,0.5079365079365079,0.6615384615384615,-0.1536019536019536,0.0,0.0,0.0,0.0,0.0,0.0,0.0,0.0,0.0,0.0,0.0,0.0,0.500268817204301,0.5011344884488449,-0.0008656712445438419,0.4985412107950401,0.5008840616317252,-0.002342850836685062,0.500268817204301,0.5011344884488449,-0.0008656712445438419,0.0,0.0,0.0
670477,2026-06-20 09:00:00,EDward Gaming,LEVIATÁN,0,72,66,6.0,0.6527777777777778,0.6666666666666666,-0.01388888888888884,0.0,0.0,0.0,0.0,0.0,0.0,0.0,0.0,0.0,0.0,0.0,0.0,0.500229990800368,0.5011288998357963,-0.0008989090354283302,0.499900714853058,0.5008818342151675,-0.0009811193621095393,0.500229990800368,0.5011288998357963,-0.0008989090354283302,0.0,0.0,0.0
670471,2026-06-21 10:20:00,Paper Rex,LEVIATÁN,0,99,67,32.0,0.7171717171717171,0.6716417910447762,0.045529926126940956,0.0,0.0,0.0,0.0,0.0,0.0,0.0,0.0,0.0,0.0,0.0,0.0,0.5005925925925926,0.501120619396903,-0.0005280268043104108,0.5021026894865526,0.500875656742557,0.0012270327439956041,0.5005925925925926,0.501120619396903,-0.0005280268043104108,0.0,0.0,0.0
698885,2026-07-16 07:05:00,Team Secret,VARREL,0,37,8,29.0,0.3783783783783784,0.0,0.3783783783783784,0.0,0.0,0.0,0.0,0.0,0.0,0.0,0.0,0.0,0.0,0.0,0.0,0.4987708947885939,0.44642857142857145,0.052342323360022425,0.5009596928982726,0.5245901639344263,-0.023630471036153677,0.4987708947885939,0.44642857142857145,0.052342323360022425,0.0,0.0,0.0
712806,2026-07-16 13:35:00,PCIFIC Esports,Gentle Mates,0,8,42,-34.0,0.0,0.35714285714285715,-0.35714285714285715,0.0,0.0,0.0,0.0,0.0,0.0,0.0,0.0,0.0,0.0,0.0,0.0,0.46726190476190477,0.503858024691358,-0.03659611992945322,0.5078740157480315,0.4948665297741273,0.013007485973904165,0.46726190476190477,0.503858024691358,-0.03659611992945322,0.0,0.0,0.0
706349,2026-07-16 17:00:00,LEVIATÁN,FURIA,1,68,38,30.0,0.6764705882352942,0.2894736842105263,0.38699690402476783,0.0,0.0,0.0,0.0,0.0,0.0,0.0,0.0,0.0,0.0,0.0,0.0,0.5013163223977318,0.4937185929648241,0.007597729432907707,0.5009336486991162,0.5075853350189633,-0.006651686319847139,0.5013163223977318,0.4937185929648241,0.007597729432907707,0.0,0.0,0.0
706350,2026-07-16 20:20:00,Sentinels,Cloud9,1,71,46,25.0,0.5633802816901409,0.45652173913043476,0.10685854255970612,0.0,0.0,0.0,0.0,0.0,0.0,0.0,0.0,0.0,0.0,0.0,0.0,0.5006961018297533,0.497737556561086,0.0029585452686673452,0.49829887464014655,0.4991812865497076,-0.000882411909561065,0.5006961018297533,0.497737556561086,0.0029585452686673452,0.0,0.0,0.0
698886,2026-07-17 04:00:00,FULL SENSE,Nongshim RedForce,1,16,33,-17.0,0.375,0.5757575757575758,-0.2007575757575758,0.0,0.0,0.0,0.0,0.0,0.0,0.0,0.0,0.0,0.0,0.0,0.0,0.4909240924092409,0.504708097928437,-0.013784005519196063,0.5017261219792866,0.49482968369829683,0.006896438280989736,0.4909240924092409,0.504708097928437,-0.013784005519196063,0.0,0.0,0.0
712808,2026-07-17 13:25:00,Team Vitality,Natus Vincere,1,64,46,18.0,0.5,0.41304347826086957,0.08695652173913043,0.0,0.0,0.0,0.0,0.0,0.0,0.0,0.0,0.0,0.0,0.0,0.0,0.500267094017094,0.5008090614886731,-0.0005419674715790856,0.498546511627907,0.4991068238656663,-0.0005603122377593195,0.500267094017094,0.5008090614886731,-0.0005419674715790856,0.0,0.0,0.0
698889,2026-07-18 06:35:00,Paper Rex,T1,0,100,70,30.0,0.71,0.5142857142857142,0.19571428571428573,0.0,0.0,0.0,0.0,0.0,0.0,0.0,0.0,0.0,0.0,0.0,0.0,0.5004424778761062,0.5008654797230465,-0.0004230018469403296,0.502045985970382,0.499845297029703,0.0022006889406789854,0.5004424778761062,0.5008654797230465,-0.0004230018469403296,0.0,0.0,0.0
706353,2026-07-18 17:00:00,G2 Esports,100 Thieves,0,95,59,36.0,0.6736842105263158,0.4915254237288136,0.1821587867975022,0.0,0.0,0.0,0.0,0.0,0.0,0.0,0.0,0.0,0.0,0.0,0.0,0.4991518235793045,0.5020442520442521,-0.002892428464947583,0.49955539747465766,0.5009354536950421,-0.0013800562203844513,0.4991518235793045,0.5020442520442521,-0.002892428464947583,0.0,0.0,0.0
706354,2026-07-18 20:30:00,NRG,MIBR,1,69,55,14.0,0.5507246376811594,0.38181818181818183,0.1689064558629776,0.0,0.0,0.0,0.0,0.0,0.0,0.0,0.0,0.0,0.0,0.0,0.0,0.4997070884592853,0.498584142394822,0.0011229460644632816,0.5015065913370998,0.5012351778656127,0.00027141347148718076,0.4997070884592853,0.498584142394822,0.0011229460644632816,0.0,0.0,0.0
698890,2026-07-19 04:00:00,Nongshim RedForce,Gen.G,0,34,73,-39.0,0.5588235294117647,0.6986301369863014,-0.13980660757453667,0.0,0.0,0.0,0.0,0.0,0.0,0.0,0.0,0.0,0.0,0.0,0.0,0.5049019607843137,0.5004557291666667,0.004446231617647012,0.4950196196800483,0.4994627655178114,-0.004443145837763063,0.5049019607843137,0.5004557291666667,0.004446231617647012,0.0,0.0,0.0
712814,2026-07-22 11:00:00,FUT Esports,PCIFIC Esports,1,63,9,54.0,0.49206349206349204,0.0,0.49206349206349204,0.0,0.0,0.0,0.0,0.0,0.0,0.0,0.0,0.0,0.0,0.0,0.0,0.4983747044917258,0.4650537634408602,0.03332094105086558,0.5034608378870674,0.4981549815498155,0.005305856337251891,0.4983747044917258,0.4650537634408602,0.03332094105086558,0.0,0.0,0.0
712818,2026-07-24 11:00:00,FUT Esports,BBL Esports,1,64,47,17.0,0.5,0.48936170212765956,0.010638297872340441,0.0,0.0,0.0,0.0,0.0,0.0,0.0,0.0,0.0,0.0,0.0,0.0,0.4998530276308054,0.5025917065390749,-0.0027386789082695095,0.5028094979155338,0.4986775667227699,0.004131931192763838,0.4998530276308054,0.5025917065390749,-0.0027386789082695095,0.0,0.0,0.0
698897,2026-07-25 04:00:00,Nongshim RedForce,Global Esports,1,35,44,-9.0,0.5428571428571428,0.36363636363636365,0.17922077922077917,0.0,0.0,0.0,0.0,0.0,0.0,0.0,0.0,0.0,0.0,0.0,0.0,0.5046296296296297,0.5033222591362126,0.0013073704934170038,0.4946075494307969,0.5001947798987144,-0.005587230467917537,0.5046296296296297,0.5033222591362126,0.0013073704934170038,0.0,0.0,0.0
698901,2026-07-26 05:50:00,Gen.G,Rex Regum Qeon,1,74,55,19.0,0.7027027027027027,0.4909090909090909,0.21179361179361184,0.0,0.0,0.0,0.0,0.0,0.0,0.0,0.0,0.0,0.0,0.0,0.0,0.5005196154845415,0.4983521657250471,0.0021674497594943998,0.49958759485318377,0.501514932910114,-0.0019273380569301835,0.5005196154845415,0.4983521657250471,0.0021674497594943998,0.0,0.0,0.0
712822,2026-07-26 11:00:00,BBL Esports,Natus Vincere,1,48,47,1.0,0.4791666666666667,0.40425531914893614,0.07491134751773054,0.0,0.0,0.0,0.0,0.0,0.0,0.0,0.0,0.0,0.0,0.0,0.0,0.5015835312747426,0.500534188034188,0.0010493432405546121,0.49964174826845,0.4982307147912243,0.0014110334772256539,0.5015835312747426,0.500534188034188,0.0010493432405546121,0.0,0.0,0.0
712825,2026-07-29 13:15:00,Gentle Mates,Team Vitality,0,43,65,-22.0,0.37209302325581395,0.5076923076923077,-0.13559928443649372,0.0,0.0,0.0,0.0,0.0,0.0,0.0,0.0,0.0,0.0,0.0,0.0,0.5043323139653415,0.5003987240829346,0.003933589882406885,0.4957468526709765,0.4990056047730971,-0.0032587521021205657,0.5043323139653415,0.5003987240829346,0.003933589882406885,0.0,0.0,0.0
698902,2026-07-30 04:00:00,VARREL,DetonatioN FocusMe,0,9,41,-32.0,0.1111111111111111,0.2926829268292683,-0.18157181571815717,0.0,0.0,0.0,0.0,0.0,0.0,0.0,0.0,0.0,0.0,0.0,0.0,0.4596774193548387,0.5024968789013733,-0.0428194595465346,0.5209580838323353,0.49634408602150537,0.024613997810829957,0.4596774193548387,0.5024968789013733,-0.0428194595465346,0.0,0.0,0.0
698903,2026-07-30 07:15:00,FULL SENSE,ZETA DIVISION,0,17,36,-19.0,0.4117647058823529,0.3055555555555556,0.10620915032679734,0.0,0.0,0.0,0.0,0.0,0.0,0.0,0.0,0.0,0.0,0.0,0.0,0.49038461538461536,0.5006435006435006,-0.010258885258885242,0.5011185682326622,0.49659555152065366,0.004523016712008554,0.49038461538461536,0.5006435006435006,-0.010258885258885242,0.0,0.0,0.0
706365,2026-07-30 19:20:00,100 Thieves,Sentinels,1,60,72,-12.0,0.5,0.5694444444444444,-0.06944444444444442,0.0,0.0,0.0,0.0,0.0,0.0,0.0,0.0,0.0,0.0,0.0,0.0,0.5028735632183908,0.5006936187078874,0.0021799445105034065,0.500620347394541,0.49889279666536407,0.0017275507291769077,0.5028735632183908,0.5006936187078874,0.0021799445105034065,0.0,0.0,0.0
698905,2026-07-31 06:10:00,Global Esports,Gen.G,0,45,75,-30.0,0.35555555555555557,0.7066666666666667,-0.3511111111111111,0.0,0.0,0.0,0.0,0.0,0.0,0.0,0.0,0.0,0.0,0.0,0.0,0.5021929824561403,0.5006480041472265,0.001544978308913758,0.5007722007722007,0.49958847736625517,0.0011837234059455803,0.5021929824561403,0.5006480041472265,0.001544978308913758,0.0,0.0,0.0
712828,2026-07-31 11:00:00,BBL Esports,Gentle Mates,1,49,44,5.0,0.4897959183673469,0.36363636363636365,0.12615955473098328,0.0,0.0,0.0,0.0,0.0,0.0,0.0,0.0,0.0,0.0,0.0,0.0,0.5031446540880503,0.5022727272727273,0.0008719268153229986,0.4991692380726323,0.49714285714285716,0.00202638092977514,0.5031446540880503,0.5022727272727273,0.0008719268153229986,0.0,0.0,0.0
706366,2026-07-31 17:00:00,Cloud9,LOUD,0,47,47,0.0,0.44680851063829785,0.3617021276595745,0.08510638297872336,0.0,0.0,0.0,0.0,0.0,0.0,0.0,0.0,0.0,0.0,0.0,0.0,0.49775280898876406,0.49868766404199477,-0.0009348550532307098,0.4981438515081206,0.501552356759808,-0.0034085052516873993,0.49775280898876406,0.49868766404199477,-0.0009348550532307098,0.0,0.0,0.0
698906,2026-08-01 04:00:00,T1,DetonatioN FocusMe,0,71,42,29.0,0.5211267605633803,0.30952380952380953,0.21160295103957072,0.0,0.0,0.0,0.0,0.0,0.0,0.0,0.0,0.0,0.0,0.0,0.0,0.5008616445100935,0.5009259259259259,-6.42814158323679e-05,0.5,0.4972422571064913,0.002757742893508719,0.5008616445100935,0.5009259259259259,-6.42814158323679e-05,0.0,0.0,0.0
698907,2026-08-01 07:25:00,FULL SENSE,Rex Regum Qeon,0,18,56,-38.0,0.3888888888888889,0.48214285714285715,-0.09325396825396826,0.0,0.0,0.0,0.0,0.0,0.0,0.0,0.0,0.0,0.0,0.0,0.0,0.4914330218068536,0.49812470698546646,-0.0066916851786128495,0.4983888292158969,0.5015092712376024,-0.003120442021705472,0.4914330218068536,0.49812470698546646,-0.0066916851786128495,0.0,0.0,0.0
712830,2026-08-01 11:00:00,FUT Esports,Team Vitality,0,65,66,-1.0,0.5076923076923077,0.5151515151515151,-0.007459207459207473,0.0,0.0,0.0,0.0,0.0,0.0,0.0,0.0,0.0,0.0,0.0,0.0,0.5005847953216375,0.5014550264550265,-0.0008702311333890211,0.5020739404869251,0.49829351535836175,0.0037804251285633583,0.5005847953216375,0.5014550264550265,-0.0008702311333890211,0.0,0.0,0.0
712831,2026-08-01 14:10:00,Karmine Corp,Team Liquid,1,48,69,-21.0,0.3333333333333333,0.5652173913043478,-0.23188405797101447,0.0,0.0,0.0,0.0,0.0,0.0,0.0,0.0,0.0,0.0,0.0,0.0,0.5011929107021131,0.4975146198830409,0.0036782908190722274,0.4979765708200213,0.5032618825722274,-0.00528531175220609,0.5011929107021131,0.4975146198830409,0.0036782908190722274,0.0,0.0,0.0
706368,2026-08-01 17:00:00,ENVY,FURIA,1,10,39,-29.0,0.5,0.28205128205128205,0.21794871794871795,0.0,0.0,0.0,0.0,0.0,0.0,0.0,0.0,0.0,0.0,0.0,0.0,0.5092592592592593,0.4946369636963696,0.014622295562889687,0.511166253101737,0.5068664169787765,0.0042998361229604765,0.5092592592592593,0.4946369636963696,0.014622295562889687,0.0,0.0,0.0
706369,2026-08-01 21:00:00,LEVIATÁN,NRG,0,69,70,-1.0,0.6811594202898551,0.5571428571428572,0.12401656314699794,0.0,0.0,0.0,0.0,0.0,0.0,0.0,0.0,0.0,0.0,0.0,0.0,0.5011097659402745,0.4992715617715618,0.001838204168712665,0.5010555072643735,0.5027168821435263,-0.0016613748791527438,0.5011097659402745,0.4992715617715618,0.001838204168712665,0.0,0.0,0.0
698909,2026-08-02 07:00:00,ZETA DIVISION,Nongshim RedForce,0,37,36,1.0,0.32432432432432434,0.5555555555555556,-0.23123123123123124,0.0,0.0,0.0,0.0,0.0,0.0,0.0,0.0,0.0,0.0,0.0,0.0,0.5003180661577609,0.5055096418732782,-0.005191575715517316,0.49776785714285715,0.4941981553109194,0.003569701831937777,0.5003180661577609,0.5055096418732782,-0.005191575715517316,0.0,0.0,0.0
712832,2026-08-02 11:00:00,BBL Esports,PCIFIC Esports,1,50,10,40.0,0.5,0.0,0.5,0.0,0.0,0.0,0.0,0.0,0.0,0.0,0.0,0.0,0.0,0.0,0.0,0.5040983606557377,0.44362745098039214,0.06047090967534552,0.49893892949776,0.5100671140939598,-0.011128184596199797,0.5040983606557377,0.44362745098039214,0.06047090967534552,0.0,0.0,0.0
706371,2026-08-02 19:05:00,G2 Esports,Sentinels,1,96,73,23.0,0.6666666666666666,0.5616438356164384,0.10502283105022825,0.0,0.0,0.0,0.0,0.0,0.0,0.0,0.0,0.0,0.0,0.0,0.0,0.4986604624929498,0.5000987361769352,-0.0014382736839854138,0.4997340425531915,0.4989621172807473,0.000771925272444185,0.4986604624929498,0.5000987361769352,-0.0014382736839854138,0.0,0.0,0.0
